DROP TABLE IF EXISTS "Artist";
CREATE TABLE Artist (  id integer primary key, name varchar(100), placeOfBith varchar(100), dateOfBirth date);
INSERT INTO "Artist" VALUES(1,'Beyonce','Houston, TX','1981-09-04');
INSERT INTO "Artist" VALUES(2,'Lady Gaga','Manhattan, NY','1986-03-28');
INSERT INTO "Artist" VALUES(3,'Michael Jackson','Holmby Hills, CA','1958-08-29');
INSERT INTO "Artist" VALUES(4,'Taylor Swift','Reading, PA','1989-12-13');
INSERT INTO "Artist" VALUES(5,'Madonna','Bay City, MI','1958-08-16');
DROP TABLE IF EXISTS "Album";
CREATE TABLE Album (  albumID integer primary key, artsitID, genreID,  name varchar(100),  releaseDate date, foreign key (artsitID) REFERENCES Artist(id),  foreign key (genreID)  REFERENCES Genres(id));
INSERT INTO "Album" VALUES(1,1,2,'Dangerously in Love','2003-06-20');
INSERT INTO "Album" VALUES(2,1,2,'4','2011-06-24');
INSERT INTO "Album" VALUES(3,2,1,'The Fame','2008-08-19');
INSERT INTO "Album" VALUES(4,2,3,'Artpop','2013-11-06');
INSERT INTO "Album" VALUES(5,3,2,'Thriller','1982-11-30');
INSERT INTO "Album" VALUES(6,3,1,'Bad','1987-08-31');
INSERT INTO "Album" VALUES(7,1,3,'1989','2014-10-27');
INSERT INTO "Album" VALUES(8,5,2,'True Blue','1986-06-30');
INSERT INTO "Album" VALUES(9,5,1,'Rebel Heart','2015-03-06');
DROP TABLE IF EXISTS "Track";
CREATE TABLE Track (  trackID integer primary key, albumID ,  name varchar(100), foreign key (albumID) REFERENCES Album(albumID));
INSERT INTO "Track" VALUES(1,1,'Crazy in Love');
INSERT INTO "Track" VALUES(2,1,'Baby Boy');
INSERT INTO "Track" VALUES(3,1,'Be With You');
INSERT INTO "Track" VALUES(4,2,'1+1');
INSERT INTO "Track" VALUES(5,2,'I Care');
INSERT INTO "Track" VALUES(6,2,'I Miss You');
INSERT INTO "Track" VALUES(7,2,'Best Thing I Never Had');
INSERT INTO "Track" VALUES(8,3,'Just Dance');
INSERT INTO "Track" VALUES(9,3,'Love Game');
INSERT INTO "Track" VALUES(10,4,'Aura');
INSERT INTO "Track" VALUES(11,4,'Venus');
INSERT INTO "Track" VALUES(12,5,'Thriller');
INSERT INTO "Track" VALUES(13,5,'Beat It');
INSERT INTO "Track" VALUES(14,6,'Bad');
INSERT INTO "Track" VALUES(15,6,'The Way You Make Me Feel');
INSERT INTO "Track" VALUES(16,6,'Speed Demon');
INSERT INTO "Track" VALUES(17,7,'Welcome To New York');
INSERT INTO "Track" VALUES(18,7,'Blank Space');
INSERT INTO "Track" VALUES(19,8,'White Heat');
INSERT INTO "Track" VALUES(20,8,'Papa Do not Preach');
INSERT INTO "Track" VALUES(21,8,'Open Your Heart');
INSERT INTO "Track" VALUES(22,9,'Devil Pray');
INSERT INTO "Track" VALUES(23,9,'Ghosttown');
DROP TABLE IF EXISTS "Genres";
CREATE TABLE Genres (  id integer primary key,  name varchar(20));
INSERT INTO "Genres" VALUES(1,'rock');
INSERT INTO "Genres" VALUES(2,'pop');
INSERT INTO "Genres" VALUES(3,'dance');