DROP TABLE IF EXISTS "Actor";
CREATE TABLE Actor (actor_id CHAR(7), movie_id CHAR(7), PRIMARY KEY (actor_id, movie_id), FOREIGN KEY (actor_id) REFERENCES Person(id), FOREIGN KEY (movie_id) REFERENCES Movie(id));
INSERT INTO "Actor" VALUES('0000138','0120338');
INSERT INTO "Actor" VALUES('0000701','0120338');
INSERT INTO "Actor" VALUES('0000708','0120338');
INSERT INTO "Actor" VALUES('0000870','0120338');
INSERT INTO "Actor" VALUES('0000200','0120338');
INSERT INTO "Actor" VALUES('0000434','0076759');
INSERT INTO "Actor" VALUES('0000148','0076759');
INSERT INTO "Actor" VALUES('0000402','0076759');
INSERT INTO "Actor" VALUES('0001088','0076759');
INSERT INTO "Actor" VALUES('0000027','0076759');
INSERT INTO "Actor" VALUES('0000196','0298148');
INSERT INTO "Actor" VALUES('0000552','0298148');
INSERT INTO "Actor" VALUES('0000139','0298148');
INSERT INTO "Actor" VALUES('0000267','0298148');
INSERT INTO "Actor" VALUES('0000104','0298148');
INSERT INTO "Actor" VALUES('0001794','0083866');
INSERT INTO "Actor" VALUES('0908914','0083866');
INSERT INTO "Actor" VALUES('0534085','0083866');
INSERT INTO "Actor" VALUES('0000106','0083866');
INSERT INTO "Actor" VALUES('0001075','0083866');
INSERT INTO "Actor" VALUES('0000553','0120915');
INSERT INTO "Actor" VALUES('0000191','0120915');
INSERT INTO "Actor" VALUES('0000204','0120915');
INSERT INTO "Actor" VALUES('0005157','0120915');
INSERT INTO "Actor" VALUES('0000278','0120915');
INSERT INTO "Actor" VALUES('0001497','0145487');
INSERT INTO "Actor" VALUES('0000353','0145487');
INSERT INTO "Actor" VALUES('0000379','0145487');
INSERT INTO "Actor" VALUES('0290556','0145487');
INSERT INTO "Actor" VALUES('0731772','0145487');
INSERT INTO "Actor" VALUES('0000191','0121766');
INSERT INTO "Actor" VALUES('0000204','0121766');
INSERT INTO "Actor" VALUES('0159789','0121766');
INSERT INTO "Actor" VALUES('0001519','0121766');
INSERT INTO "Actor" VALUES('0000168','0121766');
INSERT INTO "Actor" VALUES('0032370','0167260');
INSERT INTO "Actor" VALUES('0040012','0167260');
INSERT INTO "Actor" VALUES('0000276','0167260');
INSERT INTO "Actor" VALUES('0040058','0167260');
INSERT INTO "Actor" VALUES('0045324','0167260');
INSERT INTO "Actor" VALUES('0001497','0316654');
INSERT INTO "Actor" VALUES('0000379','0316654');
INSERT INTO "Actor" VALUES('0290556','0316654');
INSERT INTO "Actor" VALUES('0000547','0316654');
INSERT INTO "Actor" VALUES('0365281','0316654');
INSERT INTO "Actor" VALUES('0001029','0335345');
INSERT INTO "Actor" VALUES('0000899','0335345');
INSERT INTO "Actor" VALUES('0314358','0335345');
INSERT INTO "Actor" VALUES('0605164','0335345');
INSERT INTO "Actor" VALUES('0748207','0335345');
INSERT INTO "Actor" VALUES('0000554','0107290');
INSERT INTO "Actor" VALUES('0000368','0107290');
INSERT INTO "Actor" VALUES('0000156','0107290');
INSERT INTO "Actor" VALUES('0000277','0107290');
INSERT INTO "Actor" VALUES('0669629','0107290');
INSERT INTO "Actor" VALUES('0000704','0167261');
INSERT INTO "Actor" VALUES('0005212','0167261');
INSERT INTO "Actor" VALUES('0000239','0167261');
INSERT INTO "Actor" VALUES('0001557','0167261');
INSERT INTO "Actor" VALUES('0000276','0167261');
INSERT INTO "Actor" VALUES('0000983','0266543');
INSERT INTO "Actor" VALUES('0001122','0266543');
INSERT INTO "Actor" VALUES('1071252','0266543');
INSERT INTO "Actor" VALUES('0000353','0266543');
INSERT INTO "Actor" VALUES('0004951','0266543');
INSERT INTO "Actor" VALUES('0000158','0109830');
INSERT INTO "Actor" VALUES('0000705','0109830');
INSERT INTO "Actor" VALUES('0000641','0109830');
INSERT INTO "Actor" VALUES('0932112','0109830');
INSERT INTO "Actor" VALUES('0000398','0109830');
INSERT INTO "Actor" VALUES('0001795','0110357');
INSERT INTO "Actor" VALUES('0000111','0110357');
INSERT INTO "Actor" VALUES('0915868','0110357');
INSERT INTO "Actor" VALUES('0930990','0110357');
INSERT INTO "Actor" VALUES('0000460','0110357');
INSERT INTO "Actor" VALUES('0001321','0241527');
INSERT INTO "Actor" VALUES('0001749','0241527');
INSERT INTO "Actor" VALUES('0001059','0241527');
INSERT INTO "Actor" VALUES('1196732','0241527');
INSERT INTO "Actor" VALUES('0705356','0241527');
INSERT INTO "Actor" VALUES('0032370','0120737');
INSERT INTO "Actor" VALUES('0000276','0120737');
INSERT INTO "Actor" VALUES('1019674','0120737');
INSERT INTO "Actor" VALUES('0000293','0120737');
INSERT INTO "Actor" VALUES('0000949','0120737');
INSERT INTO "Actor" VALUES('0000191','0121765');
INSERT INTO "Actor" VALUES('0000204','0121765');
INSERT INTO "Actor" VALUES('0159789','0121765');
INSERT INTO "Actor" VALUES('0000489','0121765');
INSERT INTO "Actor" VALUES('0000168','0121765');
INSERT INTO "Actor" VALUES('0000434','0086190');
INSERT INTO "Actor" VALUES('0000148','0086190');
INSERT INTO "Actor" VALUES('0000402','0086190');
INSERT INTO "Actor" VALUES('0001850','0086190');
INSERT INTO "Actor" VALUES('0000355','0086190');
INSERT INTO "Actor" VALUES('0000597','0116629');
INSERT INTO "Actor" VALUES('0001521','0116629');
INSERT INTO "Actor" VALUES('0000156','0116629');
INSERT INTO "Actor" VALUES('0002139','0116629');
INSERT INTO "Actor" VALUES('0171513','0116629');
INSERT INTO "Actor" VALUES('0000136','0325980');
INSERT INTO "Actor" VALUES('0001691','0325980');
INSERT INTO "Actor" VALUES('0089217','0325980');
INSERT INTO "Actor" VALUES('0461136','0325980');
INSERT INTO "Actor" VALUES('0202603','0325980');
INSERT INTO "Actor" VALUES('0000246','0167404');
INSERT INTO "Actor" VALUES('0005286','0167404');
INSERT INTO "Actor" VALUES('0001057','0167404');
INSERT INTO "Actor" VALUES('0931404','0167404');
INSERT INTO "Actor" VALUES('0059215','0167404');
INSERT INTO "Actor" VALUES('0000434','0080684');
INSERT INTO "Actor" VALUES('0000148','0080684');
INSERT INTO "Actor" VALUES('0000402','0080684');
INSERT INTO "Actor" VALUES('0001850','0080684');
INSERT INTO "Actor" VALUES('0000355','0080684');
INSERT INTO "Actor" VALUES('0843059','0330373');
INSERT INTO "Actor" VALUES('0001758','0330373');
INSERT INTO "Actor" VALUES('0855039','0330373');
INSERT INTO "Actor" VALUES('0705356','0330373');
INSERT INTO "Actor" VALUES('0914612','0330373');
INSERT INTO "Actor" VALUES('0000346','0099785');
INSERT INTO "Actor" VALUES('0000582','0099785');
INSERT INTO "Actor" VALUES('0827663','0099785');
INSERT INTO "Actor" VALUES('0001334','0099785');
INSERT INTO "Actor" VALUES('0089348','0099785');
INSERT INTO "Actor" VALUES('1670137','0363771');
INSERT INTO "Actor" VALUES('1342727','0363771');
INSERT INTO "Actor" VALUES('0608440','0363771');
INSERT INTO "Actor" VALUES('0691600','0363771');
INSERT INTO "Actor" VALUES('0842770','0363771');
INSERT INTO "Actor" VALUES('0030991','0234215');
INSERT INTO "Actor" VALUES('0031655','0234215');
INSERT INTO "Actor" VALUES('1060253','0234215');
INSERT INTO "Actor" VALUES('1369391','0234215');
INSERT INTO "Actor" VALUES('0048127','0234215');
INSERT INTO "Actor" VALUES('0000134','0290002');
INSERT INTO "Actor" VALUES('0001774','0290002');
INSERT INTO "Actor" VALUES('0000163','0290002');
INSERT INTO "Actor" VALUES('0000659','0290002');
INSERT INTO "Actor" VALUES('0001100','0290002');
INSERT INTO "Actor" VALUES('0000196','0126029');
INSERT INTO "Actor" VALUES('0000552','0126029');
INSERT INTO "Actor" VALUES('0000139','0126029');
INSERT INTO "Actor" VALUES('0001475','0126029');
INSERT INTO "Actor" VALUES('0001993','0126029');
INSERT INTO "Actor" VALUES('0705356','0295297');
INSERT INTO "Actor" VALUES('0914612','0295297');
INSERT INTO "Actor" VALUES('0342488','0295297');
INSERT INTO "Actor" VALUES('0341743','0295297');
INSERT INTO "Actor" VALUES('0789716','0295297');
INSERT INTO "Actor" VALUES('0005266','0317705');
INSERT INTO "Actor" VALUES('0000456','0317705');
INSERT INTO "Actor" VALUES('0000168','0317705');
INSERT INTO "Actor" VALUES('0005134','0317705');
INSERT INTO "Actor" VALUES('0521861','0317705');
INSERT INTO "Actor" VALUES('0000120','0170016');
INSERT INTO "Actor" VALUES('0597410','0170016');
INSERT INTO "Actor" VALUES('0001787','0170016');
INSERT INTO "Actor" VALUES('0004724','0170016');
INSERT INTO "Actor" VALUES('0410347','0170016');
INSERT INTO "Actor" VALUES('0001702','0073195');
INSERT INTO "Actor" VALUES('0001727','0073195');
INSERT INTO "Actor" VALUES('0000377','0073195');
INSERT INTO "Actor" VALUES('0308882','0073195');
INSERT INTO "Actor" VALUES('0358069','0073195');
INSERT INTO "Actor" VALUES('0000422','0198781');
INSERT INTO "Actor" VALUES('0000345','0198781');
INSERT INTO "Actor" VALUES('0316701','0198781');
INSERT INTO "Actor" VALUES('0000114','0198781');
INSERT INTO "Actor" VALUES('0000336','0198781');
INSERT INTO "Actor" VALUES('0000474','0096895');
INSERT INTO "Actor" VALUES('0000197','0096895');
INSERT INTO "Actor" VALUES('0000107','0096895');
INSERT INTO "Actor" VALUES('0943237','0096895');
INSERT INTO "Actor" VALUES('0385757','0096895');
INSERT INTO "Actor" VALUES('0000169','0119654');
INSERT INTO "Actor" VALUES('0000226','0119654');
INSERT INTO "Actor" VALUES('0000400','0119654');
INSERT INTO "Actor" VALUES('0000352','0119654');
INSERT INTO "Actor" VALUES('0001800','0119654');
INSERT INTO "Actor" VALUES('0705356','0304141');
INSERT INTO "Actor" VALUES('0341743','0304141');
INSERT INTO "Actor" VALUES('0274913','0304141');
INSERT INTO "Actor" VALUES('0789716','0304141');
INSERT INTO "Actor" VALUES('0577982','0304141');
INSERT INTO "Actor" VALUES('0000158','0120363');
INSERT INTO "Actor" VALUES('0000741','0120363');
INSERT INTO "Actor" VALUES('0000349','0120363');
INSERT INTO "Actor" VALUES('0001288','0120363');
INSERT INTO "Actor" VALUES('0725543','0120363');
INSERT INTO "Actor" VALUES('0000120','0315327');
INSERT INTO "Actor" VALUES('0000151','0315327');
INSERT INTO "Actor" VALUES('0000098','0315327');
INSERT INTO "Actor" VALUES('0001311','0315327');
INSERT INTO "Actor" VALUES('0004738','0315327');
INSERT INTO "Actor" VALUES('0000148','0082971');
INSERT INTO "Actor" VALUES('0000261','0082971');
INSERT INTO "Actor" VALUES('0293550','0082971');
INSERT INTO "Actor" VALUES('0479951','0082971');
INSERT INTO "Actor" VALUES('0722636','0082971');
INSERT INTO "Actor" VALUES('0000166','0117998');
INSERT INTO "Actor" VALUES('0000200','0117998');
INSERT INTO "Actor" VALUES('0000144','0117998');
INSERT INTO "Actor" VALUES('0000415','0117998');
INSERT INTO "Actor" VALUES('0000450','0117998');
INSERT INTO "Actor" VALUES('0889522','0259446');
INSERT INTO "Actor" VALUES('0179173','0259446');
INSERT INTO "Actor" VALUES('0443577','0259446');
INSERT INTO "Actor" VALUES('0176073','0259446');
INSERT INTO "Actor" VALUES('0137140','0259446');
INSERT INTO "Actor" VALUES('0000195','0087332');
INSERT INTO "Actor" VALUES('0000101','0087332');
INSERT INTO "Actor" VALUES('0000244','0087332');
INSERT INTO "Actor" VALUES('0000601','0087332');
INSERT INTO "Actor" VALUES('0001548','0087332');
INSERT INTO "Actor" VALUES('0000552','0086960');
INSERT INTO "Actor" VALUES('0001662','0086960');
INSERT INTO "Actor" VALUES('0039226','0086960');
INSERT INTO "Actor" VALUES('0002060','0086960');
INSERT INTO "Actor" VALUES('0001074','0086960');
INSERT INTO "Actor" VALUES('0000129','0407304');
INSERT INTO "Actor" VALUES('0266824','0407304');
INSERT INTO "Actor" VALUES('0154226','0407304');
INSERT INTO "Actor" VALUES('0001584','0407304');
INSERT INTO "Actor" VALUES('0000209','0407304');
INSERT INTO "Actor" VALUES('0584052','0162222');
INSERT INTO "Actor" VALUES('0925096','0162222');
INSERT INTO "Actor" VALUES('0162904','0162222');
INSERT INTO "Actor" VALUES('0111948','0162222');
INSERT INTO "Actor" VALUES('1329048','0162222');
INSERT INTO "Actor" VALUES('0000156','0119567');
INSERT INTO "Actor" VALUES('0000194','0119567');
INSERT INTO "Actor" VALUES('0000592','0119567');
INSERT INTO "Actor" VALUES('0000277','0119567');
INSERT INTO "Actor" VALUES('0000681','0119567');
INSERT INTO "Actor" VALUES('0000154','0286106');
INSERT INTO "Actor" VALUES('0001618','0286106');
INSERT INTO "Actor" VALUES('0191412','0286106');
INSERT INTO "Actor" VALUES('1113550','0286106');
INSERT INTO "Actor" VALUES('0427728','0286106');
INSERT INTO "Actor" VALUES('0000329','0266915');
INSERT INTO "Actor" VALUES('0000676','0266915');
INSERT INTO "Actor" VALUES('0518821','0266915');
INSERT INTO "Actor" VALUES('0955471','0266915');
INSERT INTO "Actor" VALUES('0761052','0266915');
INSERT INTO "Actor" VALUES('0000245','0107614');
INSERT INTO "Actor" VALUES('0000398','0107614');
INSERT INTO "Actor" VALUES('0000112','0107614');
INSERT INTO "Actor" VALUES('0001213','0107614');
INSERT INTO "Actor" VALUES('0391072','0107614');
INSERT INTO "Actor" VALUES('0000664','0099653');
INSERT INTO "Actor" VALUES('0000193','0099653');
INSERT INTO "Actor" VALUES('0000155','0099653');
INSERT INTO "Actor" VALUES('0001282','0099653');
INSERT INTO "Actor" VALUES('0493026','0099653');
INSERT INTO "Actor" VALUES('0918334','0103639');
INSERT INTO "Actor" VALUES('0000245','0103639');
INSERT INTO "Actor" VALUES('0488306','0103639');
INSERT INTO "Actor" VALUES('0293455','0103639');
INSERT INTO "Actor" VALUES('0919798','0103639');
INSERT INTO "Actor" VALUES('0000158','0120815');
INSERT INTO "Actor" VALUES('0122653','0120815');
INSERT INTO "Actor" VALUES('0001744','0120815');
INSERT INTO "Actor" VALUES('0000354','0120815');
INSERT INTO "Actor" VALUES('0001111','0120815');
INSERT INTO "Actor" VALUES('0915208','0360717');
INSERT INTO "Actor" VALUES('0085312','0360717');
INSERT INTO "Actor" VALUES('0004778','0360717');
INSERT INTO "Actor" VALUES('0470981','0360717');
INSERT INTO "Actor" VALUES('0004988','0360717');
INSERT INTO "Actor" VALUES('0000129','0120755');
INSERT INTO "Actor" VALUES('0779084','0120755');
INSERT INTO "Actor" VALUES('0628601','0120755');
INSERT INTO "Actor" VALUES('0000609','0120755');
INSERT INTO "Actor" VALUES('0746896','0120755');
INSERT INTO "Actor" VALUES('0001772','0290334');
INSERT INTO "Actor" VALUES('0413168','0290334');
INSERT INTO "Actor" VALUES('0005212','0290334');
INSERT INTO "Actor" VALUES('0000932','0290334');
INSERT INTO "Actor" VALUES('0000463','0290334');
INSERT INTO "Actor" VALUES('0000196','0295178');
INSERT INTO "Actor" VALUES('0461498','0295178');
INSERT INTO "Actor" VALUES('0001293','0295178');
INSERT INTO "Actor" VALUES('0001868','0295178');
INSERT INTO "Actor" VALUES('0001822','0295178');
INSERT INTO "Actor" VALUES('0000150','0088763');
INSERT INTO "Actor" VALUES('0000502','0088763');
INSERT INTO "Actor" VALUES('0000670','0088763');
INSERT INTO "Actor" VALUES('0000417','0088763');
INSERT INTO "Actor" VALUES('0001855','0088763');
INSERT INTO "Actor" VALUES('0005562','0396269');
INSERT INTO "Actor" VALUES('0000681','0396269');
INSERT INTO "Actor" VALUES('0000686','0396269');
INSERT INTO "Actor" VALUES('1046097','0396269');
INSERT INTO "Actor" VALUES('0279545','0396269');
INSERT INTO "Actor" VALUES('0000136','0367594');
INSERT INTO "Actor" VALUES('0383603','0367594');
INSERT INTO "Actor" VALUES('0446303','0367594');
INSERT INTO "Actor" VALUES('0000307','0367594');
INSERT INTO "Actor" VALUES('0852965','0367594');
INSERT INTO "Actor" VALUES('0000196','0145660');
INSERT INTO "Actor" VALUES('0001287','0145660');
INSERT INTO "Actor" VALUES('0001868','0145660');
INSERT INTO "Actor" VALUES('0001822','0145660');
INSERT INTO "Actor" VALUES('0000507','0145660');
INSERT INTO "Actor" VALUES('0000288','0372784');
INSERT INTO "Actor" VALUES('0000323','0372784');
INSERT INTO "Actor" VALUES('0000553','0372784');
INSERT INTO "Actor" VALUES('0005017','0372784');
INSERT INTO "Actor" VALUES('0000198','0372784');
INSERT INTO "Actor" VALUES('0000216','0103064');
INSERT INTO "Actor" VALUES('0000157','0103064');
INSERT INTO "Actor" VALUES('0000411','0103064');
INSERT INTO "Actor" VALUES('0001598','0103064');
INSERT INTO "Actor" VALUES('0608012','0103064');
INSERT INTO "Actor" VALUES('0000995','0070047');
INSERT INTO "Actor" VALUES('0001884','0070047');
INSERT INTO "Actor" VALUES('0588553','0070047');
INSERT INTO "Actor" VALUES('0002011','0070047');
INSERT INTO "Actor" VALUES('0935345','0070047');
INSERT INTO "Actor" VALUES('0000409','0209163');
INSERT INTO "Actor" VALUES('0001838','0209163');
INSERT INTO "Actor" VALUES('0001314','0209163');
INSERT INTO "Actor" VALUES('0903677','0209163');
INSERT INTO "Actor" VALUES('0004912','0209163');
INSERT INTO "Actor" VALUES('0000246','0120591');
INSERT INTO "Actor" VALUES('0000671','0120591');
INSERT INTO "Actor" VALUES('0000255','0120591');
INSERT INTO "Actor" VALUES('0000239','0120591');
INSERT INTO "Actor" VALUES('0001599','0120591');
INSERT INTO "Actor" VALUES('0593775','0031381');
INSERT INTO "Actor" VALUES('0641966','0031381');
INSERT INTO "Actor" VALUES('0000046','0031381');
INSERT INTO "Actor" VALUES('0450810','0031381');
INSERT INTO "Actor" VALUES('0751946','0031381');
INSERT INTO "Actor" VALUES('0000255','0213149');
INSERT INTO "Actor" VALUES('0001326','0213149');
INSERT INTO "Actor" VALUES('0000295','0213149');
INSERT INTO "Actor" VALUES('0000421','0213149');
INSERT INTO "Actor" VALUES('0000685','0213149');
INSERT INTO "Actor" VALUES('0000148','0097576');
INSERT INTO "Actor" VALUES('0000125','0097576');
INSERT INTO "Actor" VALUES('0001186','0097576');
INSERT INTO "Actor" VALUES('0233145','0097576');
INSERT INTO "Actor" VALUES('0722636','0097576');
INSERT INTO "Actor" VALUES('0001774','0351283');
INSERT INTO "Actor" VALUES('0001674','0351283');
INSERT INTO "Actor" VALUES('0001710','0351283');
INSERT INTO "Actor" VALUES('0000586','0351283');
INSERT INTO "Actor" VALUES('0056187','0351283');
INSERT INTO "Actor" VALUES('0000158','0114709');
INSERT INTO "Actor" VALUES('0000741','0114709');
INSERT INTO "Actor" VALUES('0725543','0114709');
INSERT INTO "Actor" VALUES('0001815','0114709');
INSERT INTO "Actor" VALUES('0001728','0114709');
INSERT INTO "Actor" VALUES('0000169','0120912');
INSERT INTO "Actor" VALUES('0000226','0120912');
INSERT INTO "Actor" VALUES('0206257','0120912');
INSERT INTO "Actor" VALUES('0001223','0120912');
INSERT INTO "Actor" VALUES('0424216','0120912');
INSERT INTO "Actor" VALUES('0000128','0172495');
INSERT INTO "Actor" VALUES('0001618','0172495');
INSERT INTO "Actor" VALUES('0001567','0172495');
INSERT INTO "Actor" VALUES('0001657','0172495');
INSERT INTO "Actor" VALUES('0001321','0172495');
INSERT INTO "Actor" VALUES('0000598','0319262');
INSERT INTO "Actor" VALUES('0350453','0319262');
INSERT INTO "Actor" VALUES('0002536','0319262');
INSERT INTO "Actor" VALUES('0005231','0319262');
INSERT INTO "Actor" VALUES('0761587','0319262');
INSERT INTO "Actor" VALUES('0000093','0356910');
INSERT INTO "Actor" VALUES('0001401','0356910');
INSERT INTO "Actor" VALUES('0000681','0356910');
INSERT INTO "Actor" VALUES('0111013','0356910');
INSERT INTO "Actor" VALUES('0913488','0356910');
INSERT INTO "Actor" VALUES('0041165','0029583');
INSERT INTO "Actor" VALUES('0118081','0029583');
INSERT INTO "Actor" VALUES('0143314','0029583');
INSERT INTO "Actor" VALUES('0172287','0029583');
INSERT INTO "Actor" VALUES('0173418','0029583');
INSERT INTO "Actor" VALUES('0000126','0099348');
INSERT INTO "Actor" VALUES('0001521','0099348');
INSERT INTO "Actor" VALUES('0001295','0099348');
INSERT INTO "Actor" VALUES('0002110','0099348');
INSERT INTO "Actor" VALUES('0922671','0099348');
INSERT INTO "Actor" VALUES('0000174','0112462');
INSERT INTO "Actor" VALUES('0000169','0112462');
INSERT INTO "Actor" VALUES('0000120','0112462');
INSERT INTO "Actor" VALUES('0000173','0112462');
INSERT INTO "Actor" VALUES('0000563','0112462');
INSERT INTO "Actor" VALUES('0000148','0106977');
INSERT INTO "Actor" VALUES('0000169','0106977');
INSERT INTO "Actor" VALUES('0000688','0106977');
INSERT INTO "Actor" VALUES('0000194','0106977');
INSERT INTO "Actor" VALUES('0001592','0106977');
INSERT INTO "Actor" VALUES('0000123','0240772');
INSERT INTO "Actor" VALUES('0083781','0240772');
INSERT INTO "Actor" VALUES('0634342','0240772');
INSERT INTO "Actor" VALUES('0282665','0240772');
INSERT INTO "Actor" VALUES('1131138','0240772');
INSERT INTO "Actor" VALUES('0000154','0207201');
INSERT INTO "Actor" VALUES('0000166','0207201');
INSERT INTO "Actor" VALUES('0000673','0207201');
INSERT INTO "Actor" VALUES('0000257','0207201');
INSERT INTO "Actor" VALUES('0424534','0207201');
INSERT INTO "Actor" VALUES('0000123','0177971');
INSERT INTO "Actor" VALUES('0000242','0177971');
INSERT INTO "Actor" VALUES('0000178','0177971');
INSERT INTO "Actor" VALUES('0000261','0177971');
INSERT INTO "Actor" VALUES('0001209','0177971');
INSERT INTO "Actor" VALUES('0000120','0119528');
INSERT INTO "Actor" VALUES('0005491','0119528');
INSERT INTO "Actor" VALUES('0178176','0119528');
INSERT INTO "Actor" VALUES('0000144','0119528');
INSERT INTO "Actor" VALUES('0359774','0119528');
INSERT INTO "Actor" VALUES('0000237','0077631');
INSERT INTO "Actor" VALUES('0000556','0077631');
INSERT INTO "Actor" VALUES('0000330','0077631');
INSERT INTO "Actor" VALUES('0001063','0077631');
INSERT INTO "Actor" VALUES('0669046','0077631');
INSERT INTO "Actor" VALUES('0000554','0163025');
INSERT INTO "Actor" VALUES('0000513','0163025');
INSERT INTO "Actor" VALUES('0000495','0163025');
INSERT INTO "Actor" VALUES('0005273','0163025');
INSERT INTO "Actor" VALUES('0605080','0163025');
INSERT INTO "Actor" VALUES('0000129','0117060');
INSERT INTO "Actor" VALUES('0000685','0117060');
INSERT INTO "Actor" VALUES('0000322','0117060');
INSERT INTO "Actor" VALUES('0001089','0117060');
INSERT INTO "Actor" VALUES('0000606','0117060');
INSERT INTO "Actor" VALUES('0000242','0133152');
INSERT INTO "Actor" VALUES('0000619','0133152');
INSERT INTO "Actor" VALUES('0000307','0133152');
INSERT INTO "Actor" VALUES('0003817','0133152');
INSERT INTO "Actor" VALUES('0316079','0133152');
INSERT INTO "Actor" VALUES('0000148','0087469');
INSERT INTO "Actor" VALUES('0001009','0087469');
INSERT INTO "Actor" VALUES('0702841','0087469');
INSERT INTO "Actor" VALUES('0700869','0087469');
INSERT INTO "Actor" VALUES('0786022','0087469');
INSERT INTO "Actor" VALUES('0000152','0100405');
INSERT INTO "Actor" VALUES('0000210','0100405');
INSERT INTO "Actor" VALUES('0000897','0100405');
INSERT INTO "Actor" VALUES('0004517','0100405');
INSERT INTO "Actor" VALUES('0000624','0100405');
INSERT INTO "Actor" VALUES('0000226','0386588');
INSERT INTO "Actor" VALUES('0578949','0386588');
INSERT INTO "Actor" VALUES('0416673','0386588');
INSERT INTO "Actor" VALUES('0005520','0386588');
INSERT INTO "Actor" VALUES('1024264','0386588');
INSERT INTO "Actor" VALUES('0000163','0084805');
INSERT INTO "Actor" VALUES('0001448','0084805');
INSERT INTO "Actor" VALUES('0000414','0084805');
INSERT INTO "Actor" VALUES('0001056','0084805');
INSERT INTO "Actor" VALUES('0001164','0084805');
INSERT INTO "Actor" VALUES('0000129','0092099');
INSERT INTO "Actor" VALUES('0000534','0092099');
INSERT INTO "Actor" VALUES('0000174','0092099');
INSERT INTO "Actor" VALUES('0000381','0092099');
INSERT INTO "Actor" VALUES('0000643','0092099');
INSERT INTO "Actor" VALUES('0000139','0129387');
INSERT INTO "Actor" VALUES('0000369','0129387');
INSERT INTO "Actor" VALUES('0001774','0129387');
INSERT INTO "Actor" VALUES('0262968','0129387');
INSERT INTO "Actor" VALUES('0254402','0129387');
INSERT INTO "Actor" VALUES('0005380','0268380');
INSERT INTO "Actor" VALUES('0000491','0268380');
INSERT INTO "Actor" VALUES('0001459','0268380');
INSERT INTO "Actor" VALUES('0899681','0268380');
INSERT INTO "Actor" VALUES('0085312','0268380');
INSERT INTO "Actor" VALUES('0000354','0372183');
INSERT INTO "Actor" VALUES('0004376','0372183');
INSERT INTO "Actor" VALUES('0004051','0372183');
INSERT INTO "Actor" VALUES('0005466','0372183');
INSERT INTO "Actor" VALUES('0881631','0372183');
INSERT INTO "Actor" VALUES('0001357','0090555');
INSERT INTO "Actor" VALUES('0468957','0090555');
INSERT INTO "Actor" VALUES('0576851','0090555');
INSERT INTO "Actor" VALUES('0347858','0090555');
INSERT INTO "Actor" VALUES('0802032','0090555');
INSERT INTO "Actor" VALUES('0000158','0338348');
INSERT INTO "Actor" VALUES('0366667','0338348');
INSERT INTO "Actor" VALUES('0214430','0338348');
INSERT INTO "Actor" VALUES('0310850','0338348');
INSERT INTO "Actor" VALUES('0778642','0338348');
INSERT INTO "Actor" VALUES('0000346','0104431');
INSERT INTO "Actor" VALUES('0000582','0104431');
INSERT INTO "Actor" VALUES('0827663','0104431');
INSERT INTO "Actor" VALUES('0001573','0104431');
INSERT INTO "Actor" VALUES('0001334','0104431');
INSERT INTO "Actor" VALUES('0002071','0319343');
INSERT INTO "Actor" VALUES('0001001','0319343');
INSERT INTO "Actor" VALUES('0627878','0319343');
INSERT INTO "Actor" VALUES('0000799','0319343');
INSERT INTO "Actor" VALUES('0005460','0319343');
INSERT INTO "Actor" VALUES('0000115','0368891');
INSERT INTO "Actor" VALUES('1208167','0368891');
INSERT INTO "Actor" VALUES('0058581','0368891');
INSERT INTO "Actor" VALUES('0000293','0368891');
INSERT INTO "Actor" VALUES('0000685','0368891');
INSERT INTO "Actor" VALUES('0000163','0095953');
INSERT INTO "Actor" VALUES('0000129','0095953');
INSERT INTO "Actor" VALUES('0000420','0095953');
INSERT INTO "Actor" VALUES('0596520','0095953');
INSERT INTO "Actor" VALUES('0613789','0095953');
INSERT INTO "Actor" VALUES('0000148','0118571');
INSERT INTO "Actor" VALUES('0000198','0118571');
INSERT INTO "Actor" VALUES('0000335','0118571');
INSERT INTO "Actor" VALUES('0187724','0118571');
INSERT INTO "Actor" VALUES('0560093','0118571');
INSERT INTO "Actor" VALUES('0000158','0112384');
INSERT INTO "Actor" VALUES('0000200','0112384');
INSERT INTO "Actor" VALUES('0000102','0112384');
INSERT INTO "Actor" VALUES('0000641','0112384');
INSERT INTO "Actor" VALUES('0000438','0112384');
INSERT INTO "Actor" VALUES('0000206','0133093');
INSERT INTO "Actor" VALUES('0000401','0133093');
INSERT INTO "Actor" VALUES('0005251','0133093');
INSERT INTO "Actor" VALUES('0915989','0133093');
INSERT INTO "Actor" VALUES('0001592','0133093');
INSERT INTO "Actor" VALUES('0641314','0101414');
INSERT INTO "Actor" VALUES('0000913','0101414');
INSERT INTO "Actor" VALUES('0925369','0101414');
INSERT INTO "Actor" VALUES('0001583','0101414');
INSERT INTO "Actor" VALUES('0001773','0101414');
INSERT INTO "Actor" VALUES('0001282','0120855');
INSERT INTO "Actor" VALUES('0000378','0120855');
INSERT INTO "Actor" VALUES('0000335','0120855');
INSERT INTO "Actor" VALUES('0000306','0120855');
INSERT INTO "Actor" VALUES('0001329','0120855');
INSERT INTO "Actor" VALUES('0000128','0268978');
INSERT INTO "Actor" VALUES('0000438','0268978');
INSERT INTO "Actor" VALUES('0000124','0268978');
INSERT INTO "Actor" VALUES('0001626','0268978');
INSERT INTO "Actor" VALUES('0079273','0268978');
INSERT INTO "Actor" VALUES('0000250','0299658');
INSERT INTO "Actor" VALUES('0001876','0299658');
INSERT INTO "Actor" VALUES('0000152','0299658');
INSERT INTO "Actor" VALUES('0001451','0299658');
INSERT INTO "Actor" VALUES('0000604','0299658');
INSERT INTO "Actor" VALUES('0000633','0094137');
INSERT INTO "Actor" VALUES('0000430','0094137');
INSERT INTO "Actor" VALUES('0001101','0094137');
INSERT INTO "Actor" VALUES('0001802','0094137');
INSERT INTO "Actor" VALUES('0171513','0094137');
INSERT INTO "Actor" VALUES('0000134','0212338');
INSERT INTO "Actor" VALUES('0001774','0212338');
INSERT INTO "Actor" VALUES('0001632','0212338');
INSERT INTO "Actor" VALUES('0001100','0212338');
INSERT INTO "Actor" VALUES('0215015','0212338');
INSERT INTO "Actor" VALUES('0000126','0102798');
INSERT INTO "Actor" VALUES('0000151','0102798');
INSERT INTO "Actor" VALUES('0001512','0102798');
INSERT INTO "Actor" VALUES('0000225','0102798');
INSERT INTO "Actor" VALUES('0000614','0102798');
INSERT INTO "Actor" VALUES('0000164','0212985');
INSERT INTO "Actor" VALUES('0000194','0212985');
INSERT INTO "Actor" VALUES('0316284','0212985');
INSERT INTO "Actor" VALUES('0000198','0212985');
INSERT INTO "Actor" VALUES('0000501','0212985');
INSERT INTO "Actor" VALUES('0000138','0264464');
INSERT INTO "Actor" VALUES('0000158','0264464');
INSERT INTO "Actor" VALUES('0000686','0264464');
INSERT INTO "Actor" VALUES('0000640','0264464');
INSERT INTO "Actor" VALUES('0000882','0264464');
INSERT INTO "Actor" VALUES('0001191','0142342');
INSERT INTO "Actor" VALUES('0000725','0142342');
INSERT INTO "Actor" VALUES('0829537','0142342');
INSERT INTO "Actor" VALUES('0819850','0142342');
INSERT INTO "Actor" VALUES('0819851','0142342');
INSERT INTO "Actor" VALUES('0000267','0059742');
INSERT INTO "Actor" VALUES('0001626','0059742');
INSERT INTO "Actor" VALUES('0662223','0059742');
INSERT INTO "Actor" VALUES('0370821','0059742');
INSERT INTO "Actor" VALUES('0939931','0059742');
INSERT INTO "Actor" VALUES('0000474','0103776');
INSERT INTO "Actor" VALUES('0000362','0103776');
INSERT INTO "Actor" VALUES('0000201','0103776');
INSERT INTO "Actor" VALUES('0000686','0103776');
INSERT INTO "Actor" VALUES('0001284','0103776');
INSERT INTO "Actor" VALUES('0004929','0120623');
INSERT INTO "Actor" VALUES('0000228','0120623');
INSERT INTO "Actor" VALUES('0000506','0120623');
INSERT INTO "Actor" VALUES('0659363','0120623');
INSERT INTO "Actor" VALUES('0226887','0120623');
INSERT INTO "Actor" VALUES('0001191','0120484');
INSERT INTO "Actor" VALUES('0000870','0120484');
INSERT INTO "Actor" VALUES('0000103','0120484');
INSERT INTO "Actor" VALUES('0001857','0120484');
INSERT INTO "Actor" VALUES('0715477','0120484');
INSERT INTO "Actor" VALUES('0000226','0307453');
INSERT INTO "Actor" VALUES('0000134','0307453');
INSERT INTO "Actor" VALUES('0000250','0307453');
INSERT INTO "Actor" VALUES('0085312','0307453');
INSERT INTO "Actor" VALUES('0001401','0307453');
INSERT INTO "Actor" VALUES('0000112','0246460');
INSERT INTO "Actor" VALUES('0000932','0246460');
INSERT INTO "Actor" VALUES('0827170','0246460');
INSERT INTO "Actor" VALUES('0683253','0246460');
INSERT INTO "Actor" VALUES('0950935','0246460');
INSERT INTO "Actor" VALUES('0000056','0070735');
INSERT INTO "Actor" VALUES('0000602','0070735');
INSERT INTO "Actor" VALUES('0001727','0070735');
INSERT INTO "Actor" VALUES('0001164','0070735');
INSERT INTO "Actor" VALUES('0001827','0070735');
INSERT INTO "Actor" VALUES('0000129','0106918');
INSERT INTO "Actor" VALUES('0000675','0106918');
INSERT INTO "Actor" VALUES('0000432','0106918');
INSERT INTO "Actor" VALUES('0001358','0106918');
INSERT INTO "Actor" VALUES('0455767','0106918');
INSERT INTO "Actor" VALUES('0001191','0398165');
INSERT INTO "Actor" VALUES('0001674','0398165');
INSERT INTO "Actor" VALUES('0000608','0398165');
INSERT INTO "Actor" VALUES('0625099','0398165');
INSERT INTO "Actor" VALUES('1664542','0398165');
INSERT INTO "Actor" VALUES('0413168','0120903');
INSERT INTO "Actor" VALUES('0001772','0120903');
INSERT INTO "Actor" VALUES('0005212','0120903');
INSERT INTO "Actor" VALUES('0000463','0120903');
INSERT INTO "Actor" VALUES('0005188','0120903');
INSERT INTO "Actor" VALUES('0001182','0175142');
INSERT INTO "Actor" VALUES('0792156','0175142');
INSERT INTO "Actor" VALUES('0601214','0175142');
INSERT INTO "Actor" VALUES('0046420','0175142');
INSERT INTO "Actor" VALUES('0334175','0175142');
INSERT INTO "Actor" VALUES('0000140','0093010');
INSERT INTO "Actor" VALUES('0000335','0093010');
INSERT INTO "Actor" VALUES('0000271','0093010');
INSERT INTO "Actor" VALUES('0490477','0093010');
INSERT INTO "Actor" VALUES('0659573','0093010');
INSERT INTO "Actor" VALUES('0000148','0161081');
INSERT INTO "Actor" VALUES('0000201','0161081');
INSERT INTO "Actor" VALUES('0769311','0161081');
INSERT INTO "Actor" VALUES('0608012','0161081');
INSERT INTO "Actor" VALUES('0001664','0161081');
INSERT INTO "Actor" VALUES('0000409','0120616');
INSERT INTO "Actor" VALUES('0001838','0120616');
INSERT INTO "Actor" VALUES('0001314','0120616');
INSERT INTO "Actor" VALUES('0903677','0120616');
INSERT INTO "Actor" VALUES('0640413','0120616');
INSERT INTO "Actor" VALUES('0344435','0120667');
INSERT INTO "Actor" VALUES('0004695','0120667');
INSERT INTO "Actor" VALUES('0262635','0120667');
INSERT INTO "Actor" VALUES('0004821','0120667');
INSERT INTO "Actor" VALUES('0573037','0120667');
INSERT INTO "Actor" VALUES('0001364','0096438');
INSERT INTO "Actor" VALUES('0000502','0096438');
INSERT INTO "Actor" VALUES('0001026','0096438');
INSERT INTO "Actor" VALUES('0281486','0096438');
INSERT INTO "Actor" VALUES('0443401','0096438');
INSERT INTO "Actor" VALUES('0000552','0092644');
INSERT INTO "Actor" VALUES('0001662','0092644');
INSERT INTO "Actor" VALUES('0039226','0092644');
INSERT INTO "Actor" VALUES('0001638','0092644');
INSERT INTO "Actor" VALUES('0001074','0092644');
INSERT INTO "Actor" VALUES('0000129','0116695');
INSERT INTO "Actor" VALUES('0000421','0116695');
INSERT INTO "Actor" VALUES('0000250','0116695');
INSERT INTO "Actor" VALUES('0000593','0116695');
INSERT INTO "Actor" VALUES('0005278','0116695');
INSERT INTO "Actor" VALUES('0005327','0267913');
INSERT INTO "Actor" VALUES('0001264','0267913');
INSERT INTO "Actor" VALUES('0000498','0267913');
INSERT INTO "Actor" VALUES('0004802','0267913');
INSERT INTO "Actor" VALUES('0000100','0267913');
INSERT INTO "Actor" VALUES('0001792','0055254');
INSERT INTO "Actor" VALUES('0314867','0055254');
INSERT INTO "Actor" VALUES('0061770','0055254');
INSERT INTO "Actor" VALUES('0200017','0055254');
INSERT INTO "Actor" VALUES('0942220','0055254');
INSERT INTO "Actor" VALUES('0000210','0163187');
INSERT INTO "Actor" VALUES('0000152','0163187');
INSERT INTO "Actor" VALUES('0000349','0163187');
INSERT INTO "Actor" VALUES('0001185','0163187');
INSERT INTO "Actor" VALUES('0001854','0163187');
INSERT INTO "Actor" VALUES('0000230','0089880');
INSERT INTO "Actor" VALUES('0001077','0089880');
INSERT INTO "Actor" VALUES('0621008','0089880');
INSERT INTO "Actor" VALUES('0000925','0089880');
INSERT INTO "Actor" VALUES('0630100','0089880');
INSERT INTO "Actor" VALUES('0000216','0181852');
INSERT INTO "Actor" VALUES('0001763','0181852');
INSERT INTO "Actor" VALUES('0000132','0181852');
INSERT INTO "Actor" VALUES('0518085','0181852');
INSERT INTO "Actor" VALUES('0028625','0181852');
INSERT INTO "Actor" VALUES('0002090','0087363');
INSERT INTO "Actor" VALUES('0000121','0087363');
INSERT INTO "Actor" VALUES('0001924','0087363');
INSERT INTO "Actor" VALUES('0564589','0087363');
INSERT INTO "Actor" VALUES('0391072','0087363');
INSERT INTO "Actor" VALUES('0000197','0119822');
INSERT INTO "Actor" VALUES('0000166','0119822');
INSERT INTO "Actor" VALUES('0001427','0119822');
INSERT INTO "Actor" VALUES('0000421','0119822');
INSERT INTO "Actor" VALUES('0000240','0119822');
INSERT INTO "Actor" VALUES('0000154','0097733');
INSERT INTO "Actor" VALUES('0000418','0097733');
INSERT INTO "Actor" VALUES('0000582','0097733');
INSERT INTO "Actor" VALUES('0000722','0097733');
INSERT INTO "Actor" VALUES('0640299','0097733');
INSERT INTO "Actor" VALUES('0000216','0111503');
INSERT INTO "Actor" VALUES('0000130','0111503');
INSERT INTO "Actor" VALUES('0000792','0111503');
INSERT INTO "Actor" VALUES('0000200','0111503');
INSERT INTO "Actor" VALUES('0000119','0111503');
INSERT INTO "Actor" VALUES('0153738','0275847');
INSERT INTO "Actor" VALUES('0761498','0275847');
INSERT INTO "Actor" VALUES('0000119','0275847');
INSERT INTO "Actor" VALUES('0001773','0275847');
INSERT INTO "Actor" VALUES('0567852','0275847');
INSERT INTO "Actor" VALUES('0004755','0252866');
INSERT INTO "Actor" VALUES('0002436','0252866');
INSERT INTO "Actor" VALUES('0004989','0252866');
INSERT INTO "Actor" VALUES('0005098','0252866');
INSERT INTO "Actor" VALUES('0005272','0252866');
INSERT INTO "Actor" VALUES('0000741','0111070');
INSERT INTO "Actor" VALUES('0187724','0111070');
INSERT INTO "Actor" VALUES('0001662','0111070');
INSERT INTO "Actor" VALUES('0005156','0111070');
INSERT INTO "Actor" VALUES('0472710','0111070');
INSERT INTO "Actor" VALUES('0000226','0343818');
INSERT INTO "Actor" VALUES('0005256','0343818');
INSERT INTO "Actor" VALUES('0876138','0343818');
INSERT INTO "Actor" VALUES('0000342','0343818');
INSERT INTO "Actor" VALUES('0339304','0343818');
INSERT INTO "Actor" VALUES('0000154','0104714');
INSERT INTO "Actor" VALUES('0000418','0104714');
INSERT INTO "Actor" VALUES('0000582','0104714');
INSERT INTO "Actor" VALUES('0000623','0104714');
INSERT INTO "Actor" VALUES('0934179','0104714');
INSERT INTO "Actor" VALUES('0908094','0232500');
INSERT INTO "Actor" VALUES('0004874','0232500');
INSERT INTO "Actor" VALUES('0735442','0232500');
INSERT INTO "Actor" VALUES('0108287','0232500');
INSERT INTO "Actor" VALUES('0950935','0232500');
INSERT INTO "Actor" VALUES('0000552','0118998');
INSERT INTO "Actor" VALUES('0001115','0118998');
INSERT INTO "Actor" VALUES('0001624','0118998');
INSERT INTO "Actor" VALUES('0001967','0118998');
INSERT INTO "Actor" VALUES('0771493','0118998');
INSERT INTO "Actor" VALUES('0000237','0076666');
INSERT INTO "Actor" VALUES('0331186','0076666');
INSERT INTO "Actor" VALUES('0587944','0076666');
INSERT INTO "Actor" VALUES('0129955','0076666');
INSERT INTO "Actor" VALUES('0660407','0076666');
INSERT INTO "Actor" VALUES('0365201','0061852');
INSERT INTO "Actor" VALUES('0001982','0061852');
INSERT INTO "Actor" VALUES('0697515','0061852');
INSERT INTO "Actor" VALUES('0001695','0061852');
INSERT INTO "Actor" VALUES('0001359','0061852');
INSERT INTO "Actor" VALUES('0000004','0077975');
INSERT INTO "Actor" VALUES('0001513','0077975');
INSERT INTO "Actor" VALUES('0006893','0077975');
INSERT INTO "Actor" VALUES('0089244','0077975');
INSERT INTO "Actor" VALUES('0001371','0077975');
INSERT INTO "Actor" VALUES('0065942','0114148');
INSERT INTO "Actor" VALUES('0474122','0114148');
INSERT INTO "Actor" VALUES('0000154','0114148');
INSERT INTO "Actor" VALUES('0001773','0114148');
INSERT INTO "Actor" VALUES('0440885','0114148');
INSERT INTO "Actor" VALUES('0000129','0104257');
INSERT INTO "Actor" VALUES('0000197','0104257');
INSERT INTO "Actor" VALUES('0000193','0104257');
INSERT INTO "Actor" VALUES('0000102','0104257');
INSERT INTO "Actor" VALUES('0000662','0104257');
INSERT INTO "Actor" VALUES('0004874','0295701');
INSERT INTO "Actor" VALUES('0000782','0295701');
INSERT INTO "Actor" VALUES('0190744','0295701');
INSERT INTO "Actor" VALUES('0000168','0295701');
INSERT INTO "Actor" VALUES('0740220','0295701');
INSERT INTO "Actor" VALUES('0504962','0120812');
INSERT INTO "Actor" VALUES('0000329','0120812');
INSERT INTO "Actor" VALUES('0929489','0120812');
INSERT INTO "Actor" VALUES('0002245','0120812');
INSERT INTO "Actor" VALUES('0514783','0120812');
INSERT INTO "Actor" VALUES('0231946','0185937');
INSERT INTO "Actor" VALUES('0502671','0185937');
INSERT INTO "Actor" VALUES('0931321','0185937');
INSERT INTO "Actor" VALUES('0341124','0185937');
INSERT INTO "Actor" VALUES('0454865','0185937');
INSERT INTO "Actor" VALUES('0000380','0120647');
INSERT INTO "Actor" VALUES('0000495','0120647');
INSERT INTO "Actor" VALUES('0000704','0120647');
INSERT INTO "Actor" VALUES('0000603','0120647');
INSERT INTO "Actor" VALUES('0000151','0120647');
INSERT INTO "Actor" VALUES('0000237','0097778');
INSERT INTO "Actor" VALUES('0000263','0097778');
INSERT INTO "Actor" VALUES('0001156','0097778');
INSERT INTO "Actor" VALUES('0001719','0097778');
INSERT INTO "Actor" VALUES('0001820','0097778');
INSERT INTO "Actor" VALUES('0000150','0164912');
INSERT INTO "Actor" VALUES('0000133','0164912');
INSERT INTO "Actor" VALUES('0491402','0164912');
INSERT INTO "Actor" VALUES('0005151','0164912');
INSERT INTO "Actor" VALUES('0001447','0164912');
INSERT INTO "Actor" VALUES('0000347','0073629');
INSERT INTO "Actor" VALUES('0000215','0073629');
INSERT INTO "Actor" VALUES('0000960','0073629');
INSERT INTO "Actor" VALUES('0639782','0073629');
INSERT INTO "Actor" VALUES('0703946','0073629');
INSERT INTO "Actor" VALUES('0000155','0105417');
INSERT INTO "Actor" VALUES('0001749','0105417');
INSERT INTO "Actor" VALUES('0001562','0105417');
INSERT INTO "Actor" VALUES('0538655','0105417');
INSERT INTO "Actor" VALUES('0926897','0105417');
INSERT INTO "Actor" VALUES('0019569','0242653');
INSERT INTO "Actor" VALUES('1470128','0242653');
INSERT INTO "Actor" VALUES('0048127','0242653');
INSERT INTO "Actor" VALUES('0063571','0242653');
INSERT INTO "Actor" VALUES('0068206','0242653');
INSERT INTO "Actor" VALUES('0000741','0304669');
INSERT INTO "Actor" VALUES('0593310','0304669');
INSERT INTO "Actor" VALUES('0472710','0304669');
INSERT INTO "Actor" VALUES('0005156','0304669');
INSERT INTO "Actor" VALUES('0001662','0304669');
INSERT INTO "Actor" VALUES('0000188','0349205');
INSERT INTO "Actor" VALUES('0001372','0349205');
INSERT INTO "Actor" VALUES('0005305','0349205');
INSERT INTO "Actor" VALUES('0919991','0349205');
INSERT INTO "Actor" VALUES('0240381','0349205');
INSERT INTO "Actor" VALUES('0001454','0172156');
INSERT INTO "Actor" VALUES('0000226','0172156');
INSERT INTO "Actor" VALUES('0003244','0172156');
INSERT INTO "Actor" VALUES('0005517','0172156');
INSERT INTO "Actor" VALUES('0001780','0172156');
INSERT INTO "Actor" VALUES('0000245','0119217');
INSERT INTO "Actor" VALUES('0000354','0119217');
INSERT INTO "Actor" VALUES('0000255','0119217');
INSERT INTO "Actor" VALUES('0001745','0119217');
INSERT INTO "Actor" VALUES('0000378','0119217');
INSERT INTO "Actor" VALUES('0000297','0091763');
INSERT INTO "Actor" VALUES('0000353','0091763');
INSERT INTO "Actor" VALUES('0000221','0091763');
INSERT INTO "Actor" VALUES('0001845','0091763');
INSERT INTO "Actor" VALUES('0005331','0091763');
INSERT INTO "Actor" VALUES('0000665','0130623');
INSERT INTO "Actor" VALUES('0005569','0130623');
INSERT INTO "Actor" VALUES('0001115','0130623');
INSERT INTO "Actor" VALUES('0143295','0130623');
INSERT INTO "Actor" VALUES('0659363','0130623');
INSERT INTO "Actor" VALUES('0000158','0120689');
INSERT INTO "Actor" VALUES('0001556','0120689');
INSERT INTO "Actor" VALUES('0001372','0120689');
INSERT INTO "Actor" VALUES('0003817','0120689');
INSERT INTO "Actor" VALUES('0000342','0120689');
INSERT INTO "Actor" VALUES('0000154','0117438');
INSERT INTO "Actor" VALUES('0000623','0117438');
INSERT INTO "Actor" VALUES('0634509','0117438');
INSERT INTO "Actor" VALUES('0000641','0117438');
INSERT INTO "Actor" VALUES('0005148','0117438');
INSERT INTO "Actor" VALUES('0000335','0115433');
INSERT INTO "Actor" VALUES('0001099','0115433');
INSERT INTO "Actor" VALUES('0000613','0115433');
INSERT INTO "Actor" VALUES('0687506','0115433');
INSERT INTO "Actor" VALUES('0491402','0115433');
INSERT INTO "Actor" VALUES('0000111','0120685');
INSERT INTO "Actor" VALUES('0000606','0120685');
INSERT INTO "Actor" VALUES('0001623','0120685');
INSERT INTO "Actor" VALUES('0000279','0120685');
INSERT INTO "Actor" VALUES('0242656','0120685');
INSERT INTO "Actor" VALUES('0387432','0100758');
INSERT INTO "Actor" VALUES('0000480','0100758');
INSERT INTO "Actor" VALUES('0656929','0100758');
INSERT INTO "Actor" VALUES('0785435','0100758');
INSERT INTO "Actor" VALUES('0286335','0100758');
INSERT INTO "Actor" VALUES('0000245','0129290');
INSERT INTO "Actor" VALUES('0518687','0129290');
INSERT INTO "Actor" VALUES('0005321','0129290');
INSERT INTO "Actor" VALUES('0000450','0129290');
INSERT INTO "Actor" VALUES('0348409','0129290');
INSERT INTO "Actor" VALUES('0000008','0068646');
INSERT INTO "Actor" VALUES('0000199','0068646');
INSERT INTO "Actor" VALUES('0001001','0068646');
INSERT INTO "Actor" VALUES('0144710','0068646');
INSERT INTO "Actor" VALUES('0000380','0068646');
INSERT INTO "Actor" VALUES('0000008','0078346');
INSERT INTO "Actor" VALUES('0000432','0078346');
INSERT INTO "Actor" VALUES('0001659','0078346');
INSERT INTO "Actor" VALUES('0000885','0078346');
INSERT INTO "Actor" VALUES('0178114','0078346');
INSERT INTO "Actor" VALUES('0000125','0117500');
INSERT INTO "Actor" VALUES('0000115','0117500');
INSERT INTO "Actor" VALUES('0000438','0117500');
INSERT INTO "Actor" VALUES('0817983','0117500');
INSERT INTO "Actor" VALUES('0001556','0117500');
INSERT INTO "Actor" VALUES('0103785','0371606');
INSERT INTO "Actor" VALUES('0005190','0371606');
INSERT INTO "Actor" VALUES('0461455','0371606');
INSERT INTO "Actor" VALUES('0001772','0371606');
INSERT INTO "Actor" VALUES('0781238','0371606');
INSERT INTO "Actor" VALUES('0001191','0305224');
INSERT INTO "Actor" VALUES('0000197','0305224');
INSERT INTO "Actor" VALUES('0000673','0305224');
INSERT INTO "Actor" VALUES('0350079','0305224');
INSERT INTO "Actor" VALUES('0521781','0305224');
INSERT INTO "Actor" VALUES('0002103','0332452');
INSERT INTO "Actor" VALUES('0004051','0332452');
INSERT INTO "Actor" VALUES('0428923','0332452');
INSERT INTO "Actor" VALUES('0549539','0332452');
INSERT INTO "Actor" VALUES('0808559','0332452');
INSERT INTO "Actor" VALUES('0000188','0305669');
INSERT INTO "Actor" VALUES('0001451','0305669');
INSERT INTO "Actor" VALUES('0506405','0305669');
INSERT INTO "Actor" VALUES('0687506','0305669');
INSERT INTO "Actor" VALUES('0005443','0305669');
INSERT INTO "Actor" VALUES('0051509','0286716');
INSERT INTO "Actor" VALUES('0000124','0286716');
INSERT INTO "Actor" VALUES('0000385','0286716');
INSERT INTO "Actor" VALUES('0524197','0286716');
INSERT INTO "Actor" VALUES('0000560','0286716');
INSERT INTO "Actor" VALUES('0000129','0181689');
INSERT INTO "Actor" VALUES('0268199','0181689');
INSERT INTO "Actor" VALUES('0004996','0181689');
INSERT INTO "Actor" VALUES('0001884','0181689');
INSERT INTO "Actor" VALUES('0608090','0181689');
INSERT INTO "Actor" VALUES('0001401','0146316');
INSERT INTO "Actor" VALUES('0000685','0146316');
INSERT INTO "Actor" VALUES('0322513','0146316');
INSERT INTO "Actor" VALUES('0852965','0146316');
INSERT INTO "Actor" VALUES('0185819','0146316');
INSERT INTO "Actor" VALUES('0000149','0102926');
INSERT INTO "Actor" VALUES('0000164','0102926');
INSERT INTO "Actor" VALUES('0001277','0102926');
INSERT INTO "Actor" VALUES('0372217','0102926');
INSERT INTO "Actor" VALUES('0505971','0102926');
INSERT INTO "Actor" VALUES('0001548','0097523');
INSERT INTO "Actor" VALUES('0001242','0097523');
INSERT INTO "Actor" VALUES('0833519','0097523');
INSERT INTO "Actor" VALUES('0840133','0097523');
INSERT INTO "Actor" VALUES('0114787','0097523');
INSERT INTO "Actor" VALUES('0000422','0109813');
INSERT INTO "Actor" VALUES('0001610','0109813');
INSERT INTO "Actor" VALUES('0001548','0109813');
INSERT INTO "Actor" VALUES('0005280','0109813');
INSERT INTO "Actor" VALUES('0001492','0109813');
INSERT INTO "Actor" VALUES('0000228','0169547');
INSERT INTO "Actor" VALUES('0000906','0169547');
INSERT INTO "Actor" VALUES('0000301','0169547');
INSERT INTO "Actor" VALUES('0004747','0169547');
INSERT INTO "Actor" VALUES('0002546','0169547');
INSERT INTO "Actor" VALUES('0000152','0084434');
INSERT INTO "Actor" VALUES('0000700','0084434');
INSERT INTO "Actor" VALUES('0001418','0084434');
INSERT INTO "Actor" VALUES('0005162','0084434');
INSERT INTO "Actor" VALUES('0089408','0084434');
INSERT INTO "Actor" VALUES('0000154','0122151');
INSERT INTO "Actor" VALUES('0000418','0122151');
INSERT INTO "Actor" VALUES('0000582','0122151');
INSERT INTO "Actor" VALUES('0000623','0122151');
INSERT INTO "Actor" VALUES('0001674','0122151');
INSERT INTO "Actor" VALUES('0000142','0405159');
INSERT INTO "Actor" VALUES('0005476','0405159');
INSERT INTO "Actor" VALUES('0000151','0405159');
INSERT INTO "Actor" VALUES('0059431','0405159');
INSERT INTO "Actor" VALUES('1591496','0405159');
INSERT INTO "Actor" VALUES('0004937','0350258');
INSERT INTO "Actor" VALUES('0913488','0350258');
INSERT INTO "Actor" VALUES('0005093','0350258');
INSERT INTO "Actor" VALUES('0694066','0350258');
INSERT INTO "Actor" VALUES('0502015','0350258');
INSERT INTO "Actor" VALUES('0000138','0338751');
INSERT INTO "Actor" VALUES('0000949','0338751');
INSERT INTO "Actor" VALUES('0000295','0338751');
INSERT INTO "Actor" VALUES('0000604','0338751');
INSERT INTO "Actor" VALUES('0000285','0338751');
INSERT INTO "Actor" VALUES('0000576','0327056');
INSERT INTO "Actor" VALUES('0000209','0327056');
INSERT INTO "Actor" VALUES('0000102','0327056');
INSERT INTO "Actor" VALUES('0000401','0327056');
INSERT INTO "Actor" VALUES('0001315','0327056');
INSERT INTO "Actor" VALUES('0000234','0340855');
INSERT INTO "Actor" VALUES('0000207','0340855');
INSERT INTO "Actor" VALUES('0001136','0340855');
INSERT INTO "Actor" VALUES('0855564','0340855');
INSERT INTO "Actor" VALUES('0179960','0340855');
INSERT INTO "Actor" VALUES('0000179','0159365');
INSERT INTO "Actor" VALUES('0000173','0159365');
INSERT INTO "Actor" VALUES('0000250','0159365');
INSERT INTO "Actor" VALUES('0040586','0159365');
INSERT INTO "Actor" VALUES('0322407','0159365');
INSERT INTO "Actor" VALUES('0004778','0253474');
INSERT INTO "Actor" VALUES('0470981','0253474');
INSERT INTO "Actor" VALUES('0277975','0253474');
INSERT INTO "Actor" VALUES('0513520','0253474');
INSERT INTO "Actor" VALUES('0288976','0253474');
INSERT INTO "Actor" VALUES('0000173','0274558');
INSERT INTO "Actor" VALUES('0000194','0274558');
INSERT INTO "Actor" VALUES('0000658','0274558');
INSERT INTO "Actor" VALUES('0226820','0274558');
INSERT INTO "Actor" VALUES('0001669','0274558');
INSERT INTO "Actor" VALUES('0000115','0268126');
INSERT INTO "Actor" VALUES('0000658','0268126');
INSERT INTO "Actor" VALUES('0177933','0268126');
INSERT INTO "Actor" VALUES('0786806','0268126');
INSERT INTO "Actor" VALUES('0842770','0268126');
INSERT INTO "Actor" VALUES('0000243','0139654');
INSERT INTO "Actor" VALUES('0000160','0139654');
INSERT INTO "Actor" VALUES('0001277','0139654');
INSERT INTO "Actor" VALUES('0000297','0139654');
INSERT INTO "Actor" VALUES('0950867','0139654');
INSERT INTO "Actor" VALUES('0000671','0285742');
INSERT INTO "Actor" VALUES('0801231','0285742');
INSERT INTO "Actor" VALUES('1102991','0285742');
INSERT INTO "Actor" VALUES('0005132','0285742');
INSERT INTO "Actor" VALUES('1102875','0285742');
INSERT INTO "Actor" VALUES('0000932','0285742');
INSERT INTO "Actor" VALUES('0001132','0280778');
INSERT INTO "Actor" VALUES('0000980','0280778');
INSERT INTO "Actor" VALUES('0000701','0280778');
INSERT INTO "Actor" VALUES('0095017','0280778');
INSERT INTO "Actor" VALUES('0934362','0280778');
INSERT INTO "Actor" VALUES('0000210','0195685');
INSERT INTO "Actor" VALUES('0109773','0195685');
INSERT INTO "Actor" VALUES('0225767','0195685');
INSERT INTO "Actor" VALUES('0001215','0195685');
INSERT INTO "Actor" VALUES('0735538','0195685');
INSERT INTO "Actor" VALUES('0001125','0181865');
INSERT INTO "Actor" VALUES('0889846','0181865');
INSERT INTO "Actor" VALUES('0154530','0181865');
INSERT INTO "Actor" VALUES('0005398','0181865');
INSERT INTO "Actor" VALUES('0587401','0181865');
INSERT INTO "Actor" VALUES('0000438','0183659');
INSERT INTO "Actor" VALUES('0001315','0183659');
INSERT INTO "Actor" VALUES('0101005','0183659');
INSERT INTO "Actor" VALUES('0000124','0183659');
INSERT INTO "Actor" VALUES('0001069','0183659');
INSERT INTO "Actor" VALUES('0005476','0171804');
INSERT INTO "Actor" VALUES('0001721','0171804');
INSERT INTO "Actor" VALUES('0765597','0171804');
INSERT INTO "Actor" VALUES('0786639','0171804');
INSERT INTO "Actor" VALUES('0329773','0171804');
INSERT INTO "Actor" VALUES('0001497','0124315');
INSERT INTO "Actor" VALUES('0000234','0124315');
INSERT INTO "Actor" VALUES('0005148','0124315');
INSERT INTO "Actor" VALUES('0748620','0124315');
INSERT INTO "Actor" VALUES('0000323','0124315');
INSERT INTO "Actor" VALUES('0000213','0172493');
INSERT INTO "Actor" VALUES('0001401','0172493');
INSERT INTO "Actor" VALUES('0245112','0172493');
INSERT INTO "Actor" VALUES('0005261','0172493');
INSERT INTO "Actor" VALUES('0005253','0172493');
INSERT INTO "Actor" VALUES('0000569','0138097');
INSERT INTO "Actor" VALUES('0001691','0138097');
INSERT INTO "Actor" VALUES('0001212','0138097');
INSERT INTO "Actor" VALUES('0929489','0138097');
INSERT INTO "Actor" VALUES('0640838','0138097');
INSERT INTO "Actor" VALUES('0000905','0118799');
INSERT INTO "Actor" VALUES('0000971','0118799');
INSERT INTO "Actor" VALUES('0243842','0118799');
INSERT INTO "Actor" VALUES('0082979','0118799');
INSERT INTO "Actor" VALUES('0518057','0118799');
INSERT INTO "Actor" VALUES('0000560','0118564');
INSERT INTO "Actor" VALUES('0000651','0118564');
INSERT INTO "Actor" VALUES('0000336','0118564');
INSERT INTO "Actor" VALUES('0000353','0118564');
INSERT INTO "Actor" VALUES('0002148','0118564');
INSERT INTO "Actor" VALUES('0001132','0138097');
INSERT INTO "Actor" VALUES('0000228','0119488');
INSERT INTO "Actor" VALUES('0000128','0119488');
INSERT INTO "Actor" VALUES('0001602','0119488');
INSERT INTO "Actor" VALUES('0000342','0119488');
INSERT INTO "Actor" VALUES('0000107','0119488');
INSERT INTO "Actor" VALUES('0000146','0116209');
INSERT INTO "Actor" VALUES('0000300','0116209');
INSERT INTO "Actor" VALUES('0000353','0116209');
INSERT INTO "Actor" VALUES('0000218','0116209');
INSERT INTO "Actor" VALUES('0004710','0116209');
INSERT INTO "Actor" VALUES('0001691','0117631');
INSERT INTO "Actor" VALUES('0104051','0117631');
INSERT INTO "Actor" VALUES('0865286','0117631');
INSERT INTO "Actor" VALUES('0371824','0117631');
INSERT INTO "Actor" VALUES('0706162','0117631');
INSERT INTO "Actor" VALUES('0000531','0116282');
INSERT INTO "Actor" VALUES('0000513','0116282');
INSERT INTO "Actor" VALUES('0000114','0116282');
INSERT INTO "Actor" VALUES('0696193','0116282');
INSERT INTO "Actor" VALUES('0001780','0116282');
INSERT INTO "Actor" VALUES('0000154','0112573');
INSERT INTO "Actor" VALUES('0732703','0112573');
INSERT INTO "Actor" VALUES('0492566','0112573');
INSERT INTO "Actor" VALUES('0625729','0112573');
INSERT INTO "Actor" VALUES('0181920','0112573');
INSERT INTO "Actor" VALUES('0000115','0113627');
INSERT INTO "Actor" VALUES('0000223','0113627');
INSERT INTO "Actor" VALUES('0001696','0113627');
INSERT INTO "Actor" VALUES('0507659','0113627');
INSERT INTO "Actor" VALUES('0001836','0113627');
INSERT INTO "Actor" VALUES('0000215','0112818');
INSERT INTO "Actor" VALUES('0000576','0112818');
INSERT INTO "Actor" VALUES('0698764','0112818');
INSERT INTO "Actor" VALUES('0000855','0112818');
INSERT INTO "Actor" VALUES('0000388','0112818');
INSERT INTO "Actor" VALUES('0000286','0114814');
INSERT INTO "Actor" VALUES('0000321','0114814');
INSERT INTO "Actor" VALUES('0001125','0114814');
INSERT INTO "Actor" VALUES('0001629','0114814');
INSERT INTO "Actor" VALUES('0000228','0114814');
INSERT INTO "Actor" VALUES('0086322','0113819');
INSERT INTO "Actor" VALUES('0147503','0113819');
INSERT INTO "Actor" VALUES('0149654','0113819');
INSERT INTO "Actor" VALUES('0209340','0113819');
INSERT INTO "Actor" VALUES('0227226','0113819');
INSERT INTO "Actor" VALUES('0000227','0113819');
INSERT INTO "Actor" VALUES('0001448','0109306');
INSERT INTO "Actor" VALUES('0000169','0109306');
INSERT INTO "Actor" VALUES('0000959','0109306');
INSERT INTO "Actor" VALUES('0811202','0109306');
INSERT INTO "Actor" VALUES('0000504','0109306');
INSERT INTO "Actor" VALUES('0000136','0109707');
INSERT INTO "Actor" VALUES('0001445','0109707');
INSERT INTO "Actor" VALUES('0000572','0109707');
INSERT INTO "Actor" VALUES('0000099','0109707');
INSERT INTO "Actor" VALUES('0000470','0109707');
INSERT INTO "Actor" VALUES('0000131','0109348');
INSERT INTO "Actor" VALUES('0912001','0109348');
INSERT INTO "Actor" VALUES('0001848','0109348');
INSERT INTO "Actor" VALUES('0802831','0109348');
INSERT INTO "Actor" VALUES('0000236','0109348');
INSERT INTO "Actor" VALUES('0000553','0108052');
INSERT INTO "Actor" VALUES('0001426','0108052');
INSERT INTO "Actor" VALUES('0000146','0108052');
INSERT INTO "Actor" VALUES('0328751','0108052');
INSERT INTO "Actor" VALUES('0755974','0108052');
INSERT INTO "Actor" VALUES('0000158','0107818');
INSERT INTO "Actor" VALUES('0000243','0107818');
INSERT INTO "Actor" VALUES('0561809','0107818');
INSERT INTO "Actor" VALUES('0453248','0107818');
INSERT INTO "Actor" VALUES('0278052','0107818');
INSERT INTO "Actor" VALUES('0000456','0107822');
INSERT INTO "Actor" VALUES('0000172','0107822');
INSERT INTO "Actor" VALUES('0000554','0107822');
INSERT INTO "Actor" VALUES('0001593','0107822');
INSERT INTO "Actor" VALUES('0907942','0107822');
INSERT INTO "Actor" VALUES('0000142','0105695');
INSERT INTO "Actor" VALUES('0000432','0105695');
INSERT INTO "Actor" VALUES('0000151','0105695');
INSERT INTO "Actor" VALUES('0001321','0105695');
INSERT INTO "Actor" VALUES('0941316','0105695');
INSERT INTO "Actor" VALUES('0000199','0105323');
INSERT INTO "Actor" VALUES('0000563','0105323');
INSERT INTO "Actor" VALUES('0714310','0105323');
INSERT INTO "Actor" VALUES('0000270','0105323');
INSERT INTO "Actor" VALUES('0000450','0105323');
INSERT INTO "Actor" VALUES('0000603','0104454');
INSERT INTO "Actor" VALUES('0000307','0104454');
INSERT INTO "Actor" VALUES('0071851','0104454');
INSERT INTO "Actor" VALUES('0000668','0104454');
INSERT INTO "Actor" VALUES('0768795','0104454');
INSERT INTO "Actor" VALUES('0000582','0104952');
INSERT INTO "Actor" VALUES('0001494','0104952');
INSERT INTO "Actor" VALUES('0000673','0104952');
INSERT INTO "Actor" VALUES('0925943','0104952');
INSERT INTO "Actor" VALUES('0001304','0104952');
INSERT INTO "Actor" VALUES('0000345','0101587');
INSERT INTO "Actor" VALUES('0827663','0101587');
INSERT INTO "Actor" VALUES('0456124','0101587');
INSERT INTO "Actor" VALUES('0923210','0101587');
INSERT INTO "Actor" VALUES('0000644','0101587');
INSERT INTO "Actor" VALUES('0001588','0101587');
INSERT INTO "Actor" VALUES('0000313','0101889');
INSERT INTO "Actor" VALUES('0117035','0101889');
INSERT INTO "Actor" VALUES('0000245','0101889');
INSERT INTO "Actor" VALUES('0518394','0101889');
INSERT INTO "Actor" VALUES('0001689','0101889');
INSERT INTO "Actor" VALUES('0000335','0100486');
INSERT INTO "Actor" VALUES('0000460','0100486');
INSERT INTO "Actor" VALUES('0798779','0100486');
INSERT INTO "Actor" VALUES('0001711','0100486');
INSERT INTO "Actor" VALUES('0353467','0100486');
INSERT INTO "Actor" VALUES('0001001','0100157');
INSERT INTO "Actor" VALUES('0000870','0100157');
INSERT INTO "Actor" VALUES('0002070','0100157');
INSERT INTO "Actor" VALUES('0827973','0100157');
INSERT INTO "Actor" VALUES('0000002','0100157');
INSERT INTO "Actor" VALUES('0000134','0099685');
INSERT INTO "Actor" VALUES('0000501','0099685');
INSERT INTO "Actor" VALUES('0000582','0099685');
INSERT INTO "Actor" VALUES('0000966','0099685');
INSERT INTO "Actor" VALUES('0000649','0099685');
INSERT INTO "Actor" VALUES('0000151','0097239');
INSERT INTO "Actor" VALUES('0001788','0097239');
INSERT INTO "Actor" VALUES('0000101','0097239');
INSERT INTO "Actor" VALUES('0526985','0097239');
INSERT INTO "Actor" VALUES('0738354','0097239');
INSERT INTO "Actor" VALUES('0000358','0097937');
INSERT INTO "Actor" VALUES('0002084','0097937');
INSERT INTO "Actor" VALUES('0924009','0097937');
INSERT INTO "Actor" VALUES('0792202','0097937');
INSERT INTO "Actor" VALUES('0188520','0097937');
INSERT INTO "Actor" VALUES('0000111','0097441');
INSERT INTO "Actor" VALUES('0000243','0097441');
INSERT INTO "Actor" VALUES('0000144','0097441');
INSERT INTO "Actor" VALUES('0000151','0097441');
INSERT INTO "Actor" VALUES('0448097','0097441');
INSERT INTO "Actor" VALUES('0000129','0096969');
INSERT INTO "Actor" VALUES('0488267','0096969');
INSERT INTO "Actor" VALUES('0000855','0096969');
INSERT INTO "Actor" VALUES('0442512','0096969');
INSERT INTO "Actor" VALUES('0262923','0096969');
INSERT INTO "Actor" VALUES('0000534','0094608');
INSERT INTO "Actor" VALUES('0000149','0094608');
INSERT INTO "Actor" VALUES('0183464','0094608');
INSERT INTO "Actor" VALUES('0744235','0094608');
INSERT INTO "Actor" VALUES('0372475','0094608');
INSERT INTO "Actor" VALUES('0000092','0095159');
INSERT INTO "Actor" VALUES('0000130','0095159');
INSERT INTO "Actor" VALUES('0000177','0095159');
INSERT INTO "Actor" VALUES('0001589','0095159');
INSERT INTO "Actor" VALUES('0014883','0095159');
INSERT INTO "Actor" VALUES('0000458','0094606');
INSERT INTO "Actor" VALUES('0000678','0094606');
INSERT INTO "Actor" VALUES('0000133','0094606');
INSERT INTO "Actor" VALUES('0942195','0094606');
INSERT INTO "Actor" VALUES('0001773','0094606');
INSERT INTO "Actor" VALUES('0518821','0093389');
INSERT INTO "Actor" VALUES('0001040','0093389');
INSERT INTO "Actor" VALUES('0000564','0093389');
INSERT INTO "Actor" VALUES('0948078','0093389');
INSERT INTO "Actor" VALUES('0939378','0093389');
INSERT INTO "Actor" VALUES('0000221','0094291');
INSERT INTO "Actor" VALUES('0876645','0094291');
INSERT INTO "Actor" VALUES('0184429','0094291');
INSERT INTO "Actor" VALUES('0679406','0094291');
INSERT INTO "Actor" VALUES('0001525','0094291');
INSERT INTO "Actor" VALUES('0000140','0094291');
INSERT INTO "Actor" VALUES('0000333','0093565');
INSERT INTO "Actor" VALUES('0000115','0093565');
INSERT INTO "Actor" VALUES('0306696','0093565');
INSERT INTO "Actor" VALUES('0001156','0093565');
INSERT INTO "Actor" VALUES('0000732','0093565');
INSERT INTO "Actor" VALUES('0000126','0094226');
INSERT INTO "Actor" VALUES('0000125','0094226');
INSERT INTO "Actor" VALUES('0001747','0094226');
INSERT INTO "Actor" VALUES('0000412','0094226');
INSERT INTO "Actor" VALUES('0000134','0094226');
INSERT INTO "Actor" VALUES('0000056','0090863');
INSERT INTO "Actor" VALUES('0000129','0090863');
INSERT INTO "Actor" VALUES('0001512','0090863');
INSERT INTO "Actor" VALUES('0001726','0090863');
INSERT INTO "Actor" VALUES('0001806','0090863');
INSERT INTO "Actor" VALUES('0000458','0090830');
INSERT INTO "Actor" VALUES('0559144','0090830');
INSERT INTO "Actor" VALUES('0001453','0090830');
INSERT INTO "Actor" VALUES('0097842','0090830');
INSERT INTO "Actor" VALUES('0327160','0090830');
INSERT INTO "Actor" VALUES('0001347','0091167');
INSERT INTO "Actor" VALUES('0000402','0091167');
INSERT INTO "Actor" VALUES('0000323','0091167');
INSERT INTO "Actor" VALUES('0001201','0091167');
INSERT INTO "Actor" VALUES('0001848','0091167');
INSERT INTO "Actor" VALUES('0000658','0089755');
INSERT INTO "Actor" VALUES('0000602','0089755');
INSERT INTO "Actor" VALUES('0001970','0089755');
INSERT INTO "Actor" VALUES('0457655','0089755');
INSERT INTO "Actor" VALUES('0100942','0089755');
INSERT INTO "Actor" VALUES('0000458','0089424');
INSERT INTO "Actor" VALUES('0000471','0089424');
INSERT INTO "Actor" VALUES('0000968','0089424');
INSERT INTO "Actor" VALUES('0506784','0089424');
INSERT INTO "Actor" VALUES('0328604','0089424');
INSERT INTO "Actor" VALUES('0656183','0090203');
INSERT INTO "Actor" VALUES('0001334','0090203');
INSERT INTO "Actor" VALUES('0323344','0090203');
INSERT INTO "Actor" VALUES('0103071','0090203');
INSERT INTO "Actor" VALUES('0000360','0090203');
INSERT INTO "Actor" VALUES('0000747','0088933');
INSERT INTO "Actor" VALUES('0000979','0088933');
INSERT INTO "Actor" VALUES('0002025','0088933');
INSERT INTO "Actor" VALUES('0001133','0088933');
INSERT INTO "Actor" VALUES('0318527','0088933');
INSERT INTO "Actor" VALUES('0000197','0089841');
INSERT INTO "Actor" VALUES('0000678','0089841');
INSERT INTO "Actor" VALUES('0005162','0089841');
INSERT INTO "Actor" VALUES('0709907','0089841');
INSERT INTO "Actor" VALUES('0382676','0089841');
INSERT INTO "Actor" VALUES('0001378','0089841');
INSERT INTO "Actor" VALUES('0000719','0086879');
INSERT INTO "Actor" VALUES('0001371','0086879');
INSERT INTO "Actor" VALUES('0000931','0086879');
INSERT INTO "Actor" VALUES('0001003','0086879');
INSERT INTO "Actor" VALUES('0234541','0086879');
INSERT INTO "Actor" VALUES('0000398','0087921');
INSERT INTO "Actor" VALUES('0001080','0087921');
INSERT INTO "Actor" VALUES('0000438','0087921');
INSERT INTO "Actor" VALUES('0001496','0087921');
INSERT INTO "Actor" VALUES('0000518','0087921');
INSERT INTO "Actor" VALUES('0001832','0087553');
INSERT INTO "Actor" VALUES('0628955','0087553');
INSERT INTO "Actor" VALUES('0000518','0087553');
INSERT INTO "Actor" VALUES('0001696','0087553');
INSERT INTO "Actor" VALUES('0005266','0087553');
INSERT INTO "Actor" VALUES('0001114','0087892');
INSERT INTO "Actor" VALUES('0051856','0087892');
INSERT INTO "Actor" VALUES('0001919','0087892');
INSERT INTO "Actor" VALUES('0289038','0087892');
INSERT INTO "Actor" VALUES('0000027','0087892');
INSERT INTO "Actor" VALUES('0000511','0086425');
INSERT INTO "Actor" VALUES('0000700','0086425');
INSERT INTO "Actor" VALUES('0000197','0086425');
INSERT INTO "Actor" VALUES('0000362','0086425');
INSERT INTO "Actor" VALUES('0001099','0086425');
INSERT INTO "Actor" VALUES('0000380','0086423');
INSERT INTO "Actor" VALUES('0002128','0086423');
INSERT INTO "Actor" VALUES('0000990','0086423');
INSERT INTO "Actor" VALUES('0000979','0086423');
INSERT INTO "Actor" VALUES('0000289','0086423');
INSERT INTO "Actor" VALUES('0001373','0086617');
INSERT INTO "Actor" VALUES('0000154','0086617');
INSERT INTO "Actor" VALUES('0734368','0086617');
INSERT INTO "Actor" VALUES('0484770','0086617');
INSERT INTO "Actor" VALUES('0208772','0086617');
INSERT INTO "Actor" VALUES('0001426','0083987');
INSERT INTO "Actor" VALUES('0000298','0083987');
INSERT INTO "Actor" VALUES('0002081','0083987');
INSERT INTO "Actor" VALUES('0000024','0083987');
INSERT INTO "Actor" VALUES('0002145','0083987');
INSERT INTO "Actor" VALUES('0000658','0084707');
INSERT INTO "Actor" VALUES('0000177','0084707');
INSERT INTO "Actor" VALUES('0001493','0084707');
INSERT INTO "Actor" VALUES('0439334','0084707');
INSERT INTO "Actor" VALUES('0628273','0084707');
INSERT INTO "Actor" VALUES('0001283','0084434');
INSERT INTO "Actor" VALUES('0268297','0082158');
INSERT INTO "Actor" VALUES('0369814','0082158');
INSERT INTO "Actor" VALUES('0153182','0082158');
INSERT INTO "Actor" VALUES('0002027','0082158');
INSERT INTO "Actor" VALUES('0314776','0082158');
INSERT INTO "Actor" VALUES('0000031','0082846');
INSERT INTO "Actor" VALUES('0000020','0082846');
INSERT INTO "Actor" VALUES('0000404','0082846');
INSERT INTO "Actor" VALUES('0571630','0082846');
INSERT INTO "Actor" VALUES('0001056','0082846');
INSERT INTO "Actor" VALUES('0001545','0082031');
INSERT INTO "Actor" VALUES('0591485','0082031');
INSERT INTO "Actor" VALUES('0000024','0082031');
INSERT INTO "Actor" VALUES('0280242','0082031');
INSERT INTO "Actor" VALUES('0251708','0082031');
INSERT INTO "Actor" VALUES('0000886','0082979');
INSERT INTO "Actor" VALUES('0000473','0082979');
INSERT INTO "Actor" VALUES('0001346','0082979');
INSERT INTO "Actor" VALUES('0467085','0082979');
INSERT INTO "Actor" VALUES('0000197','0082979');
INSERT INTO "Actor" VALUES('0822972','0082979');
INSERT INTO "Actor" VALUES('0000661','0081283');
INSERT INTO "Actor" VALUES('0001546','0081283');
INSERT INTO "Actor" VALUES('0002139','0081283');
INSERT INTO "Actor" VALUES('0000459','0081283');
INSERT INTO "Actor" VALUES('0001826','0081283');
INSERT INTO "Actor" VALUES('0000134','0081398');
INSERT INTO "Actor" VALUES('0001550','0081398');
INSERT INTO "Actor" VALUES('0000582','0081398');
INSERT INTO "Actor" VALUES('0898634','0081398');
INSERT INTO "Actor" VALUES('0170225','0081398');
INSERT INTO "Actor" VALUES('0000651','0080549');
INSERT INTO "Actor" VALUES('0000169','0080549');
INSERT INTO "Actor" VALUES('0375629','0080549');
INSERT INTO "Actor" VALUES('0101992','0080549');
INSERT INTO "Actor" VALUES('0026286','0080549');
INSERT INTO "Actor" VALUES('0001673','0081150');
INSERT INTO "Actor" VALUES('0494432','0081150');
INSERT INTO "Actor" VALUES('0156187','0081150');
INSERT INTO "Actor" VALUES('0005460','0081150');
INSERT INTO "Actor" VALUES('0852118','0081150');
INSERT INTO "Actor" VALUES('0000163','0079417');
INSERT INTO "Actor" VALUES('0000658','0079417');
INSERT INTO "Actor" VALUES('0000737','0079417');
INSERT INTO "Actor" VALUES('0377888','0079417');
INSERT INTO "Actor" VALUES('0003318','0079417');
INSERT INTO "Actor" VALUES('0000398','0079638');
INSERT INTO "Actor" VALUES('0000977','0079638');
INSERT INTO "Actor" VALUES('0500038','0079638');
INSERT INTO "Actor" VALUES('0385757','0079638');
INSERT INTO "Actor" VALUES('0062642','0079638');
INSERT INTO "Actor" VALUES('0000634','0078841');
INSERT INTO "Actor" VALUES('0000511','0078841');
INSERT INTO "Actor" VALUES('0002048','0078841');
INSERT INTO "Actor" VALUES('0912001','0078841');
INSERT INTO "Actor" VALUES('0246004','0078841');
INSERT INTO "Actor" VALUES('0000134','0077416');
INSERT INTO "Actor" VALUES('0001030','0077416');
INSERT INTO "Actor" VALUES('0001698','0077416');
INSERT INTO "Actor" VALUES('0000686','0077416');
INSERT INTO "Actor" VALUES('0000658','0077416');
INSERT INTO "Actor" VALUES('0000404','0077362');
INSERT INTO "Actor" VALUES('0000685','0077362');
INSERT INTO "Actor" VALUES('0001136','0077362');
INSERT INTO "Actor" VALUES('0587340','0077362');
INSERT INTO "Actor" VALUES('0001019','0077362');
INSERT INTO "Actor" VALUES('0000404','0077289');
INSERT INTO "Actor" VALUES('0000257','0077289');
INSERT INTO "Actor" VALUES('0001749','0077289');
INSERT INTO "Actor" VALUES('0000323','0077289');
INSERT INTO "Actor" VALUES('0000527','0077289');
INSERT INTO "Actor" VALUES('0000095','0075686');
INSERT INTO "Actor" VALUES('0000473','0075686');
INSERT INTO "Actor" VALUES('0731634','0075686');
INSERT INTO "Actor" VALUES('0001406','0075686');
INSERT INTO "Actor" VALUES('0800328','0075686');
INSERT INTO "Actor" VALUES('0000377','0076095');
INSERT INTO "Actor" VALUES('0556850','0076095');
INSERT INTO "Actor" VALUES('0191944','0076095');
INSERT INTO "Actor" VALUES('0070801','0076095');
INSERT INTO "Actor" VALUES('0722315','0076095');
INSERT INTO "Actor" VALUES('0000404','0076245');
INSERT INTO "Actor" VALUES('0000603','0076245');
INSERT INTO "Actor" VALUES('0001673','0076245');
INSERT INTO "Actor" VALUES('0001703','0076245');
INSERT INTO "Actor" VALUES('0001358','0076245');
INSERT INTO "Actor" VALUES('0000230','0075148');
INSERT INTO "Actor" VALUES('0001735','0075148');
INSERT INTO "Actor" VALUES('0949350','0075148');
INSERT INTO "Actor" VALUES('0001835','0075148');
INSERT INTO "Actor" VALUES('0580565','0075148');
INSERT INTO "Actor" VALUES('0001159','0074958');
INSERT INTO "Actor" VALUES('0000034','0074958');
INSERT INTO "Actor" VALUES('0002075','0074958');
INSERT INTO "Actor" VALUES('0000380','0074958');
INSERT INTO "Actor" VALUES('0011741','0074958');
INSERT INTO "Actor" VALUES('0000163','0074119');
INSERT INTO "Actor" VALUES('0000602','0074119');
INSERT INTO "Actor" VALUES('0912001','0074119');
INSERT INTO "Actor" VALUES('0000842','0074119');
INSERT INTO "Actor" VALUES('0001358','0074119');
INSERT INTO "Actor" VALUES('0001673','0074119');
INSERT INTO "Actor" VALUES('0833152','0074958');
INSERT INTO "Actor" VALUES('0000197','0073486');
INSERT INTO "Actor" VALUES('0001221','0073486');
INSERT INTO "Actor" VALUES('0714835','0073486');
INSERT INTO "Actor" VALUES('0077720','0073486');
INSERT INTO "Actor" VALUES('0110480','0073486');
INSERT INTO "Actor" VALUES('0000527','0073766');
INSERT INTO "Actor" VALUES('0122675','0073766');
INSERT INTO "Actor" VALUES('0000907','0073766');
INSERT INTO "Actor" VALUES('0580607','0073766');
INSERT INTO "Actor" VALUES('0217935','0073766');
INSERT INTO "Actor" VALUES('0000886','0073692');
INSERT INTO "Actor" VALUES('0001046','0073692');
INSERT INTO "Actor" VALUES('0000443','0073692');
INSERT INTO "Actor" VALUES('0335519','0073692');
INSERT INTO "Actor" VALUES('0912001','0073692');
INSERT INTO "Actor" VALUES('0000199','0071562');
INSERT INTO "Actor" VALUES('0000380','0071562');
INSERT INTO "Actor" VALUES('0000473','0071562');
INSERT INTO "Actor" VALUES('0000134','0071562');
INSERT INTO "Actor" VALUES('0001030','0071562');
INSERT INTO "Actor" VALUES('0138770','0071598');
INSERT INTO "Actor" VALUES('0258089','0071598');
INSERT INTO "Actor" VALUES('0074596','0071598');
INSERT INTO "Actor" VALUES('0565731','0071598');
INSERT INTO "Actor" VALUES('0518880','0071598');
INSERT INTO "Actor" VALUES('0070592','0071115');
INSERT INTO "Actor" VALUES('0000995','0071115');
INSERT INTO "Actor" VALUES('0527501','0071115');
INSERT INTO "Actor" VALUES('0124100','0071115');
INSERT INTO "Actor" VALUES('0325959','0071115');
INSERT INTO "Actor" VALUES('0001215','0071877');
INSERT INTO "Actor" VALUES('0000002','0071877');
INSERT INTO "Actor" VALUES('0000842','0071877');
INSERT INTO "Actor" VALUES('0000006','0071877');
INSERT INTO "Actor" VALUES('0000302','0071877');
INSERT INTO "Actor" VALUES('0000493','0070640');
INSERT INTO "Actor" VALUES('0318527','0070640');
INSERT INTO "Actor" VALUES('0374348','0070640');
INSERT INTO "Actor" VALUES('0123680','0070640');
INSERT INTO "Actor" VALUES('0809514','0070640');
INSERT INTO "Actor" VALUES('0001719','0070819');
INSERT INTO "Actor" VALUES('0413559','0070819');
INSERT INTO "Actor" VALUES('0000649','0070819');
INSERT INTO "Actor" VALUES('0130282','0070819');
INSERT INTO "Actor" VALUES('0511695','0070819');
INSERT INTO "Actor" VALUES('0000961','0070509');
INSERT INTO "Actor" VALUES('0905993','0070509');
INSERT INTO "Actor" VALUES('0002144','0070509');
INSERT INTO "Actor" VALUES('0065320','0070509');
INSERT INTO "Actor" VALUES('0622553','0070509');
INSERT INTO "Actor" VALUES('0641939','0070510');
INSERT INTO "Actor" VALUES('0001575','0070510');
INSERT INTO "Actor" VALUES('0001404','0070510');
INSERT INTO "Actor" VALUES('0384916','0070510');
INSERT INTO "Actor" VALUES('0425928','0070510');
INSERT INTO "Actor" VALUES('0591485','0068327');
INSERT INTO "Actor" VALUES('0001868','0068327');
INSERT INTO "Actor" VALUES('0340926','0068327');
INSERT INTO "Actor" VALUES('0001297','0068327');
INSERT INTO "Actor" VALUES('0921202','0068327');
INSERT INTO "Actor" VALUES('0000443','0068326');
INSERT INTO "Actor" VALUES('0001902','0068326');
INSERT INTO "Actor" VALUES('0373012','0068326');
INSERT INTO "Actor" VALUES('0001274','0068326');
INSERT INTO "Actor" VALUES('0912966','0068326');
INSERT INTO "Actor" VALUES('0000432','0067116');
INSERT INTO "Actor" VALUES('0721073','0067116');
INSERT INTO "Actor" VALUES('0001702','0067116');
INSERT INTO "Actor" VALUES('0516215','0067116');
INSERT INTO "Actor" VALUES('0102566','0067116');
INSERT INTO "Actor" VALUES('0000404','0067309');
INSERT INTO "Actor" VALUES('0000661','0067309');
INSERT INTO "Actor" VALUES('0162541','0067309');
INSERT INTO "Actor" VALUES('0001702','0067309');
INSERT INTO "Actor" VALUES('0873148','0067309');
INSERT INTO "Actor" VALUES('0000961','0067328');
INSERT INTO "Actor" VALUES('0000313','0067328');
INSERT INTO "Actor" VALUES('0001732','0067328');
INSERT INTO "Actor" VALUES('0424565','0067328');
INSERT INTO "Actor" VALUES('0001458','0067328');
INSERT INTO "Actor" VALUES('0001715','0066206');
INSERT INTO "Actor" VALUES('0001500','0066206');
INSERT INTO "Actor" VALUES('0950079','0066206');
INSERT INTO "Actor" VALUES('0835021','0066206');
INSERT INTO "Actor" VALUES('0517444','0066206');
INSERT INTO "Actor" VALUES('0000869','0066579');
INSERT INTO "Actor" VALUES('0001657','0066579');
INSERT INTO "Actor" VALUES('0413559','0066579');
INSERT INTO "Actor" VALUES('0511614','0066579');
INSERT INTO "Actor" VALUES('0111376','0066579');
INSERT INTO "Actor" VALUES('0000053','0066319');
INSERT INTO "Actor" VALUES('0002145','0066319');
INSERT INTO "Actor" VALUES('0427756','0066319');
INSERT INTO "Actor" VALUES('0590055','0066319');
INSERT INTO "Actor" VALUES('0571674','0066319');
INSERT INTO "Actor" VALUES('0000044','0065377');
INSERT INTO "Actor" VALUES('0001509','0065377');
INSERT INTO "Actor" VALUES('0781029','0065377');
INSERT INTO "Actor" VALUES('0000302','0065377');
INSERT INTO "Actor" VALUES('0001421','0065377');
INSERT INTO "Actor" VALUES('0371040','0065377');
INSERT INTO "Actor" VALUES('0000163','0064665');
INSERT INTO "Actor" VALUES('0000685','0064665');
INSERT INTO "Actor" VALUES('0587249','0064665');
INSERT INTO "Actor" VALUES('0569410','0064665');
INSERT INTO "Actor" VALUES('0882853','0064665');
INSERT INTO "Actor" VALUES('0000078','0065126');
INSERT INTO "Actor" VALUES('0004794','0065126');
INSERT INTO "Actor" VALUES('0200981','0065126');
INSERT INTO "Actor" VALUES('0805317','0065126');
INSERT INTO "Actor" VALUES('0000380','0065126');
INSERT INTO "Actor" VALUES('0001749','0064840');
INSERT INTO "Actor" VALUES('0827137','0064840');
INSERT INTO "Actor" VALUES('0291512','0064840');
INSERT INTO "Actor" VALUES('0413561','0064840');
INSERT INTO "Actor" VALUES('0424743','0064840');
INSERT INTO "Actor" VALUES('0000404','0065088');
INSERT INTO "Actor" VALUES('0765546','0065088');
INSERT INTO "Actor" VALUES('0948772','0065088');
INSERT INTO "Actor" VALUES('0949574','0065088');
INSERT INTO "Actor" VALUES('0000999','0065088');
INSERT INTO "Actor" VALUES('0000527','0064117');
INSERT INTO "Actor" VALUES('0000006','0064117');
INSERT INTO "Actor" VALUES('0000443','0064117');
INSERT INTO "Actor" VALUES('0922967','0064117');
INSERT INTO "Actor" VALUES('0502360','0064117');
INSERT INTO "Actor" VALUES('0600531','0063385');
INSERT INTO "Actor" VALUES('0908861','0063385');
INSERT INTO "Actor" VALUES('0001657','0063385');
INSERT INTO "Actor" VALUES('0781183','0063385');
INSERT INTO "Actor" VALUES('0504492','0063385');
INSERT INTO "Actor" VALUES('0731772','0062794');
INSERT INTO "Actor" VALUES('0001954','0062794');
INSERT INTO "Actor" VALUES('0803785','0062794');
INSERT INTO "Actor" VALUES('0417824','0062794');
INSERT INTO "Actor" VALUES('0925418','0062794');
INSERT INTO "Actor" VALUES('0000659','0062994');
INSERT INTO "Actor" VALUES('0001725','0062994');
INSERT INTO "Actor" VALUES('0575552','0062994');
INSERT INTO "Actor" VALUES('0004282','0062994');
INSERT INTO "Actor" VALUES('0682074','0062994');
INSERT INTO "Actor" VALUES('0623658','0063654');
INSERT INTO "Actor" VALUES('0016776','0063654');
INSERT INTO "Actor" VALUES('0000640','0063654');
INSERT INTO "Actor" VALUES('0768321','0063654');
INSERT INTO "Actor" VALUES('0930524','0063654');
INSERT INTO "Actor" VALUES('0001201','0063522');
INSERT INTO "Actor" VALUES('0001023','0063522');
INSERT INTO "Actor" VALUES('0002106','0063522');
INSERT INTO "Actor" VALUES('0085782','0063522');
INSERT INTO "Actor" VALUES('0263052','0063522');
INSERT INTO "Actor" VALUES('0001627','0061811');
INSERT INTO "Actor" VALUES('0001768','0061811');
INSERT INTO "Actor" VALUES('0643105','0061811');
INSERT INTO "Actor" VALUES('0335519','0061811');
INSERT INTO "Actor" VALUES('0309588','0061811');
INSERT INTO "Actor" VALUES('0000075','0061735');
INSERT INTO "Actor" VALUES('0001627','0061735');
INSERT INTO "Actor" VALUES('0000031','0061735');
INSERT INTO "Actor" VALUES('0445523','0061735');
INSERT INTO "Actor" VALUES('0723968','0061735');
INSERT INTO "Actor" VALUES('0000056','0061512');
INSERT INTO "Actor" VALUES('0001421','0061512');
INSERT INTO "Actor" VALUES('0134201','0061512');
INSERT INTO "Actor" VALUES('0031398','0061512');
INSERT INTO "Actor" VALUES('0238105','0061512');
INSERT INTO "Actor" VALUES('0000886','0061418');
INSERT INTO "Actor" VALUES('0001159','0061418');
INSERT INTO "Actor" VALUES('0689488','0061418');
INSERT INTO "Actor" VALUES('0000432','0061418');
INSERT INTO "Actor" VALUES('0663820','0061418');
INSERT INTO "Actor" VALUES('0000843','0061722');
INSERT INTO "Actor" VALUES('0000163','0061722');
INSERT INTO "Actor" VALUES('0001684','0061722');
INSERT INTO "Actor" VALUES('0200122','0061722');
INSERT INTO "Actor" VALUES('0358069','0061722');
INSERT INTO "Actor" VALUES('0006890','0060665');
INSERT INTO "Actor" VALUES('0384908','0060665');
INSERT INTO "Actor" VALUES('0571674','0060665');
INSERT INTO "Actor" VALUES('0001727','0060665');
INSERT INTO "Actor" VALUES('0000080','0060665');
INSERT INTO "Actor" VALUES('0000072','0061184');
INSERT INTO "Actor" VALUES('0000009','0061184');
INSERT INTO "Actor" VALUES('0001719','0061184');
INSERT INTO "Actor" VALUES('0006800','0061184');
INSERT INTO "Actor" VALUES('0000493','0060424');
INSERT INTO "Actor" VALUES('0000527','0060424');
INSERT INTO "Actor" VALUES('0723707','0060424');
INSERT INTO "Actor" VALUES('0922165','0060424');
INSERT INTO "Actor" VALUES('0652109','0060424');
INSERT INTO "Actor" VALUES('0000404','0059017');
INSERT INTO "Actor" VALUES('0001511','0059017');
INSERT INTO "Actor" VALUES('0130286','0059017');
INSERT INTO "Actor" VALUES('0382722','0059017');
INSERT INTO "Actor" VALUES('0170713','0059017');
INSERT INTO "Actor" VALUES('0002131','0059084');
INSERT INTO "Actor" VALUES('0001958','0059084');
INSERT INTO "Actor" VALUES('0001046','0059084');
INSERT INTO "Actor" VALUES('0897808','0059084');
INSERT INTO "Actor" VALUES('0192801','0059084');
INSERT INTO "Actor" VALUES('0001673','0059798');
INSERT INTO "Actor" VALUES('0364455','0059798');
INSERT INTO "Actor" VALUES('0000842','0059798');
INSERT INTO "Actor" VALUES('0757256','0059798');
INSERT INTO "Actor" VALUES('0200122','0059798');
INSERT INTO "Actor" VALUES('0001627','0059573');
INSERT INTO "Actor" VALUES('0001859','0059573');
INSERT INTO "Actor" VALUES('0366946','0059573');
INSERT INTO "Actor" VALUES('0285922','0059573');
INSERT INTO "Actor" VALUES('0228853','0059573');
INSERT INTO "Actor" VALUES('0000030','0058385');
INSERT INTO "Actor" VALUES('0001322','0058385');
INSERT INTO "Actor" VALUES('0391361','0058385');
INSERT INTO "Actor" VALUES('0405035','0058385');
INSERT INTO "Actor" VALUES('0178066','0058385');
INSERT INTO "Actor" VALUES('0000267','0058331');
INSERT INTO "Actor" VALUES('0001813','0058331');
INSERT INTO "Actor" VALUES('0866835','0058331');
INSERT INTO "Actor" VALUES('0424318','0058331');
INSERT INTO "Actor" VALUES('0045968','0058331');
INSERT INTO "Actor" VALUES('0580479','0058672');
INSERT INTO "Actor" VALUES('0001811','0058672');
INSERT INTO "Actor" VALUES('0001703','0058672');
INSERT INTO "Actor" VALUES('0605923','0058672');
INSERT INTO "Actor" VALUES('0353916','0058672');
INSERT INTO "Actor" VALUES('0000063','0057831');
INSERT INTO "Actor" VALUES('0000869','0057831');
INSERT INTO "Actor" VALUES('0660327','0057831');
INSERT INTO "Actor" VALUES('0444321','0057831');
INSERT INTO "Actor" VALUES('0610127','0057831');
INSERT INTO "Actor" VALUES('0001215','0057590');
INSERT INTO "Actor" VALUES('0948772','0057590');
INSERT INTO "Actor" VALUES('0341518','0057590');
INSERT INTO "Actor" VALUES('0262725','0057590');
INSERT INTO "Actor" VALUES('0339343','0057590');
INSERT INTO "Actor" VALUES('0001627','0057251');
INSERT INTO "Actor" VALUES('0803785','0057251');
INSERT INTO "Actor" VALUES('0542858','0057251');
INSERT INTO "Actor" VALUES('0187886','0057251');
INSERT INTO "Actor" VALUES('0419051','0057251');
INSERT INTO "Actor" VALUES('0000056','0057163');
INSERT INTO "Actor" VALUES('0002048','0057163');
INSERT INTO "Actor" VALUES('0623658','0057163');
INSERT INTO "Actor" VALUES('0001121','0057163');
INSERT INTO "Actor" VALUES('0000946','0057163');
INSERT INTO "Actor" VALUES('0000072','0057634');
INSERT INTO "Actor" VALUES('0000009','0057634');
INSERT INTO "Actor" VALUES('0431139','0057634');
INSERT INTO "Actor" VALUES('0553349','0057634');
INSERT INTO "Actor" VALUES('0751983','0057634');
INSERT INTO "Actor" VALUES('0000564','0056172');
INSERT INTO "Actor" VALUES('0000027','0056172');
INSERT INTO "Actor" VALUES('0000063','0056172');
INSERT INTO "Actor" VALUES('0370144','0056172');
INSERT INTO "Actor" VALUES('0001725','0056172');
INSERT INTO "Actor" VALUES('0000060','0056592');
INSERT INTO "Actor" VALUES('0000825','0056592');
INSERT INTO "Actor" VALUES('0019221','0056592');
INSERT INTO "Actor" VALUES('0000380','0056592');
INSERT INTO "Actor" VALUES('0576345','0056592');
INSERT INTO "Actor" VALUES('0000843','0056241');
INSERT INTO "Actor" VALUES('0430460','0056241');
INSERT INTO "Actor" VALUES('0842421','0056241');
INSERT INTO "Actor" VALUES('0697785','0056241');
INSERT INTO "Actor" VALUES('0173714','0056241');
INSERT INTO "Actor" VALUES('0000056','0056541');
INSERT INTO "Actor" VALUES('0656183','0056541');
INSERT INTO "Actor" VALUES('0004309','0056541');
INSERT INTO "Actor" VALUES('0003225','0056541');
INSERT INTO "Actor" VALUES('0001800','0056541');
INSERT INTO "Actor" VALUES('0001157','0056241');
INSERT INTO "Actor" VALUES('0000081','0055614');
INSERT INTO "Actor" VALUES('0000937','0055614');
INSERT INTO "Actor" VALUES('0848560','0055614');
INSERT INTO "Actor" VALUES('0001549','0055614');
INSERT INTO "Actor" VALUES('0001995','0055614');
INSERT INTO "Actor" VALUES('0000075','0055031');
INSERT INTO "Actor" VALUES('0000044','0055031');
INSERT INTO "Actor" VALUES('0001847','0055031');
INSERT INTO "Actor" VALUES('0000017','0055031');
INSERT INTO "Actor" VALUES('0001703','0055031');
INSERT INTO "Actor" VALUES('0000047','0054749');
INSERT INTO "Actor" VALUES('0000901','0054749');
INSERT INTO "Actor" VALUES('0113505','0054749');
INSERT INTO "Actor" VALUES('0632426','0054749');
INSERT INTO "Actor" VALUES('0154804','0054749');
INSERT INTO "Actor" VALUES('0000493','0053604');
INSERT INTO "Actor" VALUES('0000511','0053604');
INSERT INTO "Actor" VALUES('0534045','0053604');
INSERT INTO "Actor" VALUES('0001827','0053604');
INSERT INTO "Actor" VALUES('0472816','0053604');
INSERT INTO "Actor" VALUES('0000044','0053793');
INSERT INTO "Actor" VALUES('0001739','0053793');
INSERT INTO "Actor" VALUES('0447913','0053793');
INSERT INTO "Actor" VALUES('0415591','0053793');
INSERT INTO "Actor" VALUES('0429250','0053793');
INSERT INTO "Actor" VALUES('0000072','0053622');
INSERT INTO "Actor" VALUES('0002131','0053622');
INSERT INTO "Actor" VALUES('0279472','0053622');
INSERT INTO "Actor" VALUES('0581277','0053622');
INSERT INTO "Actor" VALUES('0242972','0053622');
INSERT INTO "Actor" VALUES('0000018','0054331');
INSERT INTO "Actor" VALUES('0000059','0054331');
INSERT INTO "Actor" VALUES('0001739','0054331');
INSERT INTO "Actor" VALUES('0001452','0054331');
INSERT INTO "Actor" VALUES('0001811','0054331');
INSERT INTO "Actor" VALUES('0000032','0052618');
INSERT INTO "Actor" VALUES('0370144','0052618');
INSERT INTO "Actor" VALUES('0361823','0052618');
INSERT INTO "Actor" VALUES('0000963','0052618');
INSERT INTO "Actor" VALUES('0341518','0052618');
INSERT INTO "Actor" VALUES('0797531','0053226');
INSERT INTO "Actor" VALUES('0002131','0053226');
INSERT INTO "Actor" VALUES('0780765','0053226');
INSERT INTO "Actor" VALUES('0938372','0053226');
INSERT INTO "Actor" VALUES('0396819','0053226');
INSERT INTO "Actor" VALUES('0674012','0052738');
INSERT INTO "Actor" VALUES('0771584','0052738');
INSERT INTO "Actor" VALUES('0001859','0052738');
INSERT INTO "Actor" VALUES('0000937','0052738');
INSERT INTO "Actor" VALUES('0399345','0052738');
INSERT INTO "Actor" VALUES('0001989','0051658');
INSERT INTO "Actor" VALUES('0002001','0051658');
INSERT INTO "Actor" VALUES('0431139','0051658');
INSERT INTO "Actor" VALUES('0320006','0051658');
INSERT INTO "Actor" VALUES('0001247','0051658');
INSERT INTO "Actor" VALUES('0000039','0052182');
INSERT INTO "Actor" VALUES('0000028','0052182');
INSERT INTO "Actor" VALUES('0000057','0052182');
INSERT INTO "Actor" VALUES('0384908','0052182');
INSERT INTO "Actor" VALUES('0000044','0052182');
INSERT INTO "Actor" VALUES('0001333','0051758');
INSERT INTO "Actor" VALUES('0643000','0051758');
INSERT INTO "Actor" VALUES('0898782','0051758');
INSERT INTO "Actor" VALUES('0000942','0051758');
INSERT INTO "Actor" VALUES('0490639','0051758');
INSERT INTO "Actor" VALUES('0000060','0051411');
INSERT INTO "Actor" VALUES('0001739','0051411');
INSERT INTO "Actor" VALUES('0004647','0051411');
INSERT INTO "Actor" VALUES('0000032','0051411');
INSERT INTO "Actor" VALUES('0412322','0051411');
INSERT INTO "Actor" VALUES('0000034','0050212');
INSERT INTO "Actor" VALUES('0370144','0050212');
INSERT INTO "Actor" VALUES('0000027','0050212');
INSERT INTO "Actor" VALUES('0370564','0050212');
INSERT INTO "Actor" VALUES('0232019','0050212');
INSERT INTO "Actor" VALUES('0940946','0051077');
INSERT INTO "Actor" VALUES('0915536','0051077');
INSERT INTO "Actor" VALUES('0002011','0051077');
INSERT INTO "Actor" VALUES('0422015','0051077');
INSERT INTO "Actor" VALUES('0614816','0051077');
INSERT INTO "Actor" VALUES('0000008','0050933');
INSERT INTO "Actor" VALUES('0654434','0050933');
INSERT INTO "Actor" VALUES('0001258','0050933');
INSERT INTO "Actor" VALUES('0779549','0050933');
INSERT INTO "Actor" VALUES('0846987','0050933');
INSERT INTO "Actor" VALUES('0000999','0050933');
INSERT INTO "Actor" VALUES('0880855','0050933');
INSERT INTO "Actor" VALUES('0000057','0048960');
INSERT INTO "Actor" VALUES('0134594','0048960');
INSERT INTO "Actor" VALUES('0192958','0048960');
INSERT INTO "Actor" VALUES('0605923','0048960');
INSERT INTO "Actor" VALUES('0820105','0048960');
INSERT INTO "Actor" VALUES('0000039','0049408');
INSERT INTO "Actor" VALUES('0000989','0049408');
INSERT INTO "Actor" VALUES('0001549','0049408');
INSERT INTO "Actor" VALUES('0072578','0049408');
INSERT INTO "Actor" VALUES('0766975','0049408');
INSERT INTO "Actor" VALUES('0000006','0048947');
INSERT INTO "Actor" VALUES('0000989','0048947');
INSERT INTO "Actor" VALUES('0371040','0048947');
INSERT INTO "Actor" VALUES('0848667','0048947');
INSERT INTO "Actor" VALUES('0402558','0048947');
INSERT INTO "Actor" VALUES('0000018','0049456');
INSERT INTO "Actor" VALUES('0000063','0049456');
INSERT INTO "Actor" VALUES('0232019','0049456');
INSERT INTO "Actor" VALUES('0114386','0049456');
INSERT INTO "Actor" VALUES('0806041','0049456');
INSERT INTO "Actor" VALUES('0001369','0049966');
INSERT INTO "Actor" VALUES('0000002','0049966');
INSERT INTO "Actor" VALUES('0821041','0049966');
INSERT INTO "Actor" VALUES('0540416','0049966');
INSERT INTO "Actor" VALUES('0445290','0049966');
INSERT INTO "Actor" VALUES('0000072','0049261');
INSERT INTO "Actor" VALUES('0001369','0049261');
INSERT INTO "Actor" VALUES('0000015','0049261');
INSERT INTO "Actor" VALUES('0004647','0049261');
INSERT INTO "Actor" VALUES('0936730','0049261');
INSERT INTO "Actor" VALUES('0000308','0048356');
INSERT INTO "Actor" VALUES('0086198','0048356');
INSERT INTO "Actor" VALUES('0591034','0048356');
INSERT INTO "Actor" VALUES('0162557','0048356');
INSERT INTO "Actor" VALUES('0544064','0048356');
INSERT INTO "Actor" VALUES('0536167','0048563');
INSERT INTO "Actor" VALUES('0000044','0048563');
INSERT INTO "Actor" VALUES('0667542','0048563');
INSERT INTO "Actor" VALUES('0177879','0048563');
INSERT INTO "Actor" VALUES('0340706','0048563');
INSERT INTO "Actor" VALUES('0000020','0048380');
INSERT INTO "Actor" VALUES('0000010','0048380');
INSERT INTO "Actor" VALUES('0001635','0048380');
INSERT INTO "Actor" VALUES('0000493','0048380');
INSERT INTO "Actor" VALUES('0658133','0048380');
INSERT INTO "Actor" VALUES('0364915','0048028');
INSERT INTO "Actor" VALUES('0000015','0048028');
INSERT INTO "Actor" VALUES('0557339','0048028');
INSERT INTO "Actor" VALUES('0412322','0048028');
INSERT INTO "Actor" VALUES('0202501','0048028');
INSERT INTO "Actor" VALUES('0886888','0048028');
INSERT INTO "Actor" VALUES('0000008','0047296');
INSERT INTO "Actor" VALUES('0001500','0047296');
INSERT INTO "Actor" VALUES('0002011','0047296');
INSERT INTO "Actor" VALUES('0001768','0047296');
INSERT INTO "Actor" VALUES('0377416','0047296');
INSERT INTO "Actor" VALUES('0001078','0046874');
INSERT INTO "Actor" VALUES('0000038','0046874');
INSERT INTO "Actor" VALUES('0000034','0046874');
INSERT INTO "Actor" VALUES('0743218','0046874');
INSERT INTO "Actor" VALUES('0721728','0046874');
INSERT INTO "Actor" VALUES('0000007','0046754');
INSERT INTO "Actor" VALUES('0001257','0046754');
INSERT INTO "Actor" VALUES('0639529','0046754');
INSERT INTO "Actor" VALUES('0330961','0046754');
INSERT INTO "Actor" VALUES('0181305','0046754');
INSERT INTO "Actor" VALUES('0001693','0047296');
INSERT INTO "Actor" VALUES('0000044','0045793');
INSERT INTO "Actor" VALUES('0001050','0045793');
INSERT INTO "Actor" VALUES('0000039','0045793');
INSERT INTO "Actor" VALUES('0001656','0045793');
INSERT INTO "Actor" VALUES('0000069','0045793');
INSERT INTO "Actor" VALUES('0000034','0046359');
INSERT INTO "Actor" VALUES('0852279','0046359');
INSERT INTO "Actor" VALUES('0695937','0046359');
INSERT INTO "Actor" VALUES('0833865','0046359');
INSERT INTO "Actor" VALUES('0501183','0046359');
INSERT INTO "Actor" VALUES('0000060','0046250');
INSERT INTO "Actor" VALUES('0000030','0046250');
INSERT INTO "Actor" VALUES('0000734','0046250');
INSERT INTO "Actor" VALUES('0694403','0046250');
INSERT INTO "Actor" VALUES('0930732','0046250');
INSERT INTO "Actor" VALUES('0002149','0044672');
INSERT INTO "Actor" VALUES('0928425','0044672');
INSERT INTO "Actor" VALUES('0000032','0044672');
INSERT INTO "Actor" VALUES('0483787','0044672');
INSERT INTO "Actor" VALUES('0002108','0044672');
INSERT INTO "Actor" VALUES('0000011','0044706');
INSERT INTO "Actor" VALUES('0593775','0044706');
INSERT INTO "Actor" VALUES('0000978','0044706');
INSERT INTO "Actor" VALUES('0432827','0044706');
INSERT INTO "Actor" VALUES('0000038','0044706');
INSERT INTO "Actor" VALUES('0000044','0044509');
INSERT INTO "Actor" VALUES('0095804','0044509');
INSERT INTO "Actor" VALUES('0601930','0044509');
INSERT INTO "Actor" VALUES('0001395','0044509');
INSERT INTO "Actor" VALUES('0643211','0044509');
INSERT INTO "Actor" VALUES('0000008','0045296');
INSERT INTO "Actor" VALUES('0676492','0045296');
INSERT INTO "Actor" VALUES('0000063','0045296');
INSERT INTO "Actor" VALUES('0936476','0045296');
INSERT INTO "Actor" VALUES('0608909','0045296');
INSERT INTO "Actor" VALUES('0001805','0044391');
INSERT INTO "Actor" VALUES('0000018','0044391');
INSERT INTO "Actor" VALUES('0682074','0044391');
INSERT INTO "Actor" VALUES('0694090','0044391');
INSERT INTO "Actor" VALUES('0837959','0044391');
INSERT INTO "Actor" VALUES('0002108','0044391');
INSERT INTO "Actor" VALUES('0000078','0045061');
INSERT INTO "Actor" VALUES('0000058','0045061');
INSERT INTO "Actor" VALUES('0280178','0045061');
INSERT INTO "Actor" VALUES('0000955','0045061');
INSERT INTO "Actor" VALUES('0572142','0045061');
INSERT INTO "Actor" VALUES('0000037','0043278');
INSERT INTO "Actor" VALUES('0001989','0043278');
INSERT INTO "Actor" VALUES('0505157','0043278');
INSERT INTO "Actor" VALUES('0350250','0043278');
INSERT INTO "Actor" VALUES('0001225','0043278');
INSERT INTO "Actor" VALUES('0000007','0043265');
INSERT INTO "Actor" VALUES('0000031','0043265');
INSERT INTO "Actor" VALUES('0605923','0043265');
INSERT INTO "Actor" VALUES('0119988','0043265');
INSERT INTO "Actor" VALUES('0000942','0043265');
INSERT INTO "Actor" VALUES('0000046','0044081');
INSERT INTO "Actor" VALUES('0000008','0044081');
INSERT INTO "Actor" VALUES('0001375','0044081');
INSERT INTO "Actor" VALUES('0001500','0044081');
INSERT INTO "Actor" VALUES('0094036','0044081');
INSERT INTO "Actor" VALUES('0001050','0043924');
INSERT INTO "Actor" VALUES('0000072','0043924');
INSERT INTO "Actor" VALUES('0001859','0043924');
INSERT INTO "Actor" VALUES('0720843','0043924');
INSERT INTO "Actor" VALUES('0105462','0043924');
INSERT INTO "Actor" VALUES('0000012','0042192');
INSERT INTO "Actor" VALUES('0000879','0042192');
INSERT INTO "Actor" VALUES('0001695','0042192');
INSERT INTO "Actor" VALUES('0002141','0042192');
INSERT INTO "Actor" VALUES('0581282','0042192');
INSERT INTO "Actor" VALUES('0001207','0042367');
INSERT INTO "Actor" VALUES('0694580','0042367');
INSERT INTO "Actor" VALUES('0697733','0042367');
INSERT INTO "Actor" VALUES('0138885','0042367');
INSERT INTO "Actor" VALUES('0163404','0042367');
INSERT INTO "Actor" VALUES('0391062','0042276');
INSERT INTO "Actor" VALUES('0002024','0042276');
INSERT INTO "Actor" VALUES('0000034','0042276');
INSERT INTO "Actor" VALUES('0820643','0042276');
INSERT INTO "Actor" VALUES('0653239','0042276');
INSERT INTO "Actor" VALUES('0000071','0042546');
INSERT INTO "Actor" VALUES('0401449','0042546');
INSERT INTO "Actor" VALUES('0235627','0042546');
INSERT INTO "Actor" VALUES('0236866','0042546');
INSERT INTO "Actor" VALUES('0445523','0042546');
INSERT INTO "Actor" VALUES('0002024','0041113');
INSERT INTO "Actor" VALUES('0409869','0041113');
INSERT INTO "Actor" VALUES('0238445','0041113');
INSERT INTO "Actor" VALUES('0001135','0041113');
INSERT INTO "Actor" VALUES('0564790','0041113');
INSERT INTO "Actor" VALUES('0000014','0041452');
INSERT INTO "Actor" VALUES('0001050','0041452');
INSERT INTO "Actor" VALUES('0724732','0041452');
INSERT INTO "Actor" VALUES('0394244','0041452');
INSERT INTO "Actor" VALUES('0114847','0041452');
INSERT INTO "Actor" VALUES('0000060','0041996');
INSERT INTO "Actor" VALUES('0549280','0041996');
INSERT INTO "Actor" VALUES('0581282','0041996');
INSERT INTO "Actor" VALUES('0593612','0041996');
INSERT INTO "Actor" VALUES('0415591','0041996');
INSERT INTO "Actor" VALUES('0002022','0041587');
INSERT INTO "Actor" VALUES('0001105','0041587');
INSERT INTO "Actor" VALUES('0815433','0041587');
INSERT INTO "Actor" VALUES('0000018','0041587');
INSERT INTO "Actor" VALUES('0007222','0041587');
INSERT INTO "Actor" VALUES('0491406','0040416');
INSERT INTO "Actor" VALUES('0460874','0040416');
INSERT INTO "Actor" VALUES('0703033','0040416');
INSERT INTO "Actor" VALUES('0532277','0040416');
INSERT INTO "Actor" VALUES('0930732','0040416');
INSERT INTO "Actor" VALUES('0000059','0040416');
INSERT INTO "Actor" VALUES('0943837','0040495');
INSERT INTO "Actor" VALUES('0000817','0040495');
INSERT INTO "Actor" VALUES('0001948','0040495');
INSERT INTO "Actor" VALUES('0001547','0040495');
INSERT INTO "Actor" VALUES('0573640','0040495');
INSERT INTO "Actor" VALUES('0000007','0040897');
INSERT INTO "Actor" VALUES('0404158','0040897');
INSERT INTO "Actor" VALUES('0392529','0040897');
INSERT INTO "Actor" VALUES('0071636','0040897');
INSERT INTO "Actor" VALUES('0533692','0040897');
INSERT INTO "Actor" VALUES('0000007','0040506');
INSERT INTO "Actor" VALUES('0000064','0040506');
INSERT INTO "Actor" VALUES('0000002','0040506');
INSERT INTO "Actor" VALUES('0000859','0040506');
INSERT INTO "Actor" VALUES('0872456','0040506');
INSERT INTO "Actor" VALUES('0000060','0039416');
INSERT INTO "Actor" VALUES('0570192','0039416');
INSERT INTO "Actor" VALUES('0002092','0039416');
INSERT INTO "Actor" VALUES('0002141','0039416');
INSERT INTO "Actor" VALUES('0720843','0039416');
INSERT INTO "Actor" VALUES('0172903','0039335');
INSERT INTO "Actor" VALUES('0368516','0039335');
INSERT INTO "Actor" VALUES('0639529','0039335');
INSERT INTO "Actor" VALUES('0001859','0039335');
INSERT INTO "Actor" VALUES('0172615','0039335');
INSERT INTO "Actor" VALUES('0949835','0039370');
INSERT INTO "Actor" VALUES('0001072','0039370');
INSERT INTO "Actor" VALUES('0000856','0039370');
INSERT INTO "Actor" VALUES('0001948','0039370');
INSERT INTO "Actor" VALUES('0387556','0039370');
INSERT INTO "Actor" VALUES('0000058','0039628');
INSERT INTO "Actor" VALUES('0668361','0039628');
INSERT INTO "Actor" VALUES('0350324','0039628');
INSERT INTO "Actor" VALUES('0516876','0039628');
INSERT INTO "Actor" VALUES('0000081','0039628');
INSERT INTO "Actor" VALUES('0001485','0036868');
INSERT INTO "Actor" VALUES('0545298','0036868');
INSERT INTO "Actor" VALUES('0000763','0036868');
INSERT INTO "Actor" VALUES('0942863','0036868');
INSERT INTO "Actor" VALUES('0562920','0036868');
INSERT INTO "Actor" VALUES('0000014','0039040');
INSERT INTO "Actor" VALUES('0027156','0039040');
INSERT INTO "Actor" VALUES('0191745','0039040');
INSERT INTO "Actor" VALUES('0856062','0039040');
INSERT INTO "Actor" VALUES('0329433','0039040');
INSERT INTO "Actor" VALUES('0751174','0036868');
INSERT INTO "Actor" VALUES('0000061','0038873');
INSERT INTO "Actor" VALUES('0000074','0038873');
INSERT INTO "Actor" VALUES('0668361','0038873');
INSERT INTO "Actor" VALUES('0000879','0038873');
INSERT INTO "Actor" VALUES('0916067','0038873');
INSERT INTO "Actor" VALUES('0001537','0037884');
INSERT INTO "Actor" VALUES('0943837','0037884');
INSERT INTO "Actor" VALUES('0856062','0037884');
INSERT INTO "Actor" VALUES('0196247','0037884');
INSERT INTO "Actor" VALUES('0235835','0037884');
INSERT INTO "Actor" VALUES('0001076','0037913');
INSERT INTO "Actor" VALUES('0007217','0037913');
INSERT INTO "Actor" VALUES('0779923','0037913');
INSERT INTO "Actor" VALUES('0000781','0037913');
INSERT INTO "Actor" VALUES('0001955','0037913');
INSERT INTO "Actor" VALUES('0570192','0038190');
INSERT INTO "Actor" VALUES('0000951','0038190');
INSERT INTO "Actor" VALUES('0007223','0038190');
INSERT INTO "Actor" VALUES('0634313','0038190');
INSERT INTO "Actor" VALUES('0322299','0038190');
INSERT INTO "Actor" VALUES('0001682','0037120');
INSERT INTO "Actor" VALUES('0187981','0037120');
INSERT INTO "Actor" VALUES('0000072','0037120');
INSERT INTO "Actor" VALUES('0720843','0037120');
INSERT INTO "Actor" VALUES('0001450','0037120');
INSERT INTO "Actor" VALUES('0001078','0036872');
INSERT INTO "Actor" VALUES('0280178','0036872');
INSERT INTO "Actor" VALUES('0570451','0036872');
INSERT INTO "Actor" VALUES('0113769','0036872');
INSERT INTO "Actor" VALUES('0516876','0036872');
INSERT INTO "Actor" VALUES('0000964','0036855');
INSERT INTO "Actor" VALUES('0000006','0036855');
INSERT INTO "Actor" VALUES('0001072','0036855');
INSERT INTO "Actor" VALUES('0926599','0036855');
INSERT INTO "Actor" VALUES('0001450','0036855');
INSERT INTO "Actor" VALUES('0000026','0037135');
INSERT INTO "Actor" VALUES('0000856','0037135');
INSERT INTO "Actor" VALUES('0280178','0037135');
INSERT INTO "Actor" VALUES('0243454','0037135');
INSERT INTO "Actor" VALUES('0943553','0037135');
INSERT INTO "Actor" VALUES('0000007','0034583');
INSERT INTO "Actor" VALUES('0000006','0034583');
INSERT INTO "Actor" VALUES('0002134','0034583');
INSERT INTO "Actor" VALUES('0001647','0034583');
INSERT INTO "Actor" VALUES('0891998','0034583');
INSERT INTO "Actor" VALUES('0000012','0036515');
INSERT INTO "Actor" VALUES('0525526','0036515');
INSERT INTO "Actor" VALUES('0280242','0036515');
INSERT INTO "Actor" VALUES('0914778','0036515');
INSERT INTO "Actor" VALUES('0094135','0036515');
INSERT INTO "Actor" VALUES('0510134','0036515');
INSERT INTO "Actor" VALUES('0428354','0036377');
INSERT INTO "Actor" VALUES('0264278','0036377');
INSERT INTO "Actor" VALUES('0001948','0036377');
INSERT INTO "Actor" VALUES('0001637','0036377');
INSERT INTO "Actor" VALUES('0002011','0036377');
INSERT INTO "Actor" VALUES('0000795','0036172');
INSERT INTO "Actor" VALUES('0566948','0036172');
INSERT INTO "Actor" VALUES('0002013','0036172');
INSERT INTO "Actor" VALUES('0301348','0036172');
INSERT INTO "Actor" VALUES('0071636','0036172');
INSERT INTO "Actor" VALUES('0000011','0035896');
INSERT INTO "Actor" VALUES('0000006','0035896');
INSERT INTO "Actor" VALUES('0848667','0035896');
INSERT INTO "Actor" VALUES('0194742','0035896');
INSERT INTO "Actor" VALUES('0812453','0035896');
INSERT INTO "Actor" VALUES('0668093','0035896');
INSERT INTO "Actor" VALUES('0002093','0035093');
INSERT INTO "Actor" VALUES('0682074','0035093');
INSERT INTO "Actor" VALUES('0942863','0035093');
INSERT INTO "Actor" VALUES('0926599','0035093');
INSERT INTO "Actor" VALUES('0654239','0035093');
INSERT INTO "Actor" VALUES('0000010','0035575');
INSERT INTO "Actor" VALUES('0504125','0035575');
INSERT INTO "Actor" VALUES('0404158','0035575');
INSERT INTO "Actor" VALUES('0926636','0035575');
INSERT INTO "Actor" VALUES('0543287','0035575');
INSERT INTO "Actor" VALUES('0001791','0033774');
INSERT INTO "Actor" VALUES('0001805','0033774');
INSERT INTO "Actor" VALUES('0036427','0033774');
INSERT INTO "Actor" VALUES('0001336','0033774');
INSERT INTO "Actor" VALUES('0827577','0033774');
INSERT INTO "Actor" VALUES('0682074','0033729');
INSERT INTO "Actor" VALUES('0000058','0033729');
INSERT INTO "Actor" VALUES('0496819','0033729');
INSERT INTO "Actor" VALUES('0187981','0033729');
INSERT INTO "Actor" VALUES('0001522','0033729');
INSERT INTO "Actor" VALUES('0000011','0034167');
INSERT INTO "Actor" VALUES('0000974','0034167');
INSERT INTO "Actor" VALUES('0504125','0034167');
INSERT INTO "Actor" VALUES('0864869','0034167');
INSERT INTO "Actor" VALUES('0725897','0034167');
INSERT INTO "Actor" VALUES('0000026','0034248');
INSERT INTO "Actor" VALUES('0000021','0034248');
INSERT INTO "Actor" VALUES('0362567','0034248');
INSERT INTO "Actor" VALUES('0115558','0034248');
INSERT INTO "Actor" VALUES('0926599','0034248');
INSERT INTO "Actor" VALUES('0000012','0033677');
INSERT INTO "Actor" VALUES('0107575','0033677');
INSERT INTO "Actor" VALUES('0000802','0033677');
INSERT INTO "Actor" VALUES('0914778','0033677');
INSERT INTO "Actor" VALUES('0567408','0033677');
INSERT INTO "Actor" VALUES('0000059','0032976');
INSERT INTO "Actor" VALUES('0000021','0032976');
INSERT INTO "Actor" VALUES('0001695','0032976');
INSERT INTO "Actor" VALUES('0000752','0032976');
INSERT INTO "Actor" VALUES('0178066','0032976');
INSERT INTO "Actor" VALUES('0000026','0032904');
INSERT INTO "Actor" VALUES('0000031','0032904');
INSERT INTO "Actor" VALUES('0000071','0032904');
INSERT INTO "Actor" VALUES('0404046','0032904');
INSERT INTO "Actor" VALUES('0397397','0032904');
INSERT INTO "Actor" VALUES('0001677','0032671');
INSERT INTO "Actor" VALUES('0604605','0032671');
INSERT INTO "Actor" VALUES('0185883','0032671');
INSERT INTO "Actor" VALUES('0161862','0032671');
INSERT INTO "Actor" VALUES('0181960','0032671');
INSERT INTO "Actor" VALUES('0000011','0033253');
INSERT INTO "Actor" VALUES('0000974','0033253');
INSERT INTO "Actor" VALUES('0202589','0033253');
INSERT INTO "Actor" VALUES('0831872','0033253');
INSERT INTO "Actor" VALUES('0875861','0033253');
INSERT INTO "Actor" VALUES('0000020','0032551');
INSERT INTO "Actor" VALUES('0002034','0032551');
INSERT INTO "Actor" VALUES('0001017','0032551');
INSERT INTO "Actor" VALUES('0335788','0032551');
INSERT INTO "Actor" VALUES('0100758','0032551');
INSERT INTO "Actor" VALUES('0232196','0031385');
INSERT INTO "Actor" VALUES('0002093','0031385');
INSERT INTO "Actor" VALUES('0452953','0031385');
INSERT INTO "Actor" VALUES('0590055','0031385');
INSERT INTO "Actor" VALUES('0002134','0031385');
INSERT INTO "Actor" VALUES('0872456','0031971');
INSERT INTO "Actor" VALUES('0000078','0031971');
INSERT INTO "Actor" VALUES('0222596','0031971');
INSERT INTO "Actor" VALUES('0001017','0031971');
INSERT INTO "Actor" VALUES('0593775','0031971');
INSERT INTO "Actor" VALUES('0567408','0031381');
INSERT INTO "Actor" VALUES('0000795','0030993');
INSERT INTO "Actor" VALUES('0000859','0030993');
INSERT INTO "Actor" VALUES('0000071','0030993');
INSERT INTO "Actor" VALUES('0036427','0030993');
INSERT INTO "Actor" VALUES('0041681','0030993');
INSERT INTO "Actor" VALUES('0000075','0029942');
INSERT INTO "Actor" VALUES('0001682','0029942');
INSERT INTO "Actor" VALUES('0401434','0029942');
INSERT INTO "Actor" VALUES('0272059','0029942');
INSERT INTO "Actor" VALUES('0721728','0029942');
INSERT INTO "Actor" VALUES('0000012','0030287');
INSERT INTO "Actor" VALUES('0000020','0030287');
INSERT INTO "Actor" VALUES('0107575','0030287');
INSERT INTO "Actor" VALUES('0512267','0030287');
INSERT INTO "Actor" VALUES('0187981','0030287');
INSERT INTO "Actor" VALUES('0949835','0030317');
INSERT INTO "Actor" VALUES('0338901','0030317');
INSERT INTO "Actor" VALUES('0000974','0030317');
INSERT INTO "Actor" VALUES('0241523','0030317');
INSERT INTO "Actor" VALUES('0605904','0030317');
INSERT INTO "Actor" VALUES('0047810','0030287');
INSERT INTO "Actor" VALUES('0612847','0029146');
INSERT INTO "Actor" VALUES('0814216','0029146');
INSERT INTO "Actor" VALUES('0771584','0029146');
INSERT INTO "Actor" VALUES('0390192','0029146');
INSERT INTO "Actor" VALUES('0187981','0029146');
INSERT INTO "Actor" VALUES('0000861','0028691');
INSERT INTO "Actor" VALUES('0000075','0028691');
INSERT INTO "Actor" VALUES('0000859','0028691');
INSERT INTO "Actor" VALUES('0002048','0028691');
INSERT INTO "Actor" VALUES('0335788','0028691');
INSERT INTO "Actor" VALUES('0612847','0028944');
INSERT INTO "Actor" VALUES('0707023','0028944');
INSERT INTO "Actor" VALUES('0175369','0028944');
INSERT INTO "Actor" VALUES('0521300','0028944');
INSERT INTO "Actor" VALUES('0335788','0028944');
INSERT INTO "Actor" VALUES('0000061','0029047');
INSERT INTO "Actor" VALUES('0269647','0029047');
INSERT INTO "Actor" VALUES('0000747','0029047');
INSERT INTO "Actor" VALUES('0103567','0029047');
INSERT INTO "Actor" VALUES('0222596','0029047');
INSERT INTO "Actor" VALUES('0002050','0028597');
INSERT INTO "Actor" VALUES('0000026','0028597');
INSERT INTO "Actor" VALUES('0000897','0028597');
INSERT INTO "Actor" VALUES('0195422','0028597');
INSERT INTO "Actor" VALUES('0192258','0028597');
INSERT INTO "Actor" VALUES('0001635','0027698');
INSERT INTO "Actor" VALUES('0001485','0027698');
INSERT INTO "Actor" VALUES('0707023','0027698');
INSERT INTO "Actor" VALUES('0604656','0027698');
INSERT INTO "Actor" VALUES('0108511','0027698');
INSERT INTO "Actor" VALUES('0612847','0028313');
INSERT INTO "Actor" VALUES('0404360','0028313');
INSERT INTO "Actor" VALUES('0521937','0028313');
INSERT INTO "Actor" VALUES('0940579','0028313');
INSERT INTO "Actor" VALUES('0500021','0028313');
INSERT INTO "Actor" VALUES('0036427','0027459');
INSERT INTO "Actor" VALUES('0566948','0027459');
INSERT INTO "Actor" VALUES('0002068','0027459');
INSERT INTO "Actor" VALUES('0000974','0027459');
INSERT INTO "Actor" VALUES('0160130','0027459');
INSERT INTO "Actor" VALUES('0545298','0027300');
INSERT INTO "Actor" VALUES('0000014','0027300');
INSERT INTO "Actor" VALUES('0940579','0027300');
INSERT INTO "Actor" VALUES('0521937','0027300');
INSERT INTO "Actor" VALUES('0350324','0027300');
INSERT INTO "Actor" VALUES('0814216','0027300');
INSERT INTO "Actor" VALUES('0000011','0027996');
INSERT INTO "Actor" VALUES('0000795','0027996');
INSERT INTO "Actor" VALUES('0051628','0027996');
INSERT INTO "Actor" VALUES('0822034','0027996');
INSERT INTO "Actor" VALUES('0241523','0027996');
INSERT INTO "Actor" VALUES('0001452','0026752');
INSERT INTO "Actor" VALUES('0000022','0026752');
INSERT INTO "Actor" VALUES('0867144','0026752');
INSERT INTO "Actor" VALUES('0612743','0026752');
INSERT INTO "Actor" VALUES('0703600','0026752');
INSERT INTO "Actor" VALUES('0572142','0026529');
INSERT INTO "Actor" VALUES('0029456','0026529');
INSERT INTO "Actor" VALUES('0288003','0026529');
INSERT INTO "Actor" VALUES('0334375','0026529');
INSERT INTO "Actor" VALUES('0285922','0026529');
INSERT INTO "Actor" VALUES('0000012','0026261');
INSERT INTO "Actor" VALUES('0867144','0026261');
INSERT INTO "Actor" VALUES('0512267','0026261');
INSERT INTO "Actor" VALUES('0804375','0026261');
INSERT INTO "Actor" VALUES('0253141','0026261');
INSERT INTO "Actor" VALUES('0000022','0025316');
INSERT INTO "Actor" VALUES('0001055','0025316');
INSERT INTO "Actor" VALUES('0175369','0025316');
INSERT INTO "Actor" VALUES('0439850','0025316');
INSERT INTO "Actor" VALUES('0858977','0025316');
INSERT INTO "Actor" VALUES('0944087','0023876');
INSERT INTO "Actor" VALUES('0111612','0023876');
INSERT INTO "Actor" VALUES('0640547','0023876');
INSERT INTO "Actor" VALUES('0612743','0023876');
INSERT INTO "Actor" VALUES('0580240','0023876');
INSERT INTO "Actor" VALUES('0001452','0024473');
INSERT INTO "Actor" VALUES('0232196','0024473');
INSERT INTO "Actor" VALUES('0245579','0024473');
INSERT INTO "Actor" VALUES('0541766','0024473');
INSERT INTO "Actor" VALUES('0360567','0024473');
INSERT INTO "Actor" VALUES('0000031','0024353');
INSERT INTO "Actor" VALUES('0001195','0024353');
INSERT INTO "Actor" VALUES('0579663','0024353');
INSERT INTO "Actor" VALUES('0242041','0024353');
INSERT INTO "Actor" VALUES('0807580','0024353');
INSERT INTO "Actor" VALUES('0001256','0022958');
INSERT INTO "Actor" VALUES('0000858','0022958');
INSERT INTO "Actor" VALUES('0001076','0022958');
INSERT INTO "Actor" VALUES('0000891','0022958');
INSERT INTO "Actor" VALUES('0000859','0022958');
INSERT INTO "Actor" VALUES('0000891','0021730');
INSERT INTO "Actor" VALUES('0178114','0021730');
INSERT INTO "Actor" VALUES('0723658','0021730');
INSERT INTO "Actor" VALUES('0040374','0021730');
INSERT INTO "Actor" VALUES('0112395','0021730');
INSERT INTO "Actor" VALUES('0371040','0022386');
INSERT INTO "Actor" VALUES('0832011','0022386');
INSERT INTO "Actor" VALUES('0358076','0022386');
INSERT INTO "Actor" VALUES('0249893','0022386');
INSERT INTO "Actor" VALUES('0380965','0022386');
INSERT INTO "Actor" VALUES('0251755','0021635');
INSERT INTO "Actor" VALUES('0007223','0021635');
INSERT INTO "Actor" VALUES('0326809','0021635');
INSERT INTO "Actor" VALUES('0201227','0021635');
INSERT INTO "Actor" VALUES('0280707','0021635');
INSERT INTO "Actor" VALUES('0228715','0021746');
INSERT INTO "Actor" VALUES('0002050','0021746');
INSERT INTO "Actor" VALUES('0852347','0021746');
INSERT INTO "Actor" VALUES('0642042','0021746');
INSERT INTO "Actor" VALUES('0171873','0021746');
INSERT INTO "Actor" VALUES('0790454','0021885');
INSERT INTO "Actor" VALUES('0001366','0021885');
INSERT INTO "Actor" VALUES('0000859','0021885');
INSERT INTO "Actor" VALUES('0322299','0021885');
INSERT INTO "Actor" VALUES('0000022','0021885');
INSERT INTO "Actor" VALUES('0237597','0021148');
INSERT INTO "Actor" VALUES('0000891','0021148');
INSERT INTO "Actor" VALUES('0429923','0021148');
INSERT INTO "Actor" VALUES('0708081','0021148');
INSERT INTO "Actor" VALUES('0226858','0021148');
INSERT INTO "Actor" VALUES('0178114','0022397');
INSERT INTO "Actor" VALUES('0176867','0022397');
INSERT INTO "Actor" VALUES('0338191','0022397');
INSERT INTO "Actor" VALUES('0780684','0022397');
INSERT INTO "Actor" VALUES('0732062','0022397');
INSERT INTO "Actor" VALUES('0454558','0019729');
INSERT INTO "Actor" VALUES('0656105','0019729');
INSERT INTO "Actor" VALUES('0522281','0019729');
INSERT INTO "Actor" VALUES('0062828','0020018');
INSERT INTO "Actor" VALUES('0522927','0020018');
INSERT INTO "Actor" VALUES('0121282','0020018');
INSERT INTO "Actor" VALUES('0531759','0020018');
INSERT INTO "Actor" VALUES('0113867','0020018');
INSERT INTO "Actor" VALUES('0681933','0019788');
INSERT INTO "Actor" VALUES('0113902','0019788');
INSERT INTO "Actor" VALUES('0601596','0019788');
INSERT INTO "Actor" VALUES('0820821','0019788');
INSERT INTO "Actor" VALUES('0417829','0019788');
INSERT INTO "Actor" VALUES('0341464','0019824');
INSERT INTO "Actor" VALUES('0889511','0019824');
INSERT INTO "Actor" VALUES('0912478','0019824');
INSERT INTO "Actor" VALUES('0445246','0019824');
INSERT INTO "Actor" VALUES('0237597','0019824');
INSERT INTO "Actor" VALUES('0001966','0018578');
INSERT INTO "Actor" VALUES('0736777','0018578');
INSERT INTO "Actor" VALUES('0035159','0018578');
INSERT INTO "Actor" VALUES('0707814','0018578');
INSERT INTO "Actor" VALUES('0107151','0018578');
INSERT INTO "Actor" VALUES('0417837','0019071');
INSERT INTO "Actor" VALUES('0107574','0019071');
INSERT INTO "Actor" VALUES('0001635','0019071');
INSERT INTO "Actor" VALUES('0713281','0019071');
INSERT INTO "Actor" VALUES('0816007','0019071');
INSERT INTO "Actor" VALUES('0310980','0018379');
INSERT INTO "Actor" VALUES('0268190','0018379');
INSERT INTO "Actor" VALUES('0054135','0018379');
INSERT INTO "Actor" VALUES('0334581','0018379');
INSERT INTO "Actor" VALUES('0124877','0018379');
INSERT INTO "Actor" VALUES('0101955','0018515');
INSERT INTO "Actor" VALUES('0000802','0018515');
INSERT INTO "Actor" VALUES('0938464','0018515');
INSERT INTO "Actor" VALUES('0891349','0018515');
INSERT INTO "Actor" VALUES('0445246','0018515');
INSERT INTO "Actor" VALUES('0001497','0413300');
INSERT INTO "Actor" VALUES('0000379','0413300');
INSERT INTO "Actor" VALUES('0290556','0413300');
INSERT INTO "Actor" VALUES('0002006','0413300');
INSERT INTO "Actor" VALUES('0333410','0413300');
INSERT INTO "Actor" VALUES('0005562','0317219');
INSERT INTO "Actor" VALUES('0000056','0317219');
INSERT INTO "Actor" VALUES('0001372','0317219');
INSERT INTO "Actor" VALUES('1249256','0317219');
INSERT INTO "Actor" VALUES('0001507','0317219');
INSERT INTO "Actor" VALUES('0000136','0383574');
INSERT INTO "Actor" VALUES('0089217','0383574');
INSERT INTO "Actor" VALUES('0461136','0383574');
INSERT INTO "Actor" VALUES('0202603','0383574');
INSERT INTO "Actor" VALUES('0631490','0383574');
INSERT INTO "Actor" VALUES('0413168','0376994');
INSERT INTO "Actor" VALUES('0000932','0376994');
INSERT INTO "Actor" VALUES('0005212','0376994');
INSERT INTO "Actor" VALUES('0001772','0376994');
INSERT INTO "Actor" VALUES('0000463','0376994');
INSERT INTO "Actor" VALUES('0000158','0382625');
INSERT INTO "Actor" VALUES('0851582','0382625');
INSERT INTO "Actor" VALUES('0005212','0382625');
INSERT INTO "Actor" VALUES('0000606','0382625');
INSERT INTO "Actor" VALUES('0079273','0382625');
INSERT INTO "Actor" VALUES('0746125','0348150');
INSERT INTO "Actor" VALUES('0098378','0348150');
INSERT INTO "Actor" VALUES('0000228','0348150');
INSERT INTO "Actor" VALUES('0005188','0348150');
INSERT INTO "Actor" VALUES('0000205','0348150');
INSERT INTO "Actor" VALUES('0005380','0438097');
INSERT INTO "Actor" VALUES('0000491','0438097');
INSERT INTO "Actor" VALUES('0001459','0438097');
INSERT INTO "Actor" VALUES('0005405','0438097');
INSERT INTO "Actor" VALUES('0669681','0438097');
INSERT INTO "Actor" VALUES('0000246','0327084');
INSERT INTO "Actor" VALUES('0788009','0327084');
INSERT INTO "Actor" VALUES('0136797','0327084');
INSERT INTO "Actor" VALUES('0843100','0327084');
INSERT INTO "Actor" VALUES('0000638','0327084');
INSERT INTO "Actor" VALUES('0170550','0415306');
INSERT INTO "Actor" VALUES('0528331','0415306');
INSERT INTO "Actor" VALUES('1151921','0415306');
INSERT INTO "Actor" VALUES('2713985','0415306');
INSERT INTO "Actor" VALUES('2336223','0415306');
INSERT INTO "Actor" VALUES('0001191','0389860');
INSERT INTO "Actor" VALUES('0000295','0389860');
INSERT INTO "Actor" VALUES('0000686','0389860');
INSERT INTO "Actor" VALUES('0001327','0389860');
INSERT INTO "Actor" VALUES('0001857','0389860');
INSERT INTO "Actor" VALUES('0037410','0375679');
INSERT INTO "Actor" VALUES('0049079','0375679');
INSERT INTO "Actor" VALUES('0000113','0375679');
INSERT INTO "Actor" VALUES('0000332','0375679');
INSERT INTO "Actor" VALUES('0160988','0375679');
INSERT INTO "Actor" VALUES('1738584','0379725');
INSERT INTO "Actor" VALUES('0827274','0379725');
INSERT INTO "Actor" VALUES('0000450','0379725');
INSERT INTO "Actor" VALUES('0033758','0379725');
INSERT INTO "Actor" VALUES('1893372','0379725');
INSERT INTO "Actor" VALUES('0001618','0358273');
INSERT INTO "Actor" VALUES('0000702','0358273');
INSERT INTO "Actor" VALUES('1045423','0358273');
INSERT INTO "Actor" VALUES('0001598','0358273');
INSERT INTO "Actor" VALUES('1316767','0358273');
INSERT INTO "Actor" VALUES('1315378','0365737');
INSERT INTO "Actor" VALUES('0000123','0365737');
INSERT INTO "Actor" VALUES('0906756','0365737');
INSERT INTO "Actor" VALUES('0001626','0365737');
INSERT INTO "Actor" VALUES('0942482','0365737');
INSERT INTO "Actor" VALUES('0000146','0387131');
INSERT INTO "Actor" VALUES('0001838','0387131');
INSERT INTO "Actor" VALUES('0468003','0387131');
INSERT INTO "Actor" VALUES('0404111','0387131');
INSERT INTO "Actor" VALUES('1597084','0387131');
INSERT INTO "Actor" VALUES('0005132','0388795');
INSERT INTO "Actor" VALUES('0350453','0388795');
INSERT INTO "Actor" VALUES('0001642','0388795');
INSERT INTO "Actor" VALUES('0686502','0388795');
INSERT INTO "Actor" VALUES('1345143','0388795');
INSERT INTO "Actor" VALUES('0000129','0317919');
INSERT INTO "Actor" VALUES('0000450','0317919');
INSERT INTO "Actor" VALUES('0000609','0317919');
INSERT INTO "Actor" VALUES('0001082','0317919');
INSERT INTO "Actor" VALUES('1157358','0317919');
INSERT INTO "Actor" VALUES('0000196','0413267');
INSERT INTO "Actor" VALUES('0000552','0413267');
INSERT INTO "Actor" VALUES('0000139','0413267');
INSERT INTO "Actor" VALUES('0000104','0413267');
INSERT INTO "Actor" VALUES('0000267','0413267');
INSERT INTO "Actor" VALUES('0000136','0449088');
INSERT INTO "Actor" VALUES('0001691','0449088');
INSERT INTO "Actor" VALUES('0089217','0449088');
INSERT INTO "Actor" VALUES('0461136','0449088');
INSERT INTO "Actor" VALUES('0202603','0449088');
INSERT INTO "Actor" VALUES('0705356','0373889');
INSERT INTO "Actor" VALUES('0914612','0373889');
INSERT INTO "Actor" VALUES('0342488','0373889');
INSERT INTO "Actor" VALUES('2144593','0373889');
INSERT INTO "Actor" VALUES('2178650','0373889');
INSERT INTO "Actor" VALUES('0001774','0477347');
INSERT INTO "Actor" VALUES('0001303','0477347');
INSERT INTO "Actor" VALUES('0001813','0477347');
INSERT INTO "Actor" VALUES('0001682','0477347');
INSERT INTO "Actor" VALUES('0167850','0477347');
INSERT INTO "Actor" VALUES('0000354','0440963');
INSERT INTO "Actor" VALUES('0005466','0440963');
INSERT INTO "Actor" VALUES('0000657','0440963');
INSERT INTO "Actor" VALUES('0001277','0440963');
INSERT INTO "Actor" VALUES('0175916','0440963');
INSERT INTO "Actor" VALUES('0652663','0382932');
INSERT INTO "Actor" VALUES('0000453','0382932');
INSERT INTO "Actor" VALUES('0738918','0382932');
INSERT INTO "Actor" VALUES('0001133','0382932');
INSERT INTO "Actor" VALUES('0812307','0382932');
INSERT INTO "Actor" VALUES('0016141','0366548');
INSERT INTO "Actor" VALUES('0101603','0366548');
INSERT INTO "Actor" VALUES('0305261','0366548');
INSERT INTO "Actor" VALUES('1146844','0366548');
INSERT INTO "Actor" VALUES('0000245','0366548');
INSERT INTO "Actor" VALUES('0144657','0462538');
INSERT INTO "Actor" VALUES('0001413','0462538');
INSERT INTO "Actor" VALUES('0004813','0462538');
INSERT INTO "Actor" VALUES('0810379','0462538');
INSERT INTO "Actor" VALUES('0790434','0462538');
INSERT INTO "Actor" VALUES('0185819','0381061');
INSERT INTO "Actor" VALUES('1200692','0381061');
INSERT INTO "Actor" VALUES('0586568','0381061');
INSERT INTO "Actor" VALUES('0001132','0381061');
INSERT INTO "Actor" VALUES('0942482','0381061');
INSERT INTO "Actor" VALUES('0000226','0454921');
INSERT INTO "Actor" VALUES('1535523','0454921');
INSERT INTO "Actor" VALUES('0628601','0454921');
INSERT INTO "Actor" VALUES('0397788','0454921');
INSERT INTO "Actor" VALUES('0439170','0454921');
INSERT INTO "Actor" VALUES('0479471','0418279');
INSERT INTO "Actor" VALUES('1083271','0418279');
INSERT INTO "Actor" VALUES('0241049','0418279');
INSERT INTO "Actor" VALUES('0879085','0418279');
INSERT INTO "Actor" VALUES('1592225','0418279');
INSERT INTO "Actor" VALUES('0124930','0416449');
INSERT INTO "Actor" VALUES('0372176','0416449');
INSERT INTO "Actor" VALUES('0922035','0416449');
INSERT INTO "Actor" VALUES('0920992','0416449');
INSERT INTO "Actor" VALUES('0716490','0416449');
INSERT INTO "Actor" VALUES('0000741','0486946');
INSERT INTO "Actor" VALUES('0000237','0486946');
INSERT INTO "Actor" VALUES('0001454','0486946');
INSERT INTO "Actor" VALUES('0000513','0486946');
INSERT INTO "Actor" VALUES('0000501','0486946');
INSERT INTO "Actor" VALUES('0736622','0478311');
INSERT INTO "Actor" VALUES('0001337','0478311');
INSERT INTO "Actor" VALUES('0748620','0478311');
INSERT INTO "Actor" VALUES('0005182','0478311');
INSERT INTO "Actor" VALUES('0781981','0478311');
INSERT INTO "Actor" VALUES('0000138','0407887');
INSERT INTO "Actor" VALUES('0000354','0407887');
INSERT INTO "Actor" VALUES('0000197','0407887');
INSERT INTO "Actor" VALUES('0000242','0407887');
INSERT INTO "Actor" VALUES('0000640','0407887');
INSERT INTO "Actor" VALUES('0001845','0455590');
INSERT INTO "Actor" VALUES('0564215','0455590');
INSERT INTO "Actor" VALUES('0913488','0455590');
INSERT INTO "Actor" VALUES('0000096','0455590');
INSERT INTO "Actor" VALUES('0564402','0455590');
INSERT INTO "Actor" VALUES('0000545','0436697');
INSERT INTO "Actor" VALUES('0000342','0436697');
INSERT INTO "Actor" VALUES('0421105','0436697');
INSERT INTO "Actor" VALUES('0019885','0436697');
INSERT INTO "Actor" VALUES('0843401','0436697');
INSERT INTO "Actor" VALUES('1113550','0449059');
INSERT INTO "Actor" VALUES('0001427','0449059');
INSERT INTO "Actor" VALUES('0200452','0449059');
INSERT INTO "Actor" VALUES('0000273','0449059');
INSERT INTO "Actor" VALUES('0001057','0449059');
INSERT INTO "Actor" VALUES('0004937','0443489');
INSERT INTO "Actor" VALUES('0461498','0443489');
INSERT INTO "Actor" VALUES('0000552','0443489');
INSERT INTO "Actor" VALUES('0000418','0443489');
INSERT INTO "Actor" VALUES('1617685','0443489');
INSERT INTO "Actor" VALUES('0000288','0468569');
INSERT INTO "Actor" VALUES('0005132','0468569');
INSERT INTO "Actor" VALUES('0001173','0468569');
INSERT INTO "Actor" VALUES('0000323','0468569');
INSERT INTO "Actor" VALUES('0350454','0468569');
INSERT INTO "Actor" VALUES('0000375','0371746');
INSERT INTO "Actor" VALUES('0005024','0371746');
INSERT INTO "Actor" VALUES('0000313','0371746');
INSERT INTO "Actor" VALUES('0000569','0371746');
INSERT INTO "Actor" VALUES('0004753','0371746');
INSERT INTO "Actor" VALUES('0000148','0367882');
INSERT INTO "Actor" VALUES('0000949','0367882');
INSERT INTO "Actor" VALUES('0000261','0367882');
INSERT INTO "Actor" VALUES('0479471','0367882');
INSERT INTO "Actor" VALUES('0935653','0367882');
INSERT INTO "Actor" VALUES('0000226','0480249');
INSERT INTO "Actor" VALUES('0103797','0480249');
INSERT INTO "Actor" VALUES('2253071','0480249');
INSERT INTO "Actor" VALUES('0724757','0480249');
INSERT INTO "Actor" VALUES('2405238','0480249');
INSERT INTO "Actor" VALUES('0000226','0448157');
INSERT INTO "Actor" VALUES('0000234','0448157');
INSERT INTO "Actor" VALUES('0000867','0448157');
INSERT INTO "Actor" VALUES('2052567','0448157');
INSERT INTO "Actor" VALUES('0550371','0448157');
INSERT INTO "Actor" VALUES('0123785','0910970');
INSERT INTO "Actor" VALUES('2264184','0910970');
INSERT INTO "Actor" VALUES('0307531','0910970');
INSERT INTO "Actor" VALUES('0929609','0910970');
INSERT INTO "Actor" VALUES('3050831','0910970');
INSERT INTO "Actor" VALUES('0000115','0465234');
INSERT INTO "Actor" VALUES('0058581','0465234');
INSERT INTO "Actor" VALUES('1208167','0465234');
INSERT INTO "Actor" VALUES('0000685','0465234');
INSERT INTO "Actor" VALUES('0000545','0465234');
INSERT INTO "Actor" VALUES('0005134','0952640');
INSERT INTO "Actor" VALUES('0189144','0952640');
INSERT INTO "Actor" VALUES('0724460','0952640');
INSERT INTO "Actor" VALUES('0528331','0952640');
INSERT INTO "Actor" VALUES('0519043','0952640');
INSERT INTO "Actor" VALUES('0085312','0441773');
INSERT INTO "Actor" VALUES('0000163','0441773');
INSERT INTO "Actor" VALUES('0001401','0441773');
INSERT INTO "Actor" VALUES('0574534','0441773');
INSERT INTO "Actor" VALUES('0000329','0441773');
INSERT INTO "Actor" VALUES('0000120','0451079');
INSERT INTO "Actor" VALUES('0136797','0451079');
INSERT INTO "Actor" VALUES('0000993','0451079');
INSERT INTO "Actor" VALUES('0004715','0451079');
INSERT INTO "Actor" VALUES('0736622','0451079');
INSERT INTO "Actor" VALUES('0000572','1000774');
INSERT INTO "Actor" VALUES('0000326','1000774');
INSERT INTO "Actor" VALUES('0004862','1000774');
INSERT INTO "Actor" VALUES('0633223','1000774');
INSERT INTO "Actor" VALUES('0636562','1000774');
INSERT INTO "Actor" VALUES('0680983','0467406');
INSERT INTO "Actor" VALUES('0148418','0467406');
INSERT INTO "Actor" VALUES('0004950','0467406');
INSERT INTO "Actor" VALUES('0000867','0467406');
INSERT INTO "Actor" VALUES('0005049','0467406');
INSERT INTO "Actor" VALUES('1602660','0499448');
INSERT INTO "Actor" VALUES('1670137','0499448');
INSERT INTO "Actor" VALUES('1342727','0499448');
INSERT INTO "Actor" VALUES('0608440','0499448');
INSERT INTO "Actor" VALUES('0691600','0499448');
INSERT INTO "Actor" VALUES('0000676','0293564');
INSERT INTO "Actor" VALUES('0000329','0293564');
INSERT INTO "Actor" VALUES('0001884','0293564');
INSERT INTO "Actor" VALUES('0760796','0293564');
INSERT INTO "Actor" VALUES('0040939','0293564');
INSERT INTO "Actor" VALUES('1086543','0795421');
INSERT INTO "Actor" VALUES('0001745','0795421');
INSERT INTO "Actor" VALUES('0000112','0795421');
INSERT INTO "Actor" VALUES('1893071','0795421');
INSERT INTO "Actor" VALUES('0000147','0795421');
INSERT INTO "Actor" VALUES('0000169','0477348');
INSERT INTO "Actor" VALUES('0000849','0477348');
INSERT INTO "Actor" VALUES('0000982','0477348');
INSERT INTO "Actor" VALUES('0000437','0477348');
INSERT INTO "Actor" VALUES('0531808','0477348');
INSERT INTO "Actor" VALUES('0000358','0469494');
INSERT INTO "Actor" VALUES('2872491','0469494');
INSERT INTO "Actor" VALUES('2872058','0469494');
INSERT INTO "Actor" VALUES('2871845','0469494');
INSERT INTO "Actor" VALUES('2872133','0469494');
INSERT INTO "Actor" VALUES('0182839','0450188');
INSERT INTO "Actor" VALUES('0856500','0450188');
INSERT INTO "Actor" VALUES('0339621','0450188');
INSERT INTO "Actor" VALUES('0782561','0450188');
INSERT INTO "Actor" VALUES('0746162','0450188');
INSERT INTO "Actor" VALUES('0929489','0465538');
INSERT INTO "Actor" VALUES('0001574','0465538');
INSERT INTO "Actor" VALUES('0001628','0465538');
INSERT INTO "Actor" VALUES('2796342','0465538');
INSERT INTO "Actor" VALUES('0842770','0465538');
INSERT INTO "Actor" VALUES('0479471','1055369');
INSERT INTO "Actor" VALUES('1083271','1055369');
INSERT INTO "Actor" VALUES('0241049','1055369');
INSERT INTO "Actor" VALUES('0879085','1055369');
INSERT INTO "Actor" VALUES('0001806','1055369');
INSERT INTO "Actor" VALUES('0705356','0417741');
INSERT INTO "Actor" VALUES('0342488','0417741');
INSERT INTO "Actor" VALUES('0914612','0417741');
INSERT INTO "Actor" VALUES('0000980','0417741');
INSERT INTO "Actor" VALUES('2917590','0417741');
INSERT INTO "Actor" VALUES('0000799','1049413');
INSERT INTO "Actor" VALUES('0001626','1049413');
INSERT INTO "Actor" VALUES('2973712','1049413');
INSERT INTO "Actor" VALUES('0677037','1049413');
INSERT INTO "Actor" VALUES('0005148','1049413');
INSERT INTO "Actor" VALUES('0177896','1119646');
INSERT INTO "Actor" VALUES('1159180','1119646');
INSERT INTO "Actor" VALUES('0302108','1119646');
INSERT INTO "Actor" VALUES('0058581','1119646');
INSERT INTO "Actor" VALUES('0001287','1119646');
INSERT INTO "Actor" VALUES('1517976','0796366');
INSERT INTO "Actor" VALUES('0704270','0796366');
INSERT INTO "Actor" VALUES('0000559','0796366');
INSERT INTO "Actor" VALUES('0051509','0796366');
INSERT INTO "Actor" VALUES('0339304','0796366');
INSERT INTO "Actor" VALUES('0000702','0892782');
INSERT INTO "Actor" VALUES('0736622','0892782');
INSERT INTO "Actor" VALUES('0491402','0892782');
INSERT INTO "Actor" VALUES('0004715','0892782');
INSERT INTO "Actor" VALUES('0000662','0892782');
INSERT INTO "Actor" VALUES('1148186','1080016');
INSERT INTO "Actor" VALUES('0228327','1080016');
INSERT INTO "Actor" VALUES('1616586','1080016');
INSERT INTO "Actor" VALUES('0281068','1080016');
INSERT INTO "Actor" VALUES('1723600','1080016');
INSERT INTO "Actor" VALUES('0829576','1099212');
INSERT INTO "Actor" VALUES('1500155','1099212');
INSERT INTO "Actor" VALUES('0121605','1099212');
INSERT INTO "Actor" VALUES('2230865','1099212');
INSERT INTO "Actor" VALUES('1223023','1099212');
INSERT INTO "Actor" VALUES('0001774','0479952');
INSERT INTO "Actor" VALUES('0001674','0479952');
INSERT INTO "Actor" VALUES('0001710','0479952');
INSERT INTO "Actor" VALUES('0000586','0479952');
INSERT INTO "Actor" VALUES('0056187','0479952');
INSERT INTO "Actor" VALUES('0413168','0458525');
INSERT INTO "Actor" VALUES('0000630','0458525');
INSERT INTO "Actor" VALUES('0404111','0458525');
INSERT INTO "Actor" VALUES('1443238','0458525');
INSERT INTO "Actor" VALUES('1211488','0458525');
INSERT INTO "Actor" VALUES('0001774','1078912');
INSERT INTO "Actor" VALUES('0010736','1078912');
INSERT INTO "Actor" VALUES('0005562','1078912');
INSERT INTO "Actor" VALUES('0000279','1078912');
INSERT INTO "Actor" VALUES('0000245','1078912');
INSERT INTO "Actor" VALUES('0185819','0830515');
INSERT INTO "Actor" VALUES('1385871','0830515');
INSERT INTO "Actor" VALUES('0023832','0830515');
INSERT INTO "Actor" VALUES('0001132','0830515');
INSERT INTO "Actor" VALUES('0316284','0830515');
INSERT INTO "Actor" VALUES('0000113','1041829');
INSERT INTO "Actor" VALUES('0005351','1041829');
INSERT INTO "Actor" VALUES('0005460','1041829');
INSERT INTO "Actor" VALUES('0005266','1041829');
INSERT INTO "Actor" VALUES('0924508','1041829');
INSERT INTO "Actor" VALUES('0004874','1013752');
INSERT INTO "Actor" VALUES('0908094','1013752');
INSERT INTO "Actor" VALUES('0108287','1013752');
INSERT INTO "Actor" VALUES('0735442','1013752');
INSERT INTO "Actor" VALUES('0651159','1013752');
INSERT INTO "Actor" VALUES('0000142','1205489');
INSERT INTO "Actor" VALUES('1542291','1205489');
INSERT INTO "Actor" VALUES('3057402','1205489');
INSERT INTO "Actor" VALUES('3115704','1205489');
INSERT INTO "Actor" VALUES('0355083','1205489');
INSERT INTO "Actor" VALUES('0416673','1114740');
INSERT INTO "Actor" VALUES('1218757','1114740');
INSERT INTO "Actor" VALUES('1724323','1114740');
INSERT INTO "Actor" VALUES('2263115','1114740');
INSERT INTO "Actor" VALUES('0004309','1114740');
INSERT INTO "Actor" VALUES('0000553','0936501');
INSERT INTO "Actor" VALUES('1192254','0936501');
INSERT INTO "Actor" VALUES('0650702','0936501');
INSERT INTO "Actor" VALUES('0340973','0936501');
INSERT INTO "Actor" VALUES('0913175','0936501');
INSERT INTO "Actor" VALUES('0015382','1046173');
INSERT INTO "Actor" VALUES('0001172','1046173');
INSERT INTO "Actor" VALUES('0280081','1046173');
INSERT INTO "Actor" VALUES('0330687','1046173');
INSERT INTO "Actor" VALUES('1795989','1046173');
INSERT INTO "Actor" VALUES('0000576','1013753');
INSERT INTO "Actor" VALUES('0386472','1013753');
INSERT INTO "Actor" VALUES('0000982','1013753');
INSERT INTO "Actor" VALUES('0526019','1013753');
INSERT INTO "Actor" VALUES('0290556','1013753');
INSERT INTO "Actor" VALUES('0000146','0976051');
INSERT INTO "Actor" VALUES('0354198','0976051');
INSERT INTO "Actor" VALUES('1269088','0976051');
INSERT INTO "Actor" VALUES('0000701','0976051');
INSERT INTO "Actor" VALUES('0521443','0976051');
INSERT INTO "Actor" VALUES('0356017','0497465');
INSERT INTO "Actor" VALUES('0424060','0497465');
INSERT INTO "Actor" VALUES('0000849','0497465');
INSERT INTO "Actor" VALUES('0004851','0497465');
INSERT INTO "Actor" VALUES('0919525','0497465');
INSERT INTO "Actor" VALUES('2353862','1010048');
INSERT INTO "Actor" VALUES('0438463','1010048');
INSERT INTO "Actor" VALUES('0958861','1010048');
INSERT INTO "Actor" VALUES('2951768','1010048');
INSERT INTO "Actor" VALUES('0795661','1010048');
INSERT INTO "Actor" VALUES('0941777','0499549');
INSERT INTO "Actor" VALUES('0757855','0499549');
INSERT INTO "Actor" VALUES('0000244','0499549');
INSERT INTO "Actor" VALUES('0002332','0499549');
INSERT INTO "Actor" VALUES('0735442','0499549');
INSERT INTO "Actor" VALUES('0000158','0435761');
INSERT INTO "Actor" VALUES('0000741','0435761');
INSERT INTO "Actor" VALUES('0000349','0435761');
INSERT INTO "Actor" VALUES('0000885','0435761');
INSERT INTO "Actor" VALUES('0725543','0435761');
INSERT INTO "Actor" VALUES('0000136','1014759');
INSERT INTO "Actor" VALUES('1985859','1014759');
INSERT INTO "Actor" VALUES('0000307','1014759');
INSERT INTO "Actor" VALUES('0004266','1014759');
INSERT INTO "Actor" VALUES('0000417','1014759');
INSERT INTO "Actor" VALUES('0000375','1228705');
INSERT INTO "Actor" VALUES('0000332','1228705');
INSERT INTO "Actor" VALUES('0424060','1228705');
INSERT INTO "Actor" VALUES('0000569','1228705');
INSERT INTO "Actor" VALUES('0005377','1228705');
INSERT INTO "Actor" VALUES('0829576','1325004');
INSERT INTO "Actor" VALUES('1500155','1325004');
INSERT INTO "Actor" VALUES('1210124','1325004');
INSERT INTO "Actor" VALUES('1882152','1325004');
INSERT INTO "Actor" VALUES('0397171','1325004');
INSERT INTO "Actor" VALUES('0829576','1259571');
INSERT INTO "Actor" VALUES('0419363','1259571');
INSERT INTO "Actor" VALUES('1500155','1259571');
INSERT INTO "Actor" VALUES('0121605','1259571');
INSERT INTO "Actor" VALUES('0447695','1259571');
INSERT INTO "Actor" VALUES('0000138','1375666');
INSERT INTO "Actor" VALUES('0330687','1375666');
INSERT INTO "Actor" VALUES('0680983','1375666');
INSERT INTO "Actor" VALUES('0362766','1375666');
INSERT INTO "Actor" VALUES('0913822','1375666');
INSERT INTO "Actor" VALUES('0000113','0878804');
INSERT INTO "Actor" VALUES('0005210','0878804');
INSERT INTO "Actor" VALUES('2466842','0878804');
INSERT INTO "Actor" VALUES('2052567','0878804');
INSERT INTO "Actor" VALUES('2934314','0878804');
INSERT INTO "Actor" VALUES('0136797','1323594');
INSERT INTO "Actor" VALUES('0781981','1323594');
INSERT INTO "Actor" VALUES('1258970','1323594');
INSERT INTO "Actor" VALUES('0000267','1323594');
INSERT INTO "Actor" VALUES('0004715','1323594');
INSERT INTO "Actor" VALUES('0000196','0892791');
INSERT INTO "Actor" VALUES('0000552','0892791');
INSERT INTO "Actor" VALUES('0000139','0892791');
INSERT INTO "Actor" VALUES('0000104','0892791');
INSERT INTO "Actor" VALUES('0000267','0892791');
INSERT INTO "Actor" VALUES('1157048','1231580');
INSERT INTO "Actor" VALUES('0189144','1231580');
INSERT INTO "Actor" VALUES('0005134','1231580');
INSERT INTO "Actor" VALUES('0519043','1231580');
INSERT INTO "Actor" VALUES('1693763','1231580');
INSERT INTO "Actor" VALUES('0059431','0892769');
INSERT INTO "Actor" VALUES('0124930','0892769');
INSERT INTO "Actor" VALUES('0272401','0892769');
INSERT INTO "Actor" VALUES('1065229','0892769');
INSERT INTO "Actor" VALUES('1706767','0892769');
INSERT INTO "Actor" VALUES('0000375','0988045');
INSERT INTO "Actor" VALUES('0000179','0988045');
INSERT INTO "Actor" VALUES('1046097','0988045');
INSERT INTO "Actor" VALUES('0835016','0988045');
INSERT INTO "Actor" VALUES('0550371','0988045');
INSERT INTO "Actor" VALUES('1535523','1155076');
INSERT INTO "Actor" VALUES('0000329','1155076');
INSERT INTO "Actor" VALUES('0378245','1155076');
INSERT INTO "Actor" VALUES('3924219','1155076');
INSERT INTO "Actor" VALUES('0950552','1155076');
INSERT INTO "Actor" VALUES('0000131','1190080');
INSERT INTO "Actor" VALUES('0001605','1190080');
INSERT INTO "Actor" VALUES('0252230','1190080');
INSERT INTO "Actor" VALUES('0628601','1190080');
INSERT INTO "Actor" VALUES('0001624','1190080');
INSERT INTO "Actor" VALUES('0941777','0800320');
INSERT INTO "Actor" VALUES('0000553','0800320');
INSERT INTO "Actor" VALUES('0000146','0800320');
INSERT INTO "Actor" VALUES('0002076','0800320');
INSERT INTO "Actor" VALUES('2605345','0800320');
INSERT INTO "Actor" VALUES('0001191','1375670');
INSERT INTO "Actor" VALUES('0416673','1375670');
INSERT INTO "Actor" VALUES('0001674','1375670');
INSERT INTO "Actor" VALUES('0005450','1375670');
INSERT INTO "Actor" VALUES('0001705','1375670');
INSERT INTO "Actor" VALUES('0719637','0887912');
INSERT INTO "Actor" VALUES('1107001','0887912');
INSERT INTO "Actor" VALUES('1310016','0887912');
INSERT INTO "Actor" VALUES('0001602','0887912');
INSERT INTO "Actor" VALUES('0000146','0887912');
INSERT INTO "Actor" VALUES('0000313','1263670');
INSERT INTO "Actor" VALUES('0443856','1263670');
INSERT INTO "Actor" VALUES('2485687','1263670');
INSERT INTO "Actor" VALUES('0379200','1263670');
INSERT INTO "Actor" VALUES('0101005','1263670');
INSERT INTO "Actor" VALUES('0000093','0361748');
INSERT INTO "Actor" VALUES('0491259','0361748');
INSERT INTO "Actor" VALUES('0910607','0361748');
INSERT INTO "Actor" VALUES('0744834','0361748');
INSERT INTO "Actor" VALUES('1055413','0361748');
INSERT INTO "Actor" VALUES('2829737','0929632');
INSERT INTO "Actor" VALUES('0594898','0929632');
INSERT INTO "Actor" VALUES('1745736','0929632');
INSERT INTO "Actor" VALUES('0001014','0929632');
INSERT INTO "Actor" VALUES('0791868','0929632');
INSERT INTO "Actor" VALUES('0000564','0063227');
INSERT INTO "Actor" VALUES('0000031','0063227');
INSERT INTO "Actor" VALUES('0000164','0063227');
INSERT INTO "Actor" VALUES('0145284','0063227');
INSERT INTO "Actor" VALUES('0856050','0063227');
INSERT INTO "Actor" VALUES('0705356','1201607');
INSERT INTO "Actor" VALUES('0342488','1201607');
INSERT INTO "Actor" VALUES('0914612','1201607');
INSERT INTO "Actor" VALUES('0000146','1201607');
INSERT INTO "Actor" VALUES('0000614','1201607');
INSERT INTO "Actor" VALUES('0479471','1399103');
INSERT INTO "Actor" VALUES('0241049','1399103');
INSERT INTO "Actor" VALUES('0001806','1399103');
INSERT INTO "Actor" VALUES('0879085','1399103');
INSERT INTO "Actor" VALUES('2492819','1399103');
INSERT INTO "Actor" VALUES('0631490','0926084');
INSERT INTO "Actor" VALUES('0914612','0926084');
INSERT INTO "Actor" VALUES('0341743','0926084');
INSERT INTO "Actor" VALUES('0577982','0926084');
INSERT INTO "Actor" VALUES('0705356','0926084');
INSERT INTO "Actor" VALUES('0177896','1411697');
INSERT INTO "Actor" VALUES('1159180','1411697');
INSERT INTO "Actor" VALUES('0302108','1411697');
INSERT INTO "Actor" VALUES('0058581','1411697');
INSERT INTO "Actor" VALUES('0421822','1411697');
INSERT INTO "Actor" VALUES('0000136','1298650');
INSERT INTO "Actor" VALUES('0004851','1298650');
INSERT INTO "Actor" VALUES('0001691','1298650');
INSERT INTO "Actor" VALUES('0574534','1298650');
INSERT INTO "Actor" VALUES('0573618','1298650');
INSERT INTO "Actor" VALUES('0004874','1596343');
INSERT INTO "Actor" VALUES('0908094','1596343');
INSERT INTO "Actor" VALUES('0108287','1596343');
INSERT INTO "Actor" VALUES('0879085','1596343');
INSERT INTO "Actor" VALUES('0524839','1596343');
INSERT INTO "Actor" VALUES('0601553','0398286');
INSERT INTO "Actor" VALUES('1157048','0398286');
INSERT INTO "Actor" VALUES('0614220','0398286');
INSERT INTO "Actor" VALUES('0000579','0398286');
INSERT INTO "Actor" VALUES('0301370','0398286');
INSERT INTO "Actor" VALUES('1249256','1216475');
INSERT INTO "Actor" VALUES('0005562','1216475');
INSERT INTO "Actor" VALUES('0000323','1216475');
INSERT INTO "Actor" VALUES('0607865','1216475');
INSERT INTO "Actor" VALUES('0412850','1216475');
INSERT INTO "Actor" VALUES('1165110','0800369');
INSERT INTO "Actor" VALUES('0000204','0800369');
INSERT INTO "Actor" VALUES('1089991','0800369');
INSERT INTO "Actor" VALUES('0000164','0800369');
INSERT INTO "Actor" VALUES('0001745','0800369');
INSERT INTO "Actor" VALUES('0262635','0458339');
INSERT INTO "Actor" VALUES('2017943','0458339');
INSERT INTO "Actor" VALUES('1659221','0458339');
INSERT INTO "Actor" VALUES('0000169','0458339');
INSERT INTO "Actor" VALUES('0915989','0458339');
INSERT INTO "Actor" VALUES('0000313','1104001');
INSERT INTO "Actor" VALUES('1330560','1104001');
INSERT INTO "Actor" VALUES('1312575','1104001');
INSERT INTO "Actor" VALUES('0000310','1104001');
INSERT INTO "Actor" VALUES('0289656','1104001');
INSERT INTO "Actor" VALUES('0290556','1318514');
INSERT INTO "Actor" VALUES('2951768','1318514');
INSERT INTO "Actor" VALUES('0001475','1318514');
INSERT INTO "Actor" VALUES('0004051','1318514');
INSERT INTO "Actor" VALUES('0271657','1318514');
INSERT INTO "Actor" VALUES('0000313','1403865');
INSERT INTO "Actor" VALUES('2794962','1403865');
INSERT INTO "Actor" VALUES('0000354','1403865');
INSERT INTO "Actor" VALUES('0000982','1403865');
INSERT INTO "Actor" VALUES('0001608','1403865');
INSERT INTO "Actor" VALUES('1325419','1478338');
INSERT INTO "Actor" VALUES('0126284','1478338');
INSERT INTO "Actor" VALUES('0748973','1478338');
INSERT INTO "Actor" VALUES('2608689','1478338');
INSERT INTO "Actor" VALUES('0565250','1478338');
INSERT INTO "Actor" VALUES('0085312','1302011');
INSERT INTO "Actor" VALUES('0001401','1302011');
INSERT INTO "Actor" VALUES('0000163','1302011');
INSERT INTO "Actor" VALUES('0000198','1302011');
INSERT INTO "Actor" VALUES('0000329','1302011');
INSERT INTO "Actor" VALUES('0000147','1504320');
INSERT INTO "Actor" VALUES('0000307','1504320');
INSERT INTO "Actor" VALUES('0001394','1504320');
INSERT INTO "Actor" VALUES('0691928','1504320');
INSERT INTO "Actor" VALUES('0228960','1504320');
INSERT INTO "Actor" VALUES('0000204','0947798');
INSERT INTO "Actor" VALUES('0005109','0947798');
INSERT INTO "Actor" VALUES('0001993','0947798');
INSERT INTO "Actor" VALUES('0001347','0947798');
INSERT INTO "Actor" VALUES('0000213','0947798');
INSERT INTO "Actor" VALUES('0000242','0964517');
INSERT INTO "Actor" VALUES('0000288','0964517');
INSERT INTO "Actor" VALUES('0010736','0964517');
INSERT INTO "Actor" VALUES('0502425','0964517');
INSERT INTO "Actor" VALUES('3923953','0964517');
INSERT INTO "Actor" VALUES('0000375','0848228');
INSERT INTO "Actor" VALUES('0262635','0848228');
INSERT INTO "Actor" VALUES('0749263','0848228');
INSERT INTO "Actor" VALUES('1165110','0848228');
INSERT INTO "Actor" VALUES('0424060','0848228');
INSERT INTO "Actor" VALUES('0000288','1345836');
INSERT INTO "Actor" VALUES('0000198','1345836');
INSERT INTO "Actor" VALUES('0362766','1345836');
INSERT INTO "Actor" VALUES('0330687','1345836');
INSERT INTO "Actor" VALUES('0004266','1345836');
INSERT INTO "Actor" VALUES('0001804','1392170');
INSERT INTO "Actor" VALUES('0004747','1392170');
INSERT INTO "Actor" VALUES('2225369','1392170');
INSERT INTO "Actor" VALUES('3094377','1392170');
INSERT INTO "Actor" VALUES('2955013','1392170');
INSERT INTO "Actor" VALUES('1210124','1324999');
INSERT INTO "Actor" VALUES('0121605','1324999');
INSERT INTO "Actor" VALUES('0083655','1324999');
INSERT INTO "Actor" VALUES('0829576','1324999');
INSERT INTO "Actor" VALUES('1500155','1324999');
INSERT INTO "Actor" VALUES('1940449','0948470');
INSERT INTO "Actor" VALUES('1297015','0948470');
INSERT INTO "Actor" VALUES('0406975','0948470');
INSERT INTO "Actor" VALUES('0001459','0948470');
INSERT INTO "Actor" VALUES('0000640','0948470');
INSERT INTO "Actor" VALUES('0531808','1217209');
INSERT INTO "Actor" VALUES('0175262','1217209');
INSERT INTO "Actor" VALUES('0000668','1217209');
INSERT INTO "Actor" VALUES('0910278','1217209');
INSERT INTO "Actor" VALUES('0001059','1217209');
INSERT INTO "Actor" VALUES('0000242','1637725');
INSERT INTO "Actor" VALUES('0005109','1637725');
INSERT INTO "Actor" VALUES('0532235','1637725');
INSERT INTO "Actor" VALUES('0570364','1637725');
INSERT INTO "Actor" VALUES('0000610','1637725');
INSERT INTO "Actor" VALUES('0001774','1277953');
INSERT INTO "Actor" VALUES('0001674','1277953');
INSERT INTO "Actor" VALUES('0001710','1277953');
INSERT INTO "Actor" VALUES('0000586','1277953');
INSERT INTO "Actor" VALUES('0056187','1277953');
INSERT INTO "Actor" VALUES('0000362','1482459');
INSERT INTO "Actor" VALUES('1159180','1482459');
INSERT INTO "Actor" VALUES('1374980','1482459');
INSERT INTO "Actor" VALUES('2357847','1482459');
INSERT INTO "Actor" VALUES('0924508','1482459');
INSERT INTO "Actor" VALUES('0000129','1229238');
INSERT INTO "Actor" VALUES('1745736','1229238');
INSERT INTO "Actor" VALUES('0670408','1229238');
INSERT INTO "Actor" VALUES('0719637','1229238');
INSERT INTO "Actor" VALUES('0638824','1229238');
INSERT INTO "Actor" VALUES('0000375','1515091');
INSERT INTO "Actor" VALUES('0000179','1515091');
INSERT INTO "Actor" VALUES('0636426','1515091');
INSERT INTO "Actor" VALUES('1046097','1515091');
INSERT INTO "Actor" VALUES('0364813','1515091');
INSERT INTO "Actor" VALUES('0000226','1409024');
INSERT INTO "Actor" VALUES('0000169','1409024');
INSERT INTO "Actor" VALUES('0000982','1409024');
INSERT INTO "Actor" VALUES('1318596','1409024');
INSERT INTO "Actor" VALUES('0000668','1409024');
INSERT INTO "Actor" VALUES('1297015','1454029');
INSERT INTO "Actor" VALUES('0205626','1454029');
INSERT INTO "Actor" VALUES('0397171','1454029');
INSERT INTO "Actor" VALUES('0818055','1454029');
INSERT INTO "Actor" VALUES('1567113','1454029');
INSERT INTO "Actor" VALUES('0241121','1655442');
INSERT INTO "Actor" VALUES('0067367','1655442');
INSERT INTO "Actor" VALUES('0000422','1655442');
INSERT INTO "Actor" VALUES('0000342','1655442');
INSERT INTO "Actor" VALUES('0000542','1655442');
INSERT INTO "Actor" VALUES('0000658','1007029');
INSERT INTO "Actor" VALUES('0000980','1007029');
INSERT INTO "Actor" VALUES('0114742','1007029');
INSERT INTO "Actor" VALUES('1927126','1007029');
INSERT INTO "Actor" VALUES('3564817','1007029');
INSERT INTO "Actor" VALUES('0000191','1532503');
INSERT INTO "Actor" VALUES('0001626','1532503');
INSERT INTO "Actor" VALUES('0491259','1532503');
INSERT INTO "Actor" VALUES('0899681','1532503');
INSERT INTO "Actor" VALUES('0502097','1532503');
INSERT INTO "Actor" VALUES('0000375','1300854');
INSERT INTO "Actor" VALUES('0000569','1300854');
INSERT INTO "Actor" VALUES('0000332','1300854');
INSERT INTO "Actor" VALUES('0001602','1300854');
INSERT INTO "Actor" VALUES('0356017','1300854');
INSERT INTO "Actor" VALUES('0136797','1690953');
INSERT INTO "Actor" VALUES('1325419','1690953');
INSERT INTO "Actor" VALUES('0000973','1690953');
INSERT INTO "Actor" VALUES('1388927','1690953');
INSERT INTO "Actor" VALUES('1258970','1690953');
INSERT INTO "Actor" VALUES('0185819','1074638');
INSERT INTO "Actor" VALUES('0001132','1074638');
INSERT INTO "Actor" VALUES('0000849','1074638');
INSERT INTO "Actor" VALUES('0000146','1074638');
INSERT INTO "Actor" VALUES('0365140','1074638');
INSERT INTO "Actor" VALUES('0005212','0903624');
INSERT INTO "Actor" VALUES('0293509','0903624');
INSERT INTO "Actor" VALUES('0035514','0903624');
INSERT INTO "Actor" VALUES('0832792','0903624');
INSERT INTO "Actor" VALUES('0574615','0903624');
INSERT INTO "Actor" VALUES('0829576','1673434');
INSERT INTO "Actor" VALUES('1500155','1673434');
INSERT INTO "Actor" VALUES('1210124','1673434');
INSERT INTO "Actor" VALUES('0004906','1673434');
INSERT INTO "Actor" VALUES('0714147','1673434');
INSERT INTO "Actor" VALUES('0147147','0770828');
INSERT INTO "Actor" VALUES('0010736','0770828');
INSERT INTO "Actor" VALUES('0788335','0770828');
INSERT INTO "Actor" VALUES('0000178','0770828');
INSERT INTO "Actor" VALUES('0000128','0770828');
INSERT INTO "Actor" VALUES('0000345','1453405');
INSERT INTO "Actor" VALUES('0000422','1453405');
INSERT INTO "Actor" VALUES('0000114','1453405');
INSERT INTO "Actor" VALUES('0000545','1453405');
INSERT INTO "Actor" VALUES('0812307','1453405');
INSERT INTO "Actor" VALUES('0004874','1905041');
INSERT INTO "Actor" VALUES('0908094','1905041');
INSERT INTO "Actor" VALUES('0425005','1905041');
INSERT INTO "Actor" VALUES('0108287','1905041');
INSERT INTO "Actor" VALUES('0735442','1905041');
INSERT INTO "Actor" VALUES('0290556','1623205');
INSERT INTO "Actor" VALUES('0005109','1623205');
INSERT INTO "Actor" VALUES('0001838','1623205');
INSERT INTO "Actor" VALUES('0931329','1623205');
INSERT INTO "Actor" VALUES('0103785','1623205');
INSERT INTO "Actor" VALUES('1517976','1408101');
INSERT INTO "Actor" VALUES('0704270','1408101');
INSERT INTO "Actor" VALUES('0757855','1408101');
INSERT INTO "Actor" VALUES('0881631','1408101');
INSERT INTO "Actor" VALUES('0670408','1408101');
INSERT INTO "Actor" VALUES('0000604','1772341');
INSERT INTO "Actor" VALUES('0798971','1772341');
INSERT INTO "Actor" VALUES('1442113','1772341');
INSERT INTO "Actor" VALUES('0528331','1772341');
INSERT INTO "Actor" VALUES('0876138','1772341');
INSERT INTO "Actor" VALUES('0000115','0481499');
INSERT INTO "Actor" VALUES('1297015','0481499');
INSERT INTO "Actor" VALUES('0005351','0481499');
INSERT INTO "Actor" VALUES('0001416','0481499');
INSERT INTO "Actor" VALUES('0001458','0481499');
INSERT INTO "Actor" VALUES('0000358','0443272');
INSERT INTO "Actor" VALUES('0000398','0443272');
INSERT INTO "Actor" VALUES('0000657','0443272');
INSERT INTO "Actor" VALUES('0330687','0443272');
INSERT INTO "Actor" VALUES('0000652','0443272');
INSERT INTO "Actor" VALUES('0000255','1024648');
INSERT INTO "Actor" VALUES('0186505','1024648');
INSERT INTO "Actor" VALUES('0000273','1024648');
INSERT INTO "Actor" VALUES('0000422','1024648');
INSERT INTO "Actor" VALUES('0001255','1024648');
INSERT INTO "Actor" VALUES('0177896','1045658');
INSERT INTO "Actor" VALUES('2225369','1045658');
INSERT INTO "Actor" VALUES('0000134','1045658');
INSERT INTO "Actor" VALUES('0915865','1045658');
INSERT INTO "Actor" VALUES('0000676','1045658');
INSERT INTO "Actor" VALUES('0004937','1853728');
INSERT INTO "Actor" VALUES('0910607','1853728');
INSERT INTO "Actor" VALUES('0000138','1853728');
INSERT INTO "Actor" VALUES('0913488','1853728');
INSERT INTO "Actor" VALUES('0000168','1853728');
INSERT INTO "Actor" VALUES('0413168','1707386');
INSERT INTO "Actor" VALUES('0000128','1707386');
INSERT INTO "Actor" VALUES('0004266','1707386');
INSERT INTO "Actor" VALUES('1086543','1707386');
INSERT INTO "Actor" VALUES('0056187','1707386');
INSERT INTO "Actor" VALUES('4139037','0454876');
INSERT INTO "Actor" VALUES('0451234','0454876');
INSERT INTO "Actor" VALUES('4853568','0454876');
INSERT INTO "Actor" VALUES('5306953','0454876');
INSERT INTO "Actor" VALUES('1300009','0454876');
INSERT INTO "Actor" VALUES('0000093','0816711');
INSERT INTO "Actor" VALUES('0257969','0816711');
INSERT INTO "Actor" VALUES('2020146','0816711');
INSERT INTO "Actor" VALUES('0197647','0816711');
INSERT INTO "Actor" VALUES('0091253','0816711');
INSERT INTO "Actor" VALUES('0000288','1800241');
INSERT INTO "Actor" VALUES('0177896','1800241');
INSERT INTO "Actor" VALUES('0010736','1800241');
INSERT INTO "Actor" VALUES('0719637','1800241');
INSERT INTO "Actor" VALUES('2225369','1800241');
INSERT INTO "Actor" VALUES('2225369','1951264');
INSERT INTO "Actor" VALUES('2955013','1951264');
INSERT INTO "Actor" VALUES('4425051','1951264');
INSERT INTO "Actor" VALUES('1193262','1951264');
INSERT INTO "Actor" VALUES('0480808','1951264');
INSERT INTO "Actor" VALUES('0068338','2294629');
INSERT INTO "Actor" VALUES('0579953','2294629');
INSERT INTO "Actor" VALUES('2676147','2294629');
INSERT INTO "Actor" VALUES('1265802','2294629');
INSERT INTO "Actor" VALUES('2949014','2294629');
INSERT INTO "Actor" VALUES('0695435','2015381');
INSERT INTO "Actor" VALUES('0757855','2015381');
INSERT INTO "Actor" VALUES('1176985','2015381');
INSERT INTO "Actor" VALUES('0004874','2015381');
INSERT INTO "Actor" VALUES('0177896','2015381');
INSERT INTO "Actor" VALUES('0000113','1454468');
INSERT INTO "Actor" VALUES('0000123','1454468');
INSERT INTO "Actor" VALUES('0000438','1454468');
INSERT INTO "Actor" VALUES('1241511','1454468');
INSERT INTO "Actor" VALUES('2060857','1454468');
INSERT INTO "Actor" VALUES('0262635','1843866');
INSERT INTO "Actor" VALUES('0424060','1843866');
INSERT INTO "Actor" VALUES('1659221','1843866');
INSERT INTO "Actor" VALUES('1107001','1843866');
INSERT INTO "Actor" VALUES('0000602','1843866');
INSERT INTO "Actor" VALUES('0005212','1170358');
INSERT INTO "Actor" VALUES('0293509','1170358');
INSERT INTO "Actor" VALUES('0035514','1170358');
INSERT INTO "Actor" VALUES('0832792','1170358');
INSERT INTO "Actor" VALUES('0574615','1170358');
INSERT INTO "Actor" VALUES('0004715','1490017');
INSERT INTO "Actor" VALUES('0006969','1490017');
INSERT INTO "Actor" VALUES('1911947','1490017');
INSERT INTO "Actor" VALUES('1555340','1490017');
INSERT INTO "Actor" VALUES('0123262','1490017');
INSERT INTO "Actor" VALUES('0000242','2109248');
INSERT INTO "Actor" VALUES('0001804','2109248');
INSERT INTO "Actor" VALUES('0001288','2109248');
INSERT INTO "Actor" VALUES('2443758','2109248');
INSERT INTO "Actor" VALUES('2930503','2109248');
INSERT INTO "Actor" VALUES('0001401','1587310');
INSERT INTO "Actor" VALUES('1102577','1587310');
INSERT INTO "Actor" VALUES('1663205','1587310');
INSERT INTO "Actor" VALUES('0544334','1587310');
INSERT INTO "Actor" VALUES('0001767','1587310');
INSERT INTO "Actor" VALUES('0413168','1877832');
INSERT INTO "Actor" VALUES('0564215','1877832');
INSERT INTO "Actor" VALUES('1055413','1877832');
INSERT INTO "Actor" VALUES('2225369','1877832');
INSERT INTO "Actor" VALUES('0000932','1877832');
INSERT INTO "Actor" VALUES('0785227','2103281');
INSERT INTO "Actor" VALUES('0164809','2103281');
INSERT INTO "Actor" VALUES('0000198','2103281');
INSERT INTO "Actor" VALUES('0005392','2103281');
INSERT INTO "Actor" VALUES('1527905','2103281');
INSERT INTO "Actor" VALUES('1165110','1981115');
INSERT INTO "Actor" VALUES('0000204','1981115');
INSERT INTO "Actor" VALUES('1089991','1981115');
INSERT INTO "Actor" VALUES('0000164','1981115');
INSERT INTO "Actor" VALUES('0001172','1981115');
INSERT INTO "Actor" VALUES('1940449','1872181');
INSERT INTO "Actor" VALUES('1297015','1872181');
INSERT INTO "Actor" VALUES('0004937','1872181');
INSERT INTO "Actor" VALUES('2851530','1872181');
INSERT INTO "Actor" VALUES('0272173','1872181');
INSERT INTO "Actor" VALUES('1093951','0831387');
INSERT INTO "Actor" VALUES('2640264','0831387');
INSERT INTO "Actor" VALUES('0913822','0831387');
INSERT INTO "Actor" VALUES('0186505','0831387');
INSERT INTO "Actor" VALUES('0647634','0831387');
INSERT INTO "Actor" VALUES('1706767','2294449');
INSERT INTO "Actor" VALUES('1475594','2294449');
INSERT INTO "Actor" VALUES('0001780','2294449');
INSERT INTO "Actor" VALUES('0751518','2294449');
INSERT INTO "Actor" VALUES('0828226','2294449');
INSERT INTO "Actor" VALUES('1083271','1291150');
INSERT INTO "Actor" VALUES('0004715','1291150');
INSERT INTO "Actor" VALUES('0001209','1291150');
INSERT INTO "Actor" VALUES('2024927','1291150');
INSERT INTO "Actor" VALUES('0279720','1291150');
INSERT INTO "Actor" VALUES('0252230','2024544');
INSERT INTO "Actor" VALUES('4833412','2024544');
INSERT INTO "Actor" VALUES('6003176','2024544');
INSERT INTO "Actor" VALUES('0061262','2024544');
INSERT INTO "Actor" VALUES('2143282','2024544');
INSERT INTO "Actor" VALUES('0000190','0790636');
INSERT INTO "Actor" VALUES('0004950','0790636');
INSERT INTO "Actor" VALUES('0001467','0790636');
INSERT INTO "Actor" VALUES('0641354','0790636');
INSERT INTO "Actor" VALUES('0001872','0790636');
INSERT INTO "Actor" VALUES('0000949','2334873');
INSERT INTO "Actor" VALUES('0137516','2334873');
INSERT INTO "Actor" VALUES('0176384','2334873');
INSERT INTO "Actor" VALUES('1973610','2334873');
INSERT INTO "Actor" VALUES('0000285','2334873');
INSERT INTO "Actor" VALUES('0695435','0369610');
INSERT INTO "Actor" VALUES('0397171','0369610');
INSERT INTO "Actor" VALUES('0451234','0369610');
INSERT INTO "Actor" VALUES('0000352','0369610');
INSERT INTO "Actor" VALUES('1339223','0369610');
INSERT INTO "Actor" VALUES('0000375','2395427');
INSERT INTO "Actor" VALUES('1165110','2395427');
INSERT INTO "Actor" VALUES('0749263','2395427');
INSERT INTO "Actor" VALUES('0262635','2395427');
INSERT INTO "Actor" VALUES('0424060','2395427');
INSERT INTO "Actor" VALUES('0688132','2096673');
INSERT INTO "Actor" VALUES('0809613','2096673');
INSERT INTO "Actor" VALUES('0454236','2096673');
INSERT INTO "Actor" VALUES('0352778','2096673');
INSERT INTO "Actor" VALUES('0085400','2096673');
INSERT INTO "Actor" VALUES('0004874','2820852');
INSERT INTO "Actor" VALUES('0908094','2820852');
INSERT INTO "Actor" VALUES('0005458','2820852');
INSERT INTO "Actor" VALUES('0735442','2820852');
INSERT INTO "Actor" VALUES('0108287','2820852');
INSERT INTO "Actor" VALUES('0000113','2293640');
INSERT INTO "Actor" VALUES('0358316','2293640');
INSERT INTO "Actor" VALUES('0000474','2293640');
INSERT INTO "Actor" VALUES('0005049','2293640');
INSERT INTO "Actor" VALUES('0176869','2293640');
INSERT INTO "Actor" VALUES('0000129','2381249');
INSERT INTO "Actor" VALUES('0719637','2381249');
INSERT INTO "Actor" VALUES('0670408','2381249');
INSERT INTO "Actor" VALUES('0272581','2381249');
INSERT INTO "Actor" VALUES('0000609','2381249');
INSERT INTO "Actor" VALUES('0005212','2310332');
INSERT INTO "Actor" VALUES('0293509','2310332');
INSERT INTO "Actor" VALUES('0035514','2310332');
INSERT INTO "Actor" VALUES('0832792','2310332');
INSERT INTO "Actor" VALUES('0574615','2310332');
INSERT INTO "Actor" VALUES('0177896','2179136');
INSERT INTO "Actor" VALUES('0973177','2179136');
INSERT INTO "Actor" VALUES('6518675','2179136');
INSERT INTO "Actor" VALUES('0715314','2179136');
INSERT INTO "Actor" VALUES('0731826','2179136');
INSERT INTO "Actor" VALUES('2225369','1951265');
INSERT INTO "Actor" VALUES('1242688','1951265');
INSERT INTO "Actor" VALUES('2955013','1951265');
INSERT INTO "Actor" VALUES('0000437','1951265');
INSERT INTO "Actor" VALUES('0000661','1951265');
INSERT INTO "Actor" VALUES('0012523','2245084');
INSERT INTO "Actor" VALUES('3994407','2245084');
INSERT INTO "Actor" VALUES('2024644','2245084');
INSERT INTO "Actor" VALUES('2554352','2245084');
INSERT INTO "Actor" VALUES('1512166','2245084');
INSERT INTO "Actor" VALUES('0000995','0816692');
INSERT INTO "Actor" VALUES('0000190','0816692');
INSERT INTO "Actor" VALUES('3237775','0816692');
INSERT INTO "Actor" VALUES('0001475','0816692');
INSERT INTO "Actor" VALUES('3154303','0816692');
INSERT INTO "Actor" VALUES('0000949','1661199');
INSERT INTO "Actor" VALUES('4141252','1661199');
INSERT INTO "Actor" VALUES('0534635','1661199');
INSERT INTO "Actor" VALUES('0000307','1661199');
INSERT INTO "Actor" VALUES('1996829','1661199');
INSERT INTO "Actor" VALUES('0447695','2848292');
INSERT INTO "Actor" VALUES('2313103','2848292');
INSERT INTO "Actor" VALUES('2794962','2848292');
INSERT INTO "Actor" VALUES('0811242','2848292');
INSERT INTO "Actor" VALUES('2799457','2848292');
INSERT INTO "Actor" VALUES('0000474','2562232');
INSERT INTO "Actor" VALUES('1297015','2562232');
INSERT INTO "Actor" VALUES('2196179','2562232');
INSERT INTO "Actor" VALUES('3691128','2562232');
INSERT INTO "Actor" VALUES('0302108','2562232');
INSERT INTO "Actor" VALUES('1519666','2980516');
INSERT INTO "Actor" VALUES('0428065','2980516');
INSERT INTO "Actor" VALUES('4350114','2980516');
INSERT INTO "Actor" VALUES('6240141','2980516');
INSERT INTO "Actor" VALUES('6887408','2980516');
INSERT INTO "Actor" VALUES('0000194','3316960');
INSERT INTO "Actor" VALUES('0098378','3316960');
INSERT INTO "Actor" VALUES('0574460','3316960');
INSERT INTO "Actor" VALUES('1446060','3316960');
INSERT INTO "Actor" VALUES('0000285','3316960');
INSERT INTO "Actor" VALUES('1886602','2582802');
INSERT INTO "Actor" VALUES('0799777','2582802');
INSERT INTO "Actor" VALUES('0001663','2582802');
INSERT INTO "Actor" VALUES('2552034','2582802');
INSERT INTO "Actor" VALUES('3271473','2582802');
INSERT INTO "Actor" VALUES('1294664','1065073');
INSERT INTO "Actor" VALUES('0000099','1065073');
INSERT INTO "Actor" VALUES('6567391','1065073');
INSERT INTO "Actor" VALUES('1085951','1065073');
INSERT INTO "Actor" VALUES('0697637','1065073');
DROP TABLE IF EXISTS "Director";
CREATE TABLE Director(director_id CHAR(7), movie_id CHAR(7), PRIMARY KEY (director_id, movie_id), FOREIGN KEY (director_id) REFERENCES Person(id), FOREIGN KEY (movie_id) REFERENCES Movie(id));
INSERT INTO "Director" VALUES('0000116','0120338');
INSERT INTO "Director" VALUES('0000184','0076759');
INSERT INTO "Director" VALUES('0011470','0298148');
INSERT INTO "Director" VALUES('0000229','0083866');
INSERT INTO "Director" VALUES('0000184','0120915');
INSERT INTO "Director" VALUES('0000600','0145487');
INSERT INTO "Director" VALUES('0000184','0121766');
INSERT INTO "Director" VALUES('0001392','0167260');
INSERT INTO "Director" VALUES('0000600','0316654');
INSERT INTO "Director" VALUES('0000154','0335345');
INSERT INTO "Director" VALUES('0000229','0107290');
INSERT INTO "Director" VALUES('0001392','0167261');
INSERT INTO "Director" VALUES('0004056','0266543');
INSERT INTO "Director" VALUES('0000709','0109830');
INSERT INTO "Director" VALUES('0021249','0110357');
INSERT INTO "Director" VALUES('0001060','0241527');
INSERT INTO "Director" VALUES('0001392','0120737');
INSERT INTO "Director" VALUES('0000184','0121765');
INSERT INTO "Director" VALUES('0549658','0086190');
INSERT INTO "Director" VALUES('0000386','0116629');
INSERT INTO "Director" VALUES('0893659','0325980');
INSERT INTO "Director" VALUES('0796117','0167404');
INSERT INTO "Director" VALUES('0449984','0080684');
INSERT INTO "Director" VALUES('0001565','0330373');
INSERT INTO "Director" VALUES('0001060','0099785');
INSERT INTO "Director" VALUES('0011470','0363771');
INSERT INTO "Director" VALUES('0905152','0234215');
INSERT INTO "Director" VALUES('0005366','0290002');
INSERT INTO "Director" VALUES('0011470','0126029');
INSERT INTO "Director" VALUES('0001060','0295297');
INSERT INTO "Director" VALUES('0083348','0317705');
INSERT INTO "Director" VALUES('0000165','0170016');
INSERT INTO "Director" VALUES('0000229','0073195');
INSERT INTO "Director" VALUES('0230032','0198781');
INSERT INTO "Director" VALUES('0000318','0096895');
INSERT INTO "Director" VALUES('0001756','0119654');
INSERT INTO "Director" VALUES('0190859','0304141');
INSERT INTO "Director" VALUES('0105169','0120363');
INSERT INTO "Director" VALUES('0001723','0315327');
INSERT INTO "Director" VALUES('0000229','0082971');
INSERT INTO "Director" VALUES('0000957','0117998');
INSERT INTO "Director" VALUES('0959034','0259446');
INSERT INTO "Director" VALUES('0718645','0087332');
INSERT INTO "Director" VALUES('0000976','0086960');
INSERT INTO "Director" VALUES('0000229','0407304');
INSERT INTO "Director" VALUES('0000709','0162222');
INSERT INTO "Director" VALUES('0000229','0119567');
INSERT INTO "Director" VALUES('0796117','0286106');
INSERT INTO "Director" VALUES('0711840','0266915');
INSERT INTO "Director" VALUES('0001060','0107614');
INSERT INTO "Director" VALUES('0958387','0099653');
INSERT INTO "Director" VALUES('0166256','0103639');
INSERT INTO "Director" VALUES('0000229','0120815');
INSERT INTO "Director" VALUES('0001392','0360717');
INSERT INTO "Director" VALUES('0000247','0120755');
INSERT INTO "Director" VALUES('0001741','0290334');
INSERT INTO "Director" VALUES('0005366','0295178');
INSERT INTO "Director" VALUES('0000709','0088763');
INSERT INTO "Director" VALUES('0229694','0396269');
INSERT INTO "Director" VALUES('0000318','0367594');
INSERT INTO "Director" VALUES('0005366','0145660');
INSERT INTO "Director" VALUES('0634240','0372784');
INSERT INTO "Director" VALUES('0000116','0103064');
INSERT INTO "Director" VALUES('0001243','0070047');
INSERT INTO "Director" VALUES('0814085','0209163');
INSERT INTO "Director" VALUES('0000881','0120591');
INSERT INTO "Director" VALUES('0281808','0031381');
INSERT INTO "Director" VALUES('0000881','0213149');
INSERT INTO "Director" VALUES('0000229','0097576');
INSERT INTO "Director" VALUES('0201509','0351283');
INSERT INTO "Director" VALUES('0005124','0114709');
INSERT INTO "Director" VALUES('0001756','0120912');
INSERT INTO "Director" VALUES('0000631','0172495');
INSERT INTO "Director" VALUES('0000386','0319262');
INSERT INTO "Director" VALUES('0510731','0356910');
INSERT INTO "Director" VALUES('0000126','0099348');
INSERT INTO "Director" VALUES('0001708','0112462');
INSERT INTO "Director" VALUES('0001112','0106977');
INSERT INTO "Director" VALUES('0001752','0240772');
INSERT INTO "Director" VALUES('0583600','0207201');
INSERT INTO "Director" VALUES('0000583','0177971');
INSERT INTO "Director" VALUES('0001723','0119528');
INSERT INTO "Director" VALUES('0459170','0077631');
INSERT INTO "Director" VALUES('0002653','0163025');
INSERT INTO "Director" VALUES('0000361','0117060');
INSERT INTO "Director" VALUES('0000318','0133152');
INSERT INTO "Director" VALUES('0000229','0087469');
INSERT INTO "Director" VALUES('0005190','0100405');
INSERT INTO "Director" VALUES('0855035','0386588');
INSERT INTO "Director" VALUES('0001628','0084805');
INSERT INTO "Director" VALUES('0001716','0092099');
INSERT INTO "Director" VALUES('0268370','0129387');
INSERT INTO "Director" VALUES('0757858','0268380');
INSERT INTO "Director" VALUES('0339030','0372183');
INSERT INTO "Director" VALUES('0265363','0090555');
INSERT INTO "Director" VALUES('0000709','0338348');
INSERT INTO "Director" VALUES('0001060','0104431');
INSERT INTO "Director" VALUES('0269463','0319343');
INSERT INTO "Director" VALUES('0005509','0368891');
INSERT INTO "Director" VALUES('0001469','0095953');
INSERT INTO "Director" VALUES('0000583','0118571');
INSERT INTO "Director" VALUES('0000165','0112384');
INSERT INTO "Director" VALUES('0905152','0133093');
INSERT INTO "Director" VALUES('0873779','0101414');
INSERT INTO "Director" VALUES('0118333','0120855');
INSERT INTO "Director" VALUES('0000165','0268978');
INSERT INTO "Director" VALUES('0551128','0299658');
INSERT INTO "Director" VALUES('0000559','0094137');
INSERT INTO "Director" VALUES('0005366','0212338');
INSERT INTO "Director" VALUES('0721817','0102798');
INSERT INTO "Director" VALUES('0000631','0212985');
INSERT INTO "Director" VALUES('0000229','0264464');
INSERT INTO "Director" VALUES('0240797','0142342');
INSERT INTO "Director" VALUES('0936404','0059742');
INSERT INTO "Director" VALUES('0000318','0103776');
INSERT INTO "Director" VALUES('0005124','0120623');
INSERT INTO "Director" VALUES('0178997','0120484');
INSERT INTO "Director" VALUES('0074426','0307453');
INSERT INTO "Director" VALUES('0848414','0246460');
INSERT INTO "Director" VALUES('0001351','0070735');
INSERT INTO "Director" VALUES('0001628','0106918');
INSERT INTO "Director" VALUES('0781842','0398165');
INSERT INTO "Director" VALUES('0001741','0120903');
INSERT INTO "Director" VALUES('0005540','0175142');
INSERT INTO "Director" VALUES('0001490','0093010');
INSERT INTO "Director" VALUES('0000709','0161081');
INSERT INTO "Director" VALUES('0814085','0120616');
INSERT INTO "Director" VALUES('1103162','0120667');
INSERT INTO "Director" VALUES('0000709','0096438');
INSERT INTO "Director" VALUES('0001716','0092644');
INSERT INTO "Director" VALUES('0001081','0116695');
INSERT INTO "Director" VALUES('0331532','0267913');
INSERT INTO "Director" VALUES('0314671','0055254');
INSERT INTO "Director" VALUES('0005190','0163187');
INSERT INTO "Director" VALUES('0181902','0089880');
INSERT INTO "Director" VALUES('0609236','0181852');
INSERT INTO "Director" VALUES('0001102','0087363');
INSERT INTO "Director" VALUES('0000985','0119822');
INSERT INTO "Director" VALUES('0001149','0097733');
INSERT INTO "Director" VALUES('0000116','0111503');
INSERT INTO "Director" VALUES('0213450','0275847');
INSERT INTO "Director" VALUES('0736930','0252866');
INSERT INTO "Director" VALUES('0664756','0111070');
INSERT INTO "Director" VALUES('0001639','0343818');
INSERT INTO "Director" VALUES('0001149','0104714');
INSERT INTO "Director" VALUES('0003418','0232500');
INSERT INTO "Director" VALUES('0858525','0118998');
INSERT INTO "Director" VALUES('0000824','0076666');
INSERT INTO "Director" VALUES('0718627','0061852');
INSERT INTO "Director" VALUES('0000484','0077975');
INSERT INTO "Director" VALUES('0300265','0114148');
INSERT INTO "Director" VALUES('0001661','0104257');
INSERT INTO "Director" VALUES('0003418','0295701');
INSERT INTO "Director" VALUES('0711840','0120812');
INSERT INTO "Director" VALUES('0617130','0185937');
INSERT INTO "Director" VALUES('0001460','0120647');
INSERT INTO "Director" VALUES('0002132','0097778');
INSERT INTO "Director" VALUES('0591450','0164912');
INSERT INTO "Director" VALUES('0788940','0073629');
INSERT INTO "Director" VALUES('0001915','0105417');
INSERT INTO "Director" VALUES('0905152','0242653');
INSERT INTO "Director" VALUES('0501185','0304669');
INSERT INTO "Director" VALUES('0506613','0349205');
INSERT INTO "Director" VALUES('0000881','0172156');
INSERT INTO "Director" VALUES('0001814','0119217');
INSERT INTO "Director" VALUES('0000231','0091763');
INSERT INTO "Director" VALUES('0500343','0130623');
INSERT INTO "Director" VALUES('0001104','0120689');
INSERT INTO "Director" VALUES('0000165','0117438');
INSERT INTO "Director" VALUES('0378893','0115433');
INSERT INTO "Director" VALUES('0000386','0120685');
INSERT INTO "Director" VALUES('0006625','0100758');
INSERT INTO "Director" VALUES('0001723','0129290');
INSERT INTO "Director" VALUES('0000338','0068646');
INSERT INTO "Director" VALUES('0001149','0078346');
INSERT INTO "Director" VALUES('0000881','0117500');
INSERT INTO "Director" VALUES('0227540','0371606');
INSERT INTO "Director" VALUES('0781842','0305224');
INSERT INTO "Director" VALUES('0000583','0332452');
INSERT INTO "Director" VALUES('0788202','0305669');
INSERT INTO "Director" VALUES('0000487','0286716');
INSERT INTO "Director" VALUES('0000229','0181689');
INSERT INTO "Director" VALUES('0922346','0146316');
INSERT INTO "Director" VALUES('0001129','0102926');
INSERT INTO "Director" VALUES('0002653','0097523');
INSERT INTO "Director" VALUES('0505152','0109813');
INSERT INTO "Director" VALUES('0005222','0169547');
INSERT INTO "Director" VALUES('0000431','0084434');
INSERT INTO "Director" VALUES('0001149','0122151');
INSERT INTO "Director" VALUES('0000142','0405159');
INSERT INTO "Director" VALUES('0000431','0350258');
INSERT INTO "Director" VALUES('0000217','0338751');
INSERT INTO "Director" VALUES('0000142','0327056');
INSERT INTO "Director" VALUES('0420941','0340855');
INSERT INTO "Director" VALUES('0005237','0159365');
INSERT INTO "Director" VALUES('0000591','0253474');
INSERT INTO "Director" VALUES('0197636','0274558');
INSERT INTO "Director" VALUES('0005069','0268126');
INSERT INTO "Director" VALUES('0298807','0139654');
INSERT INTO "Director" VALUES('0286975','0285742');
INSERT INTO "Director" VALUES('0264236','0280778');
INSERT INTO "Director" VALUES('0001752','0195685');
INSERT INTO "Director" VALUES('0001752','0181865');
INSERT INTO "Director" VALUES('0000438','0183659');
INSERT INTO "Director" VALUES('0005303','0171804');
INSERT INTO "Director" VALUES('0002120','0124315');
INSERT INTO "Director" VALUES('0003506','0172493');
INSERT INTO "Director" VALUES('0006960','0138097');
INSERT INTO "Director" VALUES('0000905','0118799');
INSERT INTO "Director" VALUES('0001707','0118564');
INSERT INTO "Director" VALUES('0000436','0119488');
INSERT INTO "Director" VALUES('0005237','0116209');
INSERT INTO "Director" VALUES('0382956','0117631');
INSERT INTO "Director" VALUES('0001054','0116282');
INSERT INTO "Director" VALUES('0000154','0112573');
INSERT INTO "Director" VALUES('0001214','0113627');
INSERT INTO "Director" VALUES('0000209','0112818');
INSERT INTO "Director" VALUES('0001741','0114814');
INSERT INTO "Director" VALUES('0000095','0113819');
INSERT INTO "Director" VALUES('0724798','0109306');
INSERT INTO "Director" VALUES('0000318','0109707');
INSERT INTO "Director" VALUES('0000095','0109348');
INSERT INTO "Director" VALUES('0000229','0108052');
INSERT INTO "Director" VALUES('0001129','0107818');
INSERT INTO "Director" VALUES('0001005','0107822');
INSERT INTO "Director" VALUES('0000142','0105695');
INSERT INTO "Director" VALUES('0000976','0105323');
INSERT INTO "Director" VALUES('0412465','0104454');
INSERT INTO "Director" VALUES('0528718','0104952');
INSERT INTO "Director" VALUES('0881038','0101587');
INSERT INTO "Director" VALUES('0000416','0101889');
INSERT INTO "Director" VALUES('0775447','0100486');
INSERT INTO "Director" VALUES('0001661','0100157');
INSERT INTO "Director" VALUES('0000217','0099685');
INSERT INTO "Director" VALUES('0000915','0097239');
INSERT INTO "Director" VALUES('0006487','0097937');
INSERT INTO "Director" VALUES('0001880','0097441');
INSERT INTO "Director" VALUES('0000231','0096969');
INSERT INTO "Director" VALUES('0438279','0094608');
INSERT INTO "Director" VALUES('0187769','0095159');
INSERT INTO "Director" VALUES('0001410','0094606');
INSERT INTO "Director" VALUES('0000934','0093389');
INSERT INTO "Director" VALUES('0000231','0094291');
INSERT INTO "Director" VALUES('0422484','0093565');
INSERT INTO "Director" VALUES('0000361','0094226');
INSERT INTO "Director" VALUES('0000217','0090863');
INSERT INTO "Director" VALUES('0354279','0090830');
INSERT INTO "Director" VALUES('0000095','0091167');
INSERT INTO "Director" VALUES('0001628','0089755');
INSERT INTO "Director" VALUES('0002199','0089424');
INSERT INTO "Director" VALUES('0557751','0090203');
INSERT INTO "Director" VALUES('0000165','0088933');
INSERT INTO "Director" VALUES('0001379','0089841');
INSERT INTO "Director" VALUES('0001232','0086879');
INSERT INTO "Director" VALUES('0000914','0087921');
INSERT INTO "Director" VALUES('0423646','0087553');
INSERT INTO "Director" VALUES('0000180','0087892');
INSERT INTO "Director" VALUES('0000985','0086425');
INSERT INTO "Director" VALUES('0000915','0086423');
INSERT INTO "Director" VALUES('0001837','0086617');
INSERT INTO "Director" VALUES('0000277','0083987');
INSERT INTO "Director" VALUES('0001587','0084707');
INSERT INTO "Director" VALUES('0399853','0082158');
INSERT INTO "Director" VALUES('0753073','0082846');
INSERT INTO "Director" VALUES('0330619','0082031');
INSERT INTO "Director" VALUES('0000886','0082979');
INSERT INTO "Director" VALUES('0000602','0081283');
INSERT INTO "Director" VALUES('0000217','0081398');
INSERT INTO "Director" VALUES('0000776','0080549');
INSERT INTO "Director" VALUES('0001129','0081150');
INSERT INTO "Director" VALUES('0000914','0079417');
INSERT INTO "Director" VALUES('0728688','0079638');
INSERT INTO "Director" VALUES('0000797','0078841');
INSERT INTO "Director" VALUES('0001047','0077416');
INSERT INTO "Director" VALUES('0000797','0077362');
INSERT INTO "Director" VALUES('0006889','0077289');
INSERT INTO "Director" VALUES('0000095','0075686');
INSERT INTO "Director" VALUES('0006889','0076095');
INSERT INTO "Director" VALUES('0003593','0076245');
INSERT INTO "Director" VALUES('0000814','0075148');
INSERT INTO "Director" VALUES('0001486','0074958');
INSERT INTO "Director" VALUES('0001587','0074119');
INSERT INTO "Director" VALUES('0001232','0073486');
INSERT INTO "Director" VALUES('0006889','0073766');
INSERT INTO "Director" VALUES('0000797','0073692');
INSERT INTO "Director" VALUES('0000338','0071562');
INSERT INTO "Director" VALUES('0005196','0071598');
INSERT INTO "Director" VALUES('0000217','0071115');
INSERT INTO "Director" VALUES('0001486','0071877');
INSERT INTO "Director" VALUES('0000814','0070640');
INSERT INTO "Director" VALUES('0291035','0070819');
INSERT INTO "Director" VALUES('0108745','0070509');
INSERT INTO "Director" VALUES('0000953','0070510');
INSERT INTO "Director" VALUES('0002080','0068327');
INSERT INTO "Director" VALUES('0441501','0068326');
INSERT INTO "Director" VALUES('0001243','0067116');
INSERT INTO "Director" VALUES('0001587','0067309');
INSERT INTO "Director" VALUES('0000953','0067328');
INSERT INTO "Director" VALUES('0769874','0066206');
INSERT INTO "Director" VALUES('0001692','0066579');
INSERT INTO "Director" VALUES('0000180','0066319');
INSERT INTO "Director" VALUES('0780833','0065377');
INSERT INTO "Director" VALUES('0772259','0064665');
INSERT INTO "Director" VALUES('0368871','0065126');
INSERT INTO "Director" VALUES('0623768','0064840');
INSERT INTO "Director" VALUES('0001628','0065088');
INSERT INTO "Director" VALUES('0757256','0064117');
INSERT INTO "Director" VALUES('0715346','0063385');
INSERT INTO "Director" VALUES('0625680','0062794');
INSERT INTO "Director" VALUES('0943758','0062994');
INSERT INTO "Director" VALUES('0343260','0063654');
INSERT INTO "Director" VALUES('0000591','0063522');
INSERT INTO "Director" VALUES('0422484','0061811');
INSERT INTO "Director" VALUES('0006452','0061735');
INSERT INTO "Director" VALUES('0742341','0061512');
INSERT INTO "Director" VALUES('0671957','0061418');
INSERT INTO "Director" VALUES('0001566','0061722');
INSERT INTO "Director" VALUES('0003593','0060665');
INSERT INTO "Director" VALUES('0001566','0061184');
INSERT INTO "Director" VALUES('0000697','0060424');
INSERT INTO "Director" VALUES('0799033','0059017');
INSERT INTO "Director" VALUES('0772259','0059084');
INSERT INTO "Director" VALUES('0168641','0059798');
INSERT INTO "Director" VALUES('0337885','0059573');
INSERT INTO "Director" VALUES('0002030','0058385');
INSERT INTO "Director" VALUES('0829038','0058331');
INSERT INTO "Director" VALUES('0202088','0058672');
INSERT INTO "Director" VALUES('0128050','0057831');
INSERT INTO "Director" VALUES('0724798','0057590');
INSERT INTO "Director" VALUES('0625680','0057251');
INSERT INTO "Director" VALUES('0728688','0057163');
INSERT INTO "Director" VALUES('0002190','0057634');
INSERT INTO "Director" VALUES('0000180','0056172');
INSERT INTO "Director" VALUES('0612322','0056592');
INSERT INTO "Director" VALUES('0671957','0056241');
INSERT INTO "Director" VALUES('0112218','0056541');
INSERT INTO "Director" VALUES('0730385','0055614');
INSERT INTO "Director" VALUES('0006452','0055031');
INSERT INTO "Director" VALUES('0001120','0054749');
INSERT INTO "Director" VALUES('0936404','0055614');
INSERT INTO "Director" VALUES('0000697','0053604');
INSERT INTO "Director" VALUES('0112218','0053793');
INSERT INTO "Director" VALUES('0542702','0053622');
INSERT INTO "Director" VALUES('0000040','0054331');
INSERT INTO "Director" VALUES('0943758','0052618');
INSERT INTO "Director" VALUES('0002338','0053226');
INSERT INTO "Director" VALUES('0828419','0052738');
INSERT INTO "Director" VALUES('0591486','0051658');
INSERT INTO "Director" VALUES('0542720','0052182');
INSERT INTO "Director" VALUES('0936404','0051758');
INSERT INTO "Director" VALUES('0943758','0051411');
INSERT INTO "Director" VALUES('0000180','0050212');
INSERT INTO "Director" VALUES('0425913','0051077');
INSERT INTO "Director" VALUES('0517597','0050933');
INSERT INTO "Director" VALUES('0027183','0048960');
INSERT INTO "Director" VALUES('0485943','0049408');
INSERT INTO "Director" VALUES('0514822','0048947');
INSERT INTO "Director" VALUES('0591486','0049456');
INSERT INTO "Director" VALUES('0802862','0049966');
INSERT INTO "Director" VALUES('0828419','0049261');
INSERT INTO "Director" VALUES('0542720','0048356');
INSERT INTO "Director" VALUES('0542702','0048563');
INSERT INTO "Director" VALUES('0000406','0048380');
INSERT INTO "Director" VALUES('0001415','0048028');
INSERT INTO "Director" VALUES('0001415','0047296');
INSERT INTO "Director" VALUES('0780833','0046874');
INSERT INTO "Director" VALUES('0000581','0046754');
INSERT INTO "Director" VALUES('0003593','0045793');
INSERT INTO "Director" VALUES('0000697','0046359');
INSERT INTO "Director" VALUES('0943758','0046250');
INSERT INTO "Director" VALUES('0001124','0044672');
INSERT INTO "Director" VALUES('0003593','0044706');
INSERT INTO "Director" VALUES('0542702','0044509');
INSERT INTO "Director" VALUES('0001415','0045296');
INSERT INTO "Director" VALUES('0591486','0044391');
INSERT INTO "Director" VALUES('0000406','0045061');
INSERT INTO "Director" VALUES('0591486','0043278');
INSERT INTO "Director" VALUES('0001379','0043265');
INSERT INTO "Director" VALUES('0001415','0044081');
INSERT INTO "Director" VALUES('0828419','0043924');
INSERT INTO "Director" VALUES('0000581','0042192');
INSERT INTO "Director" VALUES('0330456','0042367');
INSERT INTO "Director" VALUES('0002030','0042276');
INSERT INTO "Director" VALUES('0467396','0042546');
INSERT INTO "Director" VALUES('0744035','0041113');
INSERT INTO "Director" VALUES('0943758','0041452');
INSERT INTO "Director" VALUES('0454771','0041996');
INSERT INTO "Director" VALUES('0000581','0041587');
INSERT INTO "Director" VALUES('0000059','0040416');
INSERT INTO "Director" VALUES('0624535','0040495');
INSERT INTO "Director" VALUES('0001379','0040897');
INSERT INTO "Director" VALUES('0001379','0040506');
INSERT INTO "Director" VALUES('0001415','0039416');
INSERT INTO "Director" VALUES('0002030','0039335');
INSERT INTO "Director" VALUES('0693281','0039370');
INSERT INTO "Director" VALUES('0780833','0039628');
INSERT INTO "Director" VALUES('0943758','0036868');
INSERT INTO "Director" VALUES('0500552','0039040');
INSERT INTO "Director" VALUES('0332539','0038873');
INSERT INTO "Director" VALUES('0000697','0037884');
INSERT INTO "Director" VALUES('0002031','0037913');
INSERT INTO "Director" VALUES('0001415','0038190');
INSERT INTO "Director" VALUES('0113284','0037120');
INSERT INTO "Director" VALUES('0564970','0036872');
INSERT INTO "Director" VALUES('0002030','0036855');
INSERT INTO "Director" VALUES('0644048','0037135');
INSERT INTO "Director" VALUES('0002031','0034583');
INSERT INTO "Director" VALUES('0795864','0036515');
INSERT INTO "Director" VALUES('0454771','0036377');
INSERT INTO "Director" VALUES('0828419','0036172');
INSERT INTO "Director" VALUES('0939992','0035896');
INSERT INTO "Director" VALUES('0943758','0035093');
INSERT INTO "Director" VALUES('0002031','0035575');
INSERT INTO "Director" VALUES('0503777','0033774');
INSERT INTO "Director" VALUES('0000406','0033729');
INSERT INTO "Director" VALUES('0001328','0034167');
INSERT INTO "Director" VALUES('0000033','0034248');
INSERT INTO "Director" VALUES('0332539','0033677');
INSERT INTO "Director" VALUES('0000033','0032976');
INSERT INTO "Director" VALUES('0002030','0032904');
INSERT INTO "Director" VALUES('0939992','0032671');
INSERT INTO "Director" VALUES('0943758','0033253');
INSERT INTO "Director" VALUES('0000406','0032551');
INSERT INTO "Director" VALUES('0939992','0031385');
INSERT INTO "Director" VALUES('0000406','0031971');
INSERT INTO "Director" VALUES('0001008','0030993');
INSERT INTO "Director" VALUES('0851537','0029942');
INSERT INTO "Director" VALUES('0943758','0030287');
INSERT INTO "Director" VALUES('0124877','0030317');
INSERT INTO "Director" VALUES('0226189','0029146');
INSERT INTO "Director" VALUES('0281808','0028691');
INSERT INTO "Director" VALUES('0291548','0028944');
INSERT INTO "Director" VALUES('0454771','0029047');
INSERT INTO "Director" VALUES('0564970','0028597');
INSERT INTO "Director" VALUES('0502752','0027698');
INSERT INTO "Director" VALUES('0226189','0028313');
INSERT INTO "Director" VALUES('0001328','0027459');
INSERT INTO "Director" VALUES('0503777','0027300');
INSERT INTO "Director" VALUES('0001008','0027996');
INSERT INTO "Director" VALUES('0515979','0026752');
INSERT INTO "Director" VALUES('0000406','0026529');
INSERT INTO "Director" VALUES('0337595','0026261');
INSERT INTO "Director" VALUES('0001008','0025316');
INSERT INTO "Director" VALUES('0515979','0023876');
INSERT INTO "Director" VALUES('0466099','0024473');
INSERT INTO "Director" VALUES('0792514','0024353');
INSERT INTO "Director" VALUES('0332539','0022958');
INSERT INTO "Director" VALUES('0896542','0021730');
INSERT INTO "Director" VALUES('0783629','0022386');
INSERT INTO "Director" VALUES('0097648','0021635');
INSERT INTO "Director" VALUES('0749484','0021746');
INSERT INTO "Director" VALUES('0113284','0021885');
INSERT INTO "Director" VALUES('0384276','0021148');
INSERT INTO "Director" VALUES('0851537','0022397');
INSERT INTO "Director" VALUES('0064600','0019729');
INSERT INTO "Director" VALUES('0191899','0020018');
INSERT INTO "Director" VALUES('0853130','0019788');
INSERT INTO "Director" VALUES('0515979','0019824');
INSERT INTO "Director" VALUES('0920074','0018578');
INSERT INTO "Director" VALUES('0903049','0019071');
INSERT INTO "Director" VALUES('0097648','0018379');
INSERT INTO "Director" VALUES('0587277','0018515');
INSERT INTO "Director" VALUES('0005124','0317219');
INSERT INTO "Director" VALUES('0893659','0383574');
INSERT INTO "Director" VALUES('0711840','0376994');
INSERT INTO "Director" VALUES('0000165','0382625');
INSERT INTO "Director" VALUES('0001741','0348150');
INSERT INTO "Director" VALUES('0757858','0438097');
INSERT INTO "Director" VALUES('0426333','0327084');
INSERT INTO "Director" VALUES('0570912','0415306');
INSERT INTO "Director" VALUES('0178997','0389860');
INSERT INTO "Director" VALUES('0353673','0375679');
INSERT INTO "Director" VALUES('0587955','0379725');
INSERT INTO "Director" VALUES('0003506','0358273');
INSERT INTO "Director" VALUES('0300866','0365737');
INSERT INTO "Director" VALUES('0576987','0387131');
INSERT INTO "Director" VALUES('0000487','0388795');
INSERT INTO "Director" VALUES('0009190','0317919');
INSERT INTO "Director" VALUES('0588087','0413267');
INSERT INTO "Director" VALUES('0893659','0449088');
INSERT INTO "Director" VALUES('0946734','0373889');
INSERT INTO "Director" VALUES('0506613','0477347');
INSERT INTO "Director" VALUES('0339030','0440963');
INSERT INTO "Director" VALUES('0083348','0382932');
INSERT INTO "Director" VALUES('0004306','0366548');
INSERT INTO "Director" VALUES('0798899','0462538');
INSERT INTO "Director" VALUES('0132709','0381061');
INSERT INTO "Director" VALUES('0610831','0454921');
INSERT INTO "Director" VALUES('0000881','0418279');
INSERT INTO "Director" VALUES('0811583','0416449');
INSERT INTO "Director" VALUES('0065608','0486946');
INSERT INTO "Director" VALUES('0031976','0478311');
INSERT INTO "Director" VALUES('0000217','0407887');
INSERT INTO "Director" VALUES('0531817','0455590');
INSERT INTO "Director" VALUES('0001241','0436697');
INSERT INTO "Director" VALUES('0206760','0449059');
INSERT INTO "Director" VALUES('0174374','0443489');
INSERT INTO "Director" VALUES('0634240','0468569');
INSERT INTO "Director" VALUES('0269463','0371746');
INSERT INTO "Director" VALUES('0000229','0367882');
INSERT INTO "Director" VALUES('1349376','0480249');
INSERT INTO "Director" VALUES('0000916','0448157');
INSERT INTO "Director" VALUES('0004056','0910970');
INSERT INTO "Director" VALUES('0005509','0465234');
INSERT INTO "Director" VALUES('0384722','0952640');
INSERT INTO "Director" VALUES('0651706','0441773');
INSERT INTO "Director" VALUES('0371755','0451079');
INSERT INTO "Director" VALUES('0455078','1000774');
INSERT INTO "Director" VALUES('0718646','0467406');
INSERT INTO "Director" VALUES('0011470','0499448');
INSERT INTO "Director" VALUES('0711840','0293564');
INSERT INTO "Director" VALUES('1630273','0795421');
INSERT INTO "Director" VALUES('0001053','0477348');
INSERT INTO "Director" VALUES('0000759','0469494');
INSERT INTO "Director" VALUES('0196860','0450188');
INSERT INTO "Director" VALUES('0006904','0465538');
INSERT INTO "Director" VALUES('0000881','1055369');
INSERT INTO "Director" VALUES('0946734','0417741');
INSERT INTO "Director" VALUES('0230032','1049413');
INSERT INTO "Director" VALUES('0677037','1049413');
INSERT INTO "Director" VALUES('0680846','1119646');
INSERT INTO "Director" VALUES('0009190','0796366');
INSERT INTO "Director" VALUES('1224299','0892782');
INSERT INTO "Director" VALUES('0970447','0892782');
INSERT INTO "Director" VALUES('0757858','1080016');
INSERT INTO "Director" VALUES('0862211','1080016');
INSERT INTO "Director" VALUES('0362566','1099212');
INSERT INTO "Director" VALUES('0201509','0479952');
INSERT INTO "Director" VALUES('0569891','0479952');
INSERT INTO "Director" VALUES('0004303','0458525');
INSERT INTO "Director" VALUES('0506613','1078912');
INSERT INTO "Director" VALUES('0286975','0830515');
INSERT INTO "Director" VALUES('0281945','1041829');
INSERT INTO "Director" VALUES('0510912','1013752');
INSERT INTO "Director" VALUES('0000142','1205489');
INSERT INTO "Director" VALUES('0139867','1114740');
INSERT INTO "Director" VALUES('0603628','0936501');
INSERT INTO "Director" VALUES('0814085','1046173');
INSERT INTO "Director" VALUES('0000965','1010048');
INSERT INTO "Director" VALUES('0001814','1013753');
INSERT INTO "Director" VALUES('0197636','0976051');
INSERT INTO "Director" VALUES('0000095','0497465');
INSERT INTO "Director" VALUES('0000116','0499549');
INSERT INTO "Director" VALUES('0881279','0435761');
INSERT INTO "Director" VALUES('0000318','1014759');
INSERT INTO "Director" VALUES('0269463','1228705');
INSERT INTO "Director" VALUES('1720541','1325004');
INSERT INTO "Director" VALUES('0919363','1259571');
INSERT INTO "Director" VALUES('0634240','1375666');
INSERT INTO "Director" VALUES('0359387','0878804');
INSERT INTO "Director" VALUES('1853544','1323594');
INSERT INTO "Director" VALUES('0593610','0892791');
INSERT INTO "Director" VALUES('0858525','1231580');
INSERT INTO "Director" VALUES('0213450','0892769');
INSERT INTO "Director" VALUES('0005363','0988045');
INSERT INTO "Director" VALUES('0958969','1155076');
INSERT INTO "Director" VALUES('0000386','1190080');
INSERT INTO "Director" VALUES('0504642','0800320');
INSERT INTO "Director" VALUES('0240797','1375670');
INSERT INTO "Director" VALUES('0000941','0887912');
INSERT INTO "Director" VALUES('0178376','1263670');
INSERT INTO "Director" VALUES('0000233','0361748');
INSERT INTO "Director" VALUES('0200005','0929632');
INSERT INTO "Director" VALUES('0367431','0063227');
INSERT INTO "Director" VALUES('0946734','1201607');
INSERT INTO "Director" VALUES('0000881','1399103');
INSERT INTO "Director" VALUES('0946734','0926084');
INSERT INTO "Director" VALUES('0680846','1411697');
INSERT INTO "Director" VALUES('0551128','1298650');
INSERT INTO "Director" VALUES('0510912','1596343');
INSERT INTO "Director" VALUES('1977355','0398286');
INSERT INTO "Director" VALUES('0397174','0398286');
INSERT INTO "Director" VALUES('0005124','1216475');
INSERT INTO "Director" VALUES('0506977','1216475');
INSERT INTO "Director" VALUES('0000110','0800369');
INSERT INTO "Director" VALUES('0002653','0458339');
INSERT INTO "Director" VALUES('2676052','1104001');
INSERT INTO "Director" VALUES('1012501','1318514');
INSERT INTO "Director" VALUES('0001053','1403865');
INSERT INTO "Director" VALUES('0001054','1403865');
INSERT INTO "Director" VALUES('0270552','1478338');
INSERT INTO "Director" VALUES('0950775','1302011');
INSERT INTO "Director" VALUES('0393799','1504320');
INSERT INTO "Director" VALUES('0004716','0947798');
INSERT INTO "Director" VALUES('0751102','0964517');
INSERT INTO "Director" VALUES('0923736','0848228');
INSERT INTO "Director" VALUES('0634240','1345836');
INSERT INTO "Director" VALUES('0002657','1392170');
INSERT INTO "Director" VALUES('0174374','1324999');
INSERT INTO "Director" VALUES('1989536','0948470');
INSERT INTO "Director" VALUES('0028764','1217209');
INSERT INTO "Director" VALUES('0152312','1217209');
INSERT INTO "Director" VALUES('0532235','1637725');
INSERT INTO "Director" VALUES('0201509','1277953');
INSERT INTO "Director" VALUES('0569891','1277953');
INSERT INTO "Director" VALUES('0719208','1482459');
INSERT INTO "Director" VALUES('0049633','1482459');
INSERT INTO "Director" VALUES('0083348','1229238');
INSERT INTO "Director" VALUES('0005363','1515091');
INSERT INTO "Director" VALUES('0001756','1409024');
INSERT INTO "Director" VALUES('0853238','1454029');
INSERT INTO "Director" VALUES('0371890','1655442');
INSERT INTO "Director" VALUES('1630273','1007029');
INSERT INTO "Director" VALUES('0590122','1532503');
INSERT INTO "Director" VALUES('0000948','1300854');
INSERT INTO "Director" VALUES('1853544','1690953');
INSERT INTO "Director" VALUES('0719208','1690953');
INSERT INTO "Director" VALUES('0005222','1074638');
INSERT INTO "Director" VALUES('0001392','0903624');
INSERT INTO "Director" VALUES('0174374','1673434');
INSERT INTO "Director" VALUES('0811583','0770828');
INSERT INTO "Director" VALUES('0768959','1453405');
INSERT INTO "Director" VALUES('0510912','1905041');
INSERT INTO "Director" VALUES('0000600','1623205');
INSERT INTO "Director" VALUES('0009190','1408101');
INSERT INTO "Director" VALUES('0601781','1772341');
INSERT INTO "Director" VALUES('0210320','0481499');
INSERT INTO "Director" VALUES('0761498','0481499');
INSERT INTO "Director" VALUES('0000229','0443272');
INSERT INTO "Director" VALUES('0000255','1024648');
INSERT INTO "Director" VALUES('0751102','1045658');
INSERT INTO "Director" VALUES('0000233','1853728');
INSERT INTO "Director" VALUES('0393799','1707386');
INSERT INTO "Director" VALUES('0000487','0454876');
INSERT INTO "Director" VALUES('0286975','0816711');
INSERT INTO "Director" VALUES('0751102','1800241');
INSERT INTO "Director" VALUES('1349376','1951264');
INSERT INTO "Director" VALUES('0118333','2294629');
INSERT INTO "Director" VALUES('1601644','2294629');
INSERT INTO "Director" VALUES('0348181','2015381');
INSERT INTO "Director" VALUES('0190859','1454468');
INSERT INTO "Director" VALUES('0751577','1843866');
INSERT INTO "Director" VALUES('0751648','1843866');
INSERT INTO "Director" VALUES('0001392','1170358');
INSERT INTO "Director" VALUES('0520488','1490017');
INSERT INTO "Director" VALUES('0588087','1490017');
INSERT INTO "Director" VALUES('0000881','2109248');
INSERT INTO "Director" VALUES('0834902','1587310');
INSERT INTO "Director" VALUES('0001741','1877832');
INSERT INTO "Director" VALUES('0716257','2103281');
INSERT INTO "Director" VALUES('0851930','1981115');
INSERT INTO "Director" VALUES('1989536','1872181');
INSERT INTO "Director" VALUES('2284484','0831387');
INSERT INTO "Director" VALUES('0520488','2294449');
INSERT INTO "Director" VALUES('0588087','2294449');
INSERT INTO "Director" VALUES('0509448','1291150');
INSERT INTO "Director" VALUES('2588606','2024544');
INSERT INTO "Director" VALUES('0885249','0790636');
INSERT INTO "Director" VALUES('0000095','2334873');
INSERT INTO "Director" VALUES('1119880','0369610');
INSERT INTO "Director" VALUES('0923736','2395427');
INSERT INTO "Director" VALUES('0230032','2096673');
INSERT INTO "Director" VALUES('0215455','2096673');
INSERT INTO "Director" VALUES('1490123','2820852');
INSERT INTO "Director" VALUES('0049633','2293640');
INSERT INTO "Director" VALUES('1853544','2293640');
INSERT INTO "Director" VALUES('0003160','2381249');
INSERT INTO "Director" VALUES('0001392','2310332');
INSERT INTO "Director" VALUES('0000142','2179136');
INSERT INTO "Director" VALUES('1349376','1951265');
INSERT INTO "Director" VALUES('2320658','2245084');
INSERT INTO "Director" VALUES('0930261','2245084');
INSERT INTO "Director" VALUES('0634240','0816692');
INSERT INTO "Director" VALUES('0000110','1661199');
INSERT INTO "Director" VALUES('0006969','2848292');
INSERT INTO "Director" VALUES('0327944','2562232');
INSERT INTO "Director" VALUES('1016428','2980516');
INSERT INTO "Director" VALUES('0322144','3316960');
INSERT INTO "Director" VALUES('0922903','3316960');
INSERT INTO "Director" VALUES('3227090','2582802');
INSERT INTO "Director" VALUES('0000500','1065073');
DROP TABLE IF EXISTS "Movie";
CREATE TABLE Movie (id CHAR(7) PRIMARY KEY, name VARCHAR(64), year INTEGER, rating VARCHAR(5), runtime INTEGER, genre VARCHAR(16), earnings_rank INTEGER);
INSERT INTO "Movie" VALUES('0499549','Avatar',2009,'PG-13',162,'AVYS',1);
INSERT INTO "Movie" VALUES('0120338','Titanic',1997,'PG-13',194,'DR',2);
INSERT INTO "Movie" VALUES('0369610','Jurassic World',2015,'PG-13',124,'A',3);
INSERT INTO "Movie" VALUES('0848228','The Avengers',2012,'PG-13',143,'A',4);
INSERT INTO "Movie" VALUES('0468569','The Dark Knight',2008,'PG-13',152,'AT',5);
INSERT INTO "Movie" VALUES('0120915','Star Wars: Episode I - The Phantom Menace',1999,'PG',133,'AVS',6);
INSERT INTO "Movie" VALUES('0076759','Star Wars',1977,'PG',121,'AVYS',7);
INSERT INTO "Movie" VALUES('2395427','Avengers: Age of Ultron',2015,'PG-13',195,'A',8);
INSERT INTO "Movie" VALUES('1345836','The Dark Knight Rises',2012,'PG-13',165,'A',9);
INSERT INTO "Movie" VALUES('0298148','Shrek 2',2004,'PG',92,'VNCFY',10);
INSERT INTO "Movie" VALUES('0083866','E.T. the Extra-Terrestrial',1982,'PG',115,'VFYS',11);
INSERT INTO "Movie" VALUES('1951264','The Hunger Games: Catching Fire',2013,'PG-13',146,'V',12);
INSERT INTO "Movie" VALUES('0383574','Pirates of the Caribbean: Dead Man''s Chest',2006,'PG-13',150,'AVCY',13);
INSERT INTO "Movie" VALUES('0110357','Lion King, The',1994,'G',89,'VNCFL',14);
INSERT INTO "Movie" VALUES('0435761','Toy Story 3',2010,'G',103,'VNCFY',15);
INSERT INTO "Movie" VALUES('1300854','Iron Man 3',2013,'PG-13',130,'A',16);
INSERT INTO "Movie" VALUES('1392170','The Hunger Games',2012,'PG-13',142,'A',17);
INSERT INTO "Movie" VALUES('0145487','Spider-Man',2002,'PG-13',121,'AYST',18);
INSERT INTO "Movie" VALUES('0107290','Jurassic Park',1993,'PG-13',127,'AVHS',19);
INSERT INTO "Movie" VALUES('1055369','Transformers: Revenge of the Fallen',2009,'PG-13',150,'AVS',20);
INSERT INTO "Movie" VALUES('2294629','Frozen',2013,'PG',102,'N',21);
INSERT INTO "Movie" VALUES('1201607','Harry Potter and the Deathly Hallows: Part 2',2011,'PG-13',130,'VDYM',22);
INSERT INTO "Movie" VALUES('0266543','Finding Nemo',2003,'G',100,'VNCF',23);
INSERT INTO "Movie" VALUES('0121766','Star Wars: Episode III - Revenge of the Sith',2005,'PG-13',140,'AVYS',24);
INSERT INTO "Movie" VALUES('0167260','Lord of the Rings: The Return of the King, The',2003,'PG-13',201,'AVY',25);
INSERT INTO "Movie" VALUES('0316654','Spider-Man 2',2004,'PG-13',127,'AYST',26);
INSERT INTO "Movie" VALUES('0335345','Passion of the Christ, The',2004,'R',127,'D',27);
INSERT INTO "Movie" VALUES('1690953','Despicable Me 2',2013,'PG',98,'N',28);
INSERT INTO "Movie" VALUES('1399103','Transformers: Dark of the Moon',2011,'PG-13',157,'AVS',29);
INSERT INTO "Movie" VALUES('2096673','Inside Out',2015,'PG',94,'N',30);
INSERT INTO "Movie" VALUES('2820852','Furious 7',2015,'PG-13',140,'A',31);
INSERT INTO "Movie" VALUES('2179136','American Sniper',2015,'R',133,'A',32);
INSERT INTO "Movie" VALUES('0167261','Lord of the Rings: The Two Towers, The',2002,'PG-13',179,'AVY',33);
INSERT INTO "Movie" VALUES('1951265','The Hunger Games: Mockingjay - Part 1',2014,'PG-13',123,'V',34);
INSERT INTO "Movie" VALUES('0413300','Spider-Man 3',2007,'PG-13',140,'AVST',35);
INSERT INTO "Movie" VALUES('1014759','Alice in Wonderland',2010,'PG',108,'VFY',36);
INSERT INTO "Movie" VALUES('2015381','Guardians of the Galaxy',2014,'PG-13',121,'A',37);
INSERT INTO "Movie" VALUES('2293640','Minions',2015,'PG',91,'N',38);
INSERT INTO "Movie" VALUES('0109830','Forrest Gump',1994,'PG-13',142,'CD',39);
INSERT INTO "Movie" VALUES('0413267','Shrek the Third',2007,'PG',92,'NVCFY',40);
INSERT INTO "Movie" VALUES('0418279','Transformers',2007,'PG-13',144,'AVCST',41);
INSERT INTO "Movie" VALUES('0371746','Iron Man',2008,'PG-13',126,'AVDST',42);
INSERT INTO "Movie" VALUES('0241527','Harry Potter and the Sorcerer''s Stone',2001,'PG',152,'VFY',43);
INSERT INTO "Movie" VALUES('0367882','Indiana Jones and the Kingdom of the Crystal Skull',2008,'PG-13',122,'AV',44);
INSERT INTO "Movie" VALUES('0120737','Lord of the Rings: The Fellowship of the Ring, The',2001,'PG-13',178,'AVY',45);
INSERT INTO "Movie" VALUES('1228705','Iron Man 2',2010,'PG-13',124,'AVS',46);
INSERT INTO "Movie" VALUES('0121765','Star Wars: Episode II - Attack of the Clones',2002,'PG',143,'AVS',47);
INSERT INTO "Movie" VALUES('0449088','Pirates of the Caribbean: At World''s End',2007,'PG-13',168,'AVCY',48);
INSERT INTO "Movie" VALUES('0086190','Star Wars: Episode VI - Return of the Jedi',1983,'PG',134,'AVYS',49);
INSERT INTO "Movie" VALUES('0116629','Independence Day',1996,'PG-13',145,'AS',50);
INSERT INTO "Movie" VALUES('0325980','Pirates of the Caribbean: The Curse of the Black Pearl',2003,'PG-13',143,'AVCY',51);
INSERT INTO "Movie" VALUES('1074638','Skyfall',2012,'PG-13',143,'A',52);
INSERT INTO "Movie" VALUES('0903624','The Hobbit: An Unexpected Journey',2012,'PG-13',169,'V',53);
INSERT INTO "Movie" VALUES('0417741','Harry Potter and the Half-Blood Prince',2009,'PG',153,'AVFYMR',54);
INSERT INTO "Movie" VALUES('1325004','The Twilight Saga: Eclipse',2010,'PG-13',124,'DYR',55);
INSERT INTO "Movie" VALUES('1259571','The Twilight Saga: New Moon',2009,'PG-13',130,'DYR',56);
INSERT INTO "Movie" VALUES('0926084','Harry Potter and the Deathly Hallows: Part 1',2010,'PG-13',146,'VDYM',57);
INSERT INTO "Movie" VALUES('0167404','Sixth Sense, The',1999,'PG-13',107,'DMT',58);
INSERT INTO "Movie" VALUES('1049413','Up',2009,'PG',96,'AVNCF',59);
INSERT INTO "Movie" VALUES('1375666','Inception',2010,'PG-13',148,'AMST',60);
INSERT INTO "Movie" VALUES('1673434','The Twilight Saga: Breaking Dawn - Part 2',2012,'PG-13',115,'V',61);
INSERT INTO "Movie" VALUES('0373889','Harry Potter and the Order of the Phoenix',2007,'PG-13',138,'ADFY',62);
INSERT INTO "Movie" VALUES('0363771','The Chronicles of Narnia: The Lion, the Witch and the Wardrobe',2005,'PG',140,'AVDFY',63);
INSERT INTO "Movie" VALUES('0770828','Man of Steel',2013,'PG-13',143,'A',64);
INSERT INTO "Movie" VALUES('0080684','Star Wars: Episode V - The Empire Strikes Back',1980,'PG',124,'AVYS',65);
INSERT INTO "Movie" VALUES('0330373','Harry Potter and the Goblet of Fire',2005,'PG-13',157,'VYMT',66);
INSERT INTO "Movie" VALUES('0198781','Monsters, Inc.',2001,'G',92,'NCFY',67);
INSERT INTO "Movie" VALUES('0099785','Home Alone',1990,'PG',103,'CF',68);
INSERT INTO "Movie" VALUES('0234215','Matrix Reloaded, The',2003,'R',138,'AST',69);
INSERT INTO "Movie" VALUES('1324999','The Twilight Saga: Breaking Dawn - Part 1',2011,'PG-13',117,'V',70);
INSERT INTO "Movie" VALUES('0290002','Meet the Fockers',2004,'PG-13',115,'C',71);
INSERT INTO "Movie" VALUES('1119646','The Hangover',2009,'R',100,'CM',72);
INSERT INTO "Movie" VALUES('1454468','Gravity',2013,'PG-13',91,'S',73);
INSERT INTO "Movie" VALUES('1453405','Monsters University',2013,'G',104,'N',74);
INSERT INTO "Movie" VALUES('0126029','Shrek',2001,'PG',90,'VNCFYR',75);
INSERT INTO "Movie" VALUES('0948470','The Amazing Spider-Man',2012,'PG-13',136,'A',76);
INSERT INTO "Movie" VALUES('0295297','Harry Potter and the Chamber of Secrets',2002,'PG',161,'VFYM',77);
INSERT INTO "Movie" VALUES('0317705','The Incredibles',2004,'PG',115,'AVNCFS',78);
INSERT INTO "Movie" VALUES('0170016','How the Grinch Stole Christmas',2000,'PG',104,'CFY',79);
INSERT INTO "Movie" VALUES('0073195','Jaws',1975,'PG',124,'VHT',80);
INSERT INTO "Movie" VALUES('1843866','Captain America: The Winter Soldier',2014,'PG-13',136,'A',81);
INSERT INTO "Movie" VALUES('1170358','The Hobbit: The Desolation of Smaug',2013,'PG-13',161,'V',82);
INSERT INTO "Movie" VALUES('1490017','The Lego Movie',2014,'PG',100,'N',83);
INSERT INTO "Movie" VALUES('0796366','Star Trek',2009,'PG-13',127,'AVS',84);
INSERT INTO "Movie" VALUES('0480249','I Am Legend',2007,'PG-13',101,'DHST',85);
INSERT INTO "Movie" VALUES('0878804','The Blind Side',2009,'PG-13',129,'D',86);
INSERT INTO "Movie" VALUES('2310332','The Hobbit: The Battle of the Five Armies',2014,'PG-13',144,'V',87);
INSERT INTO "Movie" VALUES('1411697','The Hangover Part II',2011,'R',102,'C',88);
INSERT INTO "Movie" VALUES('1323594','Despicable Me',2010,'PG',95,'NCF',89);
INSERT INTO "Movie" VALUES('0096895','Batman',1989,'PG-13',126,'AYT',90);
INSERT INTO "Movie" VALUES('0477347','Night at the Museum',2006,'PG',108,'AVCFY',91);
INSERT INTO "Movie" VALUES('0119654','Men in Black',1997,'PG-13',98,'ACS',92);
INSERT INTO "Movie" VALUES('0304141','Harry Potter and the Prisoner of Azkaban',2004,'PG',141,'VFY',93);
INSERT INTO "Movie" VALUES('0082971','Raiders of the Lost Ark',1981,'PG',115,'AV',94);
INSERT INTO "Movie" VALUES('0120363','Toy Story 2',1999,'G',92,'NCFY',95);
INSERT INTO "Movie" VALUES('2109248','Transformers: Age of Extinction',2014,'PG-13',165,'A',96);
INSERT INTO "Movie" VALUES('0317219','Cars',2006,'G',124,'NCF',97);
INSERT INTO "Movie" VALUES('0315327','Bruce Almighty',2003,'PG-13',101,'CYR',98);
INSERT INTO "Movie" VALUES('0087332','Ghostbusters',1984,'PG',105,'ACYS',99);
INSERT INTO "Movie" VALUES('0117998','Twister',1996,'PG-13',113,'ADT',100);
INSERT INTO "Movie" VALUES('0259446','My Big Fat Greek Wedding',2002,'PG',96,'CR',101);
INSERT INTO "Movie" VALUES('1587310','Maleficent',2014,'PG',97,'A',102);
INSERT INTO "Movie" VALUES('1298650','Pirates of the Caribbean: On Stranger Tides',2011,'PG-13',137,'AVY',103);
INSERT INTO "Movie" VALUES('0892791','Shrek Forever After',2010,'PG',93,'VNCFY',104);
INSERT INTO "Movie" VALUES('1905041','Fast & Furious 6',2013,'PG-13',130,'A',105);
INSERT INTO "Movie" VALUES('1217209','Brave',2012,'PG',93,'N',106);
INSERT INTO "Movie" VALUES('1623205','Oz the Great and Powerful',2013,'PG',130,'V',107);
INSERT INTO "Movie" VALUES('0086960','Beverly Hills Cop',1984,'R',105,'AC',108);
INSERT INTO "Movie" VALUES('0376994','X-Men: The Last Stand',2006,'PG-13',104,'AVST',109);
INSERT INTO "Movie" VALUES('0407304','War of the Worlds',2005,'PG-13',116,'AVST',110);
INSERT INTO "Movie" VALUES('1877832','X-Men: Days of Future Past',2014,'PG-13',131,'A',111);
INSERT INTO "Movie" VALUES('0162222','Cast Away',2000,'PG-13',143,'VD',112);
INSERT INTO "Movie" VALUES('0070047','Exorcist, The',1973,'R',122,'DH',113);
INSERT INTO "Movie" VALUES('0119567','Lost World: Jurassic Park, The',1997,'PG-13',129,'AVHST',114);
INSERT INTO "Movie" VALUES('1408101','Star Trek Into Darkness',2013,'PG-13',132,'A',115);
INSERT INTO "Movie" VALUES('0286106','Signs',2002,'PG-13',106,'DHST',116);
INSERT INTO "Movie" VALUES('0448157','Hancock',2008,'PG-13',92,'ACDYT',117);
INSERT INTO "Movie" VALUES('0440963','The Bourne Ultimatum',2007,'PG-13',111,'AVMT',118);
INSERT INTO "Movie" VALUES('0266915','Rush Hour 2',2001,'PG-13',90,'ACT',119);
INSERT INTO "Movie" VALUES('0910970','WALL-E',2008,'G',98,'VNCFRS',120);
INSERT INTO "Movie" VALUES('2245084','Big Hero 6',2014,'PG',102,'N',121);
INSERT INTO "Movie" VALUES('0465234','National Treasure: Book of Secrets',2007,'PG',124,'AVCMT',122);
INSERT INTO "Movie" VALUES('1231580','Alvin and the Chipmunks: The Squeakquel',2009,'PG',88,'NCFY',123);
INSERT INTO "Movie" VALUES('0107614','Mrs. Doubtfire',1993,'PG-13',125,'CD',124);
INSERT INTO "Movie" VALUES('0101414','Beauty and the Beast',1991,'G',84,'NFLR',125);
INSERT INTO "Movie" VALUES('1637725','Ted',2012,'R',106,'C',126);
INSERT INTO "Movie" VALUES('0360717','King Kong',2005,'PG-13',187,'AVDT',127);
INSERT INTO "Movie" VALUES('0099653','Ghost',1990,'PG-13',128,'DYRT',128);
INSERT INTO "Movie" VALUES('0892769','How to Train Your Dragon',2010,'PG',98,'VNCFY',129);
INSERT INTO "Movie" VALUES('0382625','The Da Vinci Code',2006,'PG-13',149,'DMT',130);
INSERT INTO "Movie" VALUES('0103639','Aladdin',1992,'G',90,'NCFYL',131);
INSERT INTO "Movie" VALUES('0952640','Alvin and the Chipmunks',2007,'PG',92,'CFY',132);
INSERT INTO "Movie" VALUES('0120815','Saving Private Ryan',1998,'R',170,'ADW',133);
INSERT INTO "Movie" VALUES('1277953','Madagascar 3: Europe''s Most Wanted',2012,'PG',93,'N',134);
INSERT INTO "Movie" VALUES('0441773','Kung Fu Panda',2008,'PG',92,'ANCF',135);
INSERT INTO "Movie" VALUES('0120755','Mission: Impossible II',2000,'PG-13',123,'AT',136);
INSERT INTO "Movie" VALUES('0290334','X2',2003,'PG-13',133,'AYST',137);
INSERT INTO "Movie" VALUES('1482459','The Lorax',2012,'PG',86,'N',138);
INSERT INTO "Movie" VALUES('0295178','Austin Powers in Goldmember',2002,'PG-13',94,'AVC',139);
INSERT INTO "Movie" VALUES('0416449','300',2006,'R',117,'ADW',140);
INSERT INTO "Movie" VALUES('0088763','Back to the Future',1985,'PG',111,'VCS',141);
INSERT INTO "Movie" VALUES('1596343','Fast Five',2011,'PG-13',130,'AT',142);
INSERT INTO "Movie" VALUES('1229238','Mission: Impossible - Ghost Protocol',2011,'PG-13',133,'A',143);
INSERT INTO "Movie" VALUES('0396269','Wedding Crashers',2005,'R',119,'CR',144);
INSERT INTO "Movie" VALUES('0988045','Sherlock Holmes',2009,'PG-13',128,'AVMT',145);
INSERT INTO "Movie" VALUES('2103281','Dawn of the Planet of the Apes',2014,'PG-13',130,'A',146);
INSERT INTO "Movie" VALUES('0372784','Batman Begins',2005,'PG-13',141,'AVYT',147);
INSERT INTO "Movie" VALUES('0367594','Charlie and the Chocolate Factory',2005,'PG',115,'VCFY',148);
INSERT INTO "Movie" VALUES('0382932','Ratatouille',2007,'G',110,'NCF',149);
INSERT INTO "Movie" VALUES('1981115','Thor: The Dark World',2013,'PG-13',112,'A',150);
INSERT INTO "Movie" VALUES('0145660','Austin Powers: The Spy Who Shagged Me',1999,'PG-13',95,'AC',151);
INSERT INTO "Movie" VALUES('0103064','Terminator 2: Judgment Day',1991,'R',137,'ADST',152);
INSERT INTO "Movie" VALUES('1872181','The Amazing Spider-Man 2',2014,'PG-13',142,'A',153);
INSERT INTO "Movie" VALUES('0816711','World War Z',2013,'PG-13',123,'A',154);
INSERT INTO "Movie" VALUES('0209163','Mummy Returns, The',2001,'PG-13',130,'AVY',155);
INSERT INTO "Movie" VALUES('0120591','Armageddon',1998,'PG-13',144,'AST',156);
INSERT INTO "Movie" VALUES('1661199','Cinderella',2015,'PG',105,'D',157);
INSERT INTO "Movie" VALUES('0398286','Tangled',2010,'PG',100,'NCFYLR',158);
INSERT INTO "Movie" VALUES('0831387','Godzilla',2014,'PG-13',123,'A',159);
INSERT INTO "Movie" VALUES('0348150','Superman Returns',2006,'PG-13',154,'AVYS',160);
INSERT INTO "Movie" VALUES('0031381','Gone with the Wind',1939,'G',238,'DRW',161);
INSERT INTO "Movie" VALUES('0213149','Pearl Harbor',2001,'PG-13',183,'ADRW',162);
INSERT INTO "Movie" VALUES('0892782','Monsters vs Aliens',2009,'PG',94,'ANFS',163);
INSERT INTO "Movie" VALUES('0366548','Happy Feet',2006,'PG',109,'NVCFL',164);
INSERT INTO "Movie" VALUES('0097576','Indiana Jones and the Last Crusade',1989,'PG-13',127,'AV',165);
INSERT INTO "Movie" VALUES('1080016','Ice Age: Dawn of the Dinosaurs',2009,'PG',94,'AVNCFR',166);
INSERT INTO "Movie" VALUES('0438097','Ice Age: The Meltdown',2006,'PG',91,'VNCF',167);
INSERT INTO "Movie" VALUES('0351283','Madagascar',2005,'PG',86,'VNCF',168);
INSERT INTO "Movie" VALUES('1099212','Twilight',2008,'PG-13',122,'DYRT',169);
INSERT INTO "Movie" VALUES('0114709','Toy Story',1995,'G',81,'NCFY',170);
INSERT INTO "Movie" VALUES('2294449','22 Jump Street',2014,'R',112,'A',171);
INSERT INTO "Movie" VALUES('1216475','Cars 2',2011,'G',106,'VNCF',172);
INSERT INTO "Movie" VALUES('1291150','Teenage Mutant Ninja Turtles',2014,'PG-13',101,'A',173);
INSERT INTO "Movie" VALUES('0120912','Men in Black II',2002,'PG-13',88,'ACS',174);
INSERT INTO "Movie" VALUES('2381249','Mission: Impossible - Rogue Nation',2015,'PG-13',131,'A',175);
INSERT INTO "Movie" VALUES('1772341','Wreck-It Ralph',2012,'PG',108,'N',176);
INSERT INTO "Movie" VALUES('0077631','Grease',1978,'PG',110,'CLR',177);
INSERT INTO "Movie" VALUES('0816692','Interstellar',2014,'PG-13',169,'V',178);
INSERT INTO "Movie" VALUES('0172495','Gladiator',2000,'R',155,'AD',179);
INSERT INTO "Movie" VALUES('0481499','The Croods',2013,'PG',98,'N',180);
INSERT INTO "Movie" VALUES('1515091','Sherlock Holmes: A Game of Shadows',2011,'PG-13',129,'A',181);
INSERT INTO "Movie" VALUES('0319262','The Day After Tomorrow',2004,'PG-13',124,'AVDST',182);
INSERT INTO "Movie" VALUES('0356910','Mr. and Mrs. Smith',2005,'PG-13',120,'ACRT',183);
INSERT INTO "Movie" VALUES('0029583','Snow White and the Seven Dwarfs',1937,'G',83,'NFL',184);
INSERT INTO "Movie" VALUES('0099348','Dances with Wolves',1990,'PG-13',180,'VDE',185);
INSERT INTO "Movie" VALUES('0112462','Batman Forever',1995,'PG-13',122,'AVYRT',186);
INSERT INTO "Movie" VALUES('0106977','Fugitive, The',1993,'PG-13',130,'AMT',187);
INSERT INTO "Movie" VALUES('2848292','Pitch Perfect 2',2015,'PG-13',115,'C',188);
INSERT INTO "Movie" VALUES('0240772','Ocean''s Eleven',2001,'PG-13',116,'CT',189);
INSERT INTO "Movie" VALUES('0338348','The Polar Express',2004,'G',99,'VNFY',190);
INSERT INTO "Movie" VALUES('0462538','The Simpsons Movie',2007,'PG-13',87,'NC',191);
INSERT INTO "Movie" VALUES('0207201','What Women Want',2000,'PG-13',127,'CYR',192);
INSERT INTO "Movie" VALUES('0177971','Perfect Storm, The',2000,'PG-13',129,'AVDT',193);
INSERT INTO "Movie" VALUES('0443272','Lincoln',2012,'PG-13',150,'D',194);
INSERT INTO "Movie" VALUES('0119528','Liar Liar',1997,'PG-13',86,'CY',195);
INSERT INTO "Movie" VALUES('0163025','Jurassic Park III',2001,'PG-13',92,'AVHST',196);
INSERT INTO "Movie" VALUES('0800369','Thor',2011,'PG-13',115,'AVY',197);
INSERT INTO "Movie" VALUES('0117060','Mission: Impossible',1996,'PG-13',110,'AVT',198);
INSERT INTO "Movie" VALUES('0133152','Planet of the Apes',2001,'PG-13',119,'AS',199);
INSERT INTO "Movie" VALUES('0479952','Madagascar: Escape 2 Africa',2008,'PG',89,'AVNCF',200);
INSERT INTO "Movie" VALUES('0458525','X-Men Origins: Wolverine',2009,'PG-13',107,'AYST',NULL);
INSERT INTO "Movie" VALUES('0087469','Indiana Jones and the Temple of Doom',1984,'PG',118,'AV',NULL);
INSERT INTO "Movie" VALUES('0092099','Top Gun',1986,'PG',110,'ADR',NULL);
INSERT INTO "Movie" VALUES('1409024','Men in Black 3',2012,'PG-13',106,'A',NULL);
INSERT INTO "Movie" VALUES('0100405','Pretty Woman',1990,'R',119,'CR',NULL);
INSERT INTO "Movie" VALUES('0386588','Hitch',2005,'PG-13',118,'CR',NULL);
INSERT INTO "Movie" VALUES('1078912','Night at the Museum: Battle of the Smithsonian',2009,'PG',105,'AVCFY',NULL);
INSERT INTO "Movie" VALUES('0084805','Tootsie',1982,'PG',119,'CR',NULL);
INSERT INTO "Movie" VALUES('1318514','Rise of the Planet of the Apes',2011,'PG-13',105,'ADST',NULL);
INSERT INTO "Movie" VALUES('0458339','Captain America: The First Avenger',2011,'PG-13',124,'AVST',NULL);
INSERT INTO "Movie" VALUES('1155076','The Karate Kid',2010,'PG',140,'ADF',NULL);
INSERT INTO "Movie" VALUES('0129387','There''s Something About Mary',1998,'R',119,'CR',NULL);
INSERT INTO "Movie" VALUES('0268380','Ice Age',2002,'PG',81,'VNCF',NULL);
INSERT INTO "Movie" VALUES('0372183','The Bourne Supremacy',2004,'PG-13',108,'AVDMT',NULL);
INSERT INTO "Movie" VALUES('0090555','Crocodile Dundee',1986,'PG-13',98,'VC',NULL);
INSERT INTO "Movie" VALUES('0104431','Home Alone 2: Lost in New York',1992,'PG',120,'CF',NULL);
INSERT INTO "Movie" VALUES('0319343','Elf',2003,'PG',95,'CFY',NULL);
INSERT INTO "Movie" VALUES('0368891','National Treasure',2004,'PG',131,'AV',NULL);
INSERT INTO "Movie" VALUES('0095953','Rain Man',1988,'R',133,'CD',NULL);
INSERT INTO "Movie" VALUES('0118571','Air Force One',1997,'R',124,'ADT',NULL);
INSERT INTO "Movie" VALUES('0112384','Apollo 13',1995,'PG',140,'D',NULL);
INSERT INTO "Movie" VALUES('1104001','TRON: Legacy',2010,'PG',127,'AVST',NULL);
INSERT INTO "Movie" VALUES('0133093','Matrix, The',1999,'R',136,'AST',NULL);
INSERT INTO "Movie" VALUES('0120855','Tarzan',1999,'G',88,'VNF',NULL);
INSERT INTO "Movie" VALUES('1403865','True Grit',2010,'PG-13',110,'VDE',NULL);
INSERT INTO "Movie" VALUES('0268978','Beautiful Mind, A',2001,'PG-13',135,'DHM',NULL);
INSERT INTO "Movie" VALUES('0299658','Chicago',2002,'PG-13',113,'CDL',NULL);
INSERT INTO "Movie" VALUES('1454029','The Help',2011,'PG-13',146,'D',NULL);
INSERT INTO "Movie" VALUES('1478338','Bridesmaids',2011,'R',125,'C',NULL);
INSERT INTO "Movie" VALUES('0830515','Quantum of Solace',2008,'PG-13',106,'AVT',NULL);
INSERT INTO "Movie" VALUES('0486946','Wild Hogs',2007,'PG-13',100,'AVC',NULL);
INSERT INTO "Movie" VALUES('0094137','Three Men and a Baby',1987,'PG',102,'CF',NULL);
INSERT INTO "Movie" VALUES('0381061','Casino Royale',2006,'PG-13',144,'AVT',NULL);
INSERT INTO "Movie" VALUES('0212338','Meet the Parents',2000,'PG-13',108,'C',NULL);
INSERT INTO "Movie" VALUES('1190080','2012',2009,'PG-13',158,'AVDST',NULL);
INSERT INTO "Movie" VALUES('0102798','Robin Hood: Prince of Thieves',1991,'PG-13',143,'AVD',NULL);
INSERT INTO "Movie" VALUES('1302011','Kung Fu Panda 2',2011,'PG',91,'AVNCF',NULL);
INSERT INTO "Movie" VALUES('0212985','Hannibal',2001,'R',131,'HT',NULL);
INSERT INTO "Movie" VALUES('0264464','Catch Me If You Can',2002,'PG-13',141,'DT',NULL);
INSERT INTO "Movie" VALUES('1041829','The Proposal',2009,'PG-13',108,'CDR',NULL);
INSERT INTO "Movie" VALUES('0142342','Big Daddy',1999,'PG-13',93,'C',NULL);
INSERT INTO "Movie" VALUES('0059742','Sound of Music, The',1965,'G',174,'DFL',NULL);
INSERT INTO "Movie" VALUES('0800320','Clash of the Titans',2010,'PG-13',106,'AVDY',NULL);
INSERT INTO "Movie" VALUES('0103776','Batman Returns',1992,'PG-13',126,'AYRT',NULL);
INSERT INTO "Movie" VALUES('0120623','A Bug''s Life',1998,'G',96,'VNCF',NULL);
INSERT INTO "Movie" VALUES('0454921','The Pursuit of Happyness',2006,'PG-13',117,'D',NULL);
INSERT INTO "Movie" VALUES('1375670','Grown Ups',2010,'PG-13',102,'C',NULL);
INSERT INTO "Movie" VALUES('0120484','Waterboy, The',1998,'PG-13',90,'C',NULL);
INSERT INTO "Movie" VALUES('0307453','Shark Tale',2004,'PG',90,'NCF',NULL);
INSERT INTO "Movie" VALUES('0246460','Die Another Day',2002,'PG-13',132,'AVT',NULL);
INSERT INTO "Movie" VALUES('0070735','Sting, The',1973,'PG',129,'CD',NULL);
INSERT INTO "Movie" VALUES('0106918','Firm, The',1993,'R',154,'DT',NULL);
INSERT INTO "Movie" VALUES('0398165','The Longest Yard',2005,'PG-13',113,'ACD',NULL);
INSERT INTO "Movie" VALUES('0120903','X-Men',2000,'PG-13',104,'AYST',NULL);
INSERT INTO "Movie" VALUES('0175142','Scary Movie',2000,'R',88,'CH',NULL);
INSERT INTO "Movie" VALUES('0093010','Fatal Attraction',1987,'R',123,'DHT',NULL);
INSERT INTO "Movie" VALUES('0161081','What Lies Beneath',2000,'PG-13',130,'HMT',NULL);
INSERT INTO "Movie" VALUES('0120616','The Mummy',1999,'PG-13',124,'AVCYH',NULL);
INSERT INTO "Movie" VALUES('1013752','Fast and Furious',2009,'PG-13',107,'ADT',NULL);
INSERT INTO "Movie" VALUES('0327084','Over the Hedge',2006,'PG',83,'VNCF',NULL);
INSERT INTO "Movie" VALUES('0120667','Fantastic Four',2005,'PG-13',106,'AVYS',NULL);
INSERT INTO "Movie" VALUES('0451079','Horton Hears a Who!',2008,NULL,88,'VNCF',NULL);
INSERT INTO "Movie" VALUES('0096438','Who Framed Roger Rabbit',1988,'PG',103,'ANCFYT',NULL);
INSERT INTO "Movie" VALUES('0092644','Beverly Hills Cop II',1987,'R',100,'AC',NULL);
INSERT INTO "Movie" VALUES('0116695','Jerry Maguire',1996,'R',138,'CDR',NULL);
INSERT INTO "Movie" VALUES('0267913','Scooby-Doo',2002,'PG',87,'VCFYM',NULL);
INSERT INTO "Movie" VALUES('0055254','One Hundred and One Dalmatians',1961,'G',79,'NCFT',NULL);
INSERT INTO "Movie" VALUES('1000774','Sex and the City',2008,'R',148,'CDR',NULL);
INSERT INTO "Movie" VALUES('0163187','Runaway Bride',1999,'PG',116,'CR',NULL);
INSERT INTO "Movie" VALUES('0089880','Rambo: First Blood Part II',1985,'R',94,'AW',NULL);
INSERT INTO "Movie" VALUES('0181852','Terminator 3: Rise of the Machines',2003,'R',109,'AST',NULL);
INSERT INTO "Movie" VALUES('0478311','Knocked Up',2007,'R',129,'CDR',NULL);
INSERT INTO "Movie" VALUES('0415306','Talladega Nights: The Ballad of Ricky Bobby',2006,'PG-13',108,'AC',NULL);
INSERT INTO "Movie" VALUES('0087363','Gremlins',1984,'PG',106,'ACYH',NULL);
INSERT INTO "Movie" VALUES('1205489','Gran Torino',2009,'R',116,'D',NULL);
INSERT INTO "Movie" VALUES('0119822','As Good As It Gets',1997,'PG-13',139,'CDR',NULL);
INSERT INTO "Movie" VALUES('0097733','Lethal Weapon 2',1989,'R',113,'ACT',NULL);
INSERT INTO "Movie" VALUES('1114740','Paul Blart: Mall Cop',2009,'PG',91,'ACF',NULL);
INSERT INTO "Movie" VALUES('0111503','True Lies',1994,'R',144,'AVCRT',NULL);
INSERT INTO "Movie" VALUES('0275847','Lilo and Stitch',2002,'PG',85,'NCFS',NULL);
INSERT INTO "Movie" VALUES('0252866','American Pie 2',2001,'R',105,'C',NULL);
INSERT INTO "Movie" VALUES('0936501','Taken',2009,'PG-13',93,'ADT',NULL);
INSERT INTO "Movie" VALUES('0111070','Santa Clause, The',1994,'PG',97,'CFY',NULL);
INSERT INTO "Movie" VALUES('0343818','I, Robot',2004,'PG-13',115,'AST',NULL);
INSERT INTO "Movie" VALUES('0104714','Lethal Weapon 3',1992,'R',118,'ACT',NULL);
INSERT INTO "Movie" VALUES('0232500','Fast and the Furious, The',2001,'PG-13',106,'AT',NULL);
INSERT INTO "Movie" VALUES('1046173','G.I. Joe: The Rise of Cobra',2009,'PG-13',118,'AVST',NULL);
INSERT INTO "Movie" VALUES('0118998','Doctor Dolittle',1998,'PG-13',85,'CF',NULL);
INSERT INTO "Movie" VALUES('0467406','Juno',2007,'PG-13',96,'CD',NULL);
INSERT INTO "Movie" VALUES('0061852','Jungle Book, The',1967,'G',78,'NCFL',NULL);
INSERT INTO "Movie" VALUES('0499448','The Chronicles of Narnia: Prince Caspian',2008,'PG',144,'AVDYT',NULL);
INSERT INTO "Movie" VALUES('0077975','Animal House',1978,'R',109,'C',NULL);
INSERT INTO "Movie" VALUES('0114148','Pocahontas',1995,'G',81,'NFLR',NULL);
INSERT INTO "Movie" VALUES('0104257','Few Good Men, A',1992,'R',138,'DT',NULL);
INSERT INTO "Movie" VALUES('0295701','XXX',2002,'PG-13',124,'AVT',NULL);
INSERT INTO "Movie" VALUES('0120812','Rush Hour',1998,'PG-13',97,'ACT',NULL);
INSERT INTO "Movie" VALUES('0185937','Blair Witch Project, The',1999,'R',86,'HMT',NULL);
INSERT INTO "Movie" VALUES('0120647','Deep Impact',1998,'PG-13',120,'DST',NULL);
INSERT INTO "Movie" VALUES('0097778','Look Who''s Talking',1989,'PG-13',93,'CR',NULL);
INSERT INTO "Movie" VALUES('0293564','Rush Hour 3',2007,'PG-13',91,'ACT',NULL);
INSERT INTO "Movie" VALUES('0164912','Stuart Little',1999,'PG',84,'VCFY',NULL);
INSERT INTO "Movie" VALUES('0073629','Rocky Horror Picture Show, The',1975,'R',100,'CHLS',NULL);
INSERT INTO "Movie" VALUES('0105417','Sister Act',1992,'PG',100,'AC',NULL);
INSERT INTO "Movie" VALUES('0795421','Mamma Mia!',2008,'PG-13',108,'CLR',NULL);
INSERT INTO "Movie" VALUES('0242653','Matrix Revolutions, The',2003,'R',129,'AST',NULL);
INSERT INTO "Movie" VALUES('0304669','Santa Clause 2, The',2002,'G',105,'CFYR',NULL);
INSERT INTO "Movie" VALUES('0349205','Cheaper by the Dozen',2003,'PG',98,'CD',NULL);
INSERT INTO "Movie" VALUES('0172156','Bad Boys II',2003,'R',147,'ACT',NULL);
INSERT INTO "Movie" VALUES('0119217','Good Will Hunting',1997,'R',126,'D',NULL);
INSERT INTO "Movie" VALUES('0091763','Platoon',1986,'R',120,'ADW',NULL);
INSERT INTO "Movie" VALUES('0130623','Dinosaur',2000,'PG',82,'VNF',NULL);
INSERT INTO "Movie" VALUES('0389860','Click',2006,'PG-13',107,'CDY',NULL);
INSERT INTO "Movie" VALUES('0120689','Green Mile, The',1999,'R',188,'DY',NULL);
INSERT INTO "Movie" VALUES('0117438','Ransom',1996,'R',121,'ADT',NULL);
INSERT INTO "Movie" VALUES('0115433','101 Dalmatians',1996,'G',103,'VCF',NULL);
INSERT INTO "Movie" VALUES('0120685','Godzilla',1998,'PG-13',140,'AST',NULL);
INSERT INTO "Movie" VALUES('0371606','Chicken Little',2005,'G',81,'ANCFS',NULL);
INSERT INTO "Movie" VALUES('0100758','Teenage Mutant Ninja Turtles',1990,'PG',93,'AFY',NULL);
INSERT INTO "Movie" VALUES('0129290','Patch Adams',1998,'PG-13',115,'CD',NULL);
INSERT INTO "Movie" VALUES('0068646','Godfather, The',1972,'R',175,'D',NULL);
INSERT INTO "Movie" VALUES('0078346','Superman',1978,'PG',143,'AVS',NULL);
INSERT INTO "Movie" VALUES('0117500','Rock, The',1996,'R',136,'ADT',NULL);
INSERT INTO "Movie" VALUES('0305224','Anger Management',2003,'PG-13',106,'C',NULL);
INSERT INTO "Movie" VALUES('0317919','Mission: Impossible III',2006,'PG-13',126,'AVT',NULL);
INSERT INTO "Movie" VALUES('0332452','Troy',2004,'R',163,'AVDRW',NULL);
INSERT INTO "Movie" VALUES('0305669','Bringing Down the House',2003,'PG-13',105,'C',NULL);
INSERT INTO "Movie" VALUES('0286716','Hulk',2003,'PG-13',138,'ADS',NULL);
INSERT INTO "Movie" VALUES('0181689','Minority Report',2002,'PG-13',145,'ADMST',NULL);
INSERT INTO "Movie" VALUES('0146316','Lara Croft: Tomb Raider',2001,'PG-13',100,'AVY',NULL);
INSERT INTO "Movie" VALUES('0102926','Silence of the Lambs, The',1991,'R',118,'HT',NULL);
INSERT INTO "Movie" VALUES('0097523','Honey, I Shrunk the Kids',1989,'PG',101,'VCFS',NULL);
INSERT INTO "Movie" VALUES('0109813','Flintstones, The',1994,'PG',91,'CFY',NULL);
INSERT INTO "Movie" VALUES('0169547','American Beauty',1999,'R',122,'D',NULL);
INSERT INTO "Movie" VALUES('0084434','Officer and a Gentleman, An',1982,'R',122,'DR',NULL);
INSERT INTO "Movie" VALUES('0122151','Lethal Weapon 4',1998,'R',127,'ACT',NULL);
INSERT INTO "Movie" VALUES('0076666','Saturday Night Fever',1977,'PG',118,'DR',NULL);
INSERT INTO "Movie" VALUES('0405159','Million Dollar Baby',2004,'PG-13',132,'D',NULL);
INSERT INTO "Movie" VALUES('0350258','Ray',2004,'PG-13',152,'D',NULL);
INSERT INTO "Movie" VALUES('0338751','The Aviator',2004,'PG-13',170,'D',NULL);
INSERT INTO "Movie" VALUES('0327056','Mystic River',2003,'R',137,'DM',NULL);
INSERT INTO "Movie" VALUES('0340855','Monster',2003,'R',109,'D',NULL);
INSERT INTO "Movie" VALUES('0159365','Cold Mountain',2003,'R',152,'DRW',NULL);
INSERT INTO "Movie" VALUES('0253474','Pianist, The',2002,'R',150,'DW',NULL);
INSERT INTO "Movie" VALUES('0274558','Hours, The',2002,'PG-13',114,'D',NULL);
INSERT INTO "Movie" VALUES('0268126','Adaptation.',2002,'R',114,'CD',NULL);
INSERT INTO "Movie" VALUES('0139654','Training Day',2001,'R',120,'DT',NULL);
INSERT INTO "Movie" VALUES('0285742','Monster''s Ball',2001,'NC-17',111,'DR',NULL);
INSERT INTO "Movie" VALUES('0280778','Iris',2001,'R',91,'D',NULL);
INSERT INTO "Movie" VALUES('0195685','Erin Brockovich',2000,'R',130,'D',NULL);
INSERT INTO "Movie" VALUES('0181865','Traffic',2000,'R',147,'DT',NULL);
INSERT INTO "Movie" VALUES('0183659','Pollock',2000,'R',122,'D',NULL);
INSERT INTO "Movie" VALUES('0171804','Boys Don''t Cry',1999,'NC-17',118,'D',NULL);
INSERT INTO "Movie" VALUES('0124315','Cider House Rules, The',1999,'PG-13',126,'DR',NULL);
INSERT INTO "Movie" VALUES('0172493','Girl, Interrupted',1999,'R',127,'D',NULL);
INSERT INTO "Movie" VALUES('0138097','Shakespeare in Love',1998,'R',122,'CDR',NULL);
INSERT INTO "Movie" VALUES('0118799','Vita e bella, La',1997,'PG-13',122,'CDRW',NULL);
INSERT INTO "Movie" VALUES('0118564','Affliction',1997,'R',114,'D',NULL);
INSERT INTO "Movie" VALUES('0119488','L.A. Confidential',1997,'R',138,'DMT',NULL);
INSERT INTO "Movie" VALUES('0116209','English Patient, The',1996,'R',160,'DR',NULL);
INSERT INTO "Movie" VALUES('0117631','Shine',1996,'PG-13',105,'DR',NULL);
INSERT INTO "Movie" VALUES('0116282','Fargo',1996,'R',98,'CT',NULL);
INSERT INTO "Movie" VALUES('0112573','Braveheart',1995,'R',177,'ADW',NULL);
INSERT INTO "Movie" VALUES('0113627','Leaving Las Vegas',1995,'R',111,'DR',NULL);
INSERT INTO "Movie" VALUES('0112818','Dead Man Walking',1995,'R',122,'D',NULL);
INSERT INTO "Movie" VALUES('0114814','Usual Suspects, The',1995,'R',106,'MT',NULL);
INSERT INTO "Movie" VALUES('0113819','Mighty Aphrodite',1995,'R',98,'C',NULL);
INSERT INTO "Movie" VALUES('0109306','Blue Sky',1994,'PG-13',101,'DR',NULL);
INSERT INTO "Movie" VALUES('0109707','Ed Wood',1994,'R',127,'CD',NULL);
INSERT INTO "Movie" VALUES('0109348','Bullets Over Broadway',1994,'R',98,'CR',NULL);
INSERT INTO "Movie" VALUES('0108052','Schindler''s List',1993,'R',197,'DW',NULL);
INSERT INTO "Movie" VALUES('0107818','Philadelphia',1993,'PG-13',125,'D',NULL);
INSERT INTO "Movie" VALUES('0107822','Piano, The',1993,'R',121,'DR',NULL);
INSERT INTO "Movie" VALUES('0105695','Unforgiven',1992,'R',131,'DE',NULL);
INSERT INTO "Movie" VALUES('0105323','Scent of a Woman',1992,'R',157,'CD',NULL);
INSERT INTO "Movie" VALUES('0104454','Howards End',1992,'PG',140,'D',NULL);
INSERT INTO "Movie" VALUES('0104952','My Cousin Vinny',1992,'R',120,'C',NULL);
INSERT INTO "Movie" VALUES('0101587','City Slickers',1991,'PG-13',112,'VCE',NULL);
INSERT INTO "Movie" VALUES('0101889','Fisher King, The',1991,'R',137,'CDYR',NULL);
INSERT INTO "Movie" VALUES('0100486','Reversal of Fortune',1990,'R',111,'D',NULL);
INSERT INTO "Movie" VALUES('0100157','Misery',1990,'R',107,'DHT',NULL);
INSERT INTO "Movie" VALUES('0099685','Goodfellas',1990,'R',145,'D',NULL);
INSERT INTO "Movie" VALUES('0097239','Driving Miss Daisy',1989,'PG',99,'CD',NULL);
INSERT INTO "Movie" VALUES('0097937','My Left Foot',1989,'R',98,'D',NULL);
INSERT INTO "Movie" VALUES('0097441','Glory',1989,'R',122,'DW',NULL);
INSERT INTO "Movie" VALUES('0096969','Born on the Fourth of July',1989,'R',145,'DW',NULL);
INSERT INTO "Movie" VALUES('0094608','Accused, The',1988,'R',111,'DT',NULL);
INSERT INTO "Movie" VALUES('0095159','Fish Called Wanda, A',1988,'R',108,'C',NULL);
INSERT INTO "Movie" VALUES('0094606','Accidental Tourist, The',1988,'PG',121,'DR',NULL);
INSERT INTO "Movie" VALUES('0093389','Last Emperor, The',1987,'PG-13',160,'D',NULL);
INSERT INTO "Movie" VALUES('0094291','Wall Street',1987,'R',125,'D',NULL);
INSERT INTO "Movie" VALUES('0093565','Moonstruck',1987,'PG',102,'CR',NULL);
INSERT INTO "Movie" VALUES('0094226','Untouchables, The',1987,'R',119,'D',NULL);
INSERT INTO "Movie" VALUES('0090863','Color of Money, The',1986,'R',119,'D',NULL);
INSERT INTO "Movie" VALUES('0090830','Children of a Lesser God',1986,'R',119,'D',NULL);
INSERT INTO "Movie" VALUES('0091167','Hannah and Her Sisters',1986,'PG-13',103,'CDR',NULL);
INSERT INTO "Movie" VALUES('0089755','Out of Africa',1985,'PG',150,'DR',NULL);
INSERT INTO "Movie" VALUES('0089424','Kiss of the Spider Woman',1985,'R',120,'D',NULL);
INSERT INTO "Movie" VALUES('0090203','Trip to Bountiful, The',1985,'PG',108,'D',NULL);
INSERT INTO "Movie" VALUES('0088933','Cocoon',1985,'PG-13',117,'VCDS',NULL);
INSERT INTO "Movie" VALUES('0089841','Prizzi''s Honor',1985,'R',130,'CDR',NULL);
INSERT INTO "Movie" VALUES('0086879','Amadeus',1984,'PG',160,'D',NULL);
INSERT INTO "Movie" VALUES('0087921','Places in the Heart',1984,'PG',112,'D',NULL);
INSERT INTO "Movie" VALUES('0087553','Killing Fields, The',1984,'R',141,'DW',NULL);
INSERT INTO "Movie" VALUES('0087892','Passage to India, A',1984,'PG',163,'D',NULL);
INSERT INTO "Movie" VALUES('0086425','Terms of Endearment',1983,'PG',132,'CDR',NULL);
INSERT INTO "Movie" VALUES('0086423','Tender Mercies',1983,'PG',92,'D',NULL);
INSERT INTO "Movie" VALUES('0086617','Year of Living Dangerously, The',1982,'PG',117,'DR',NULL);
INSERT INTO "Movie" VALUES('0083987','Gandhi',1982,'PG',188,'D',NULL);
INSERT INTO "Movie" VALUES('0084707','Sophie''s Choice',1982,'R',150,'D',NULL);
INSERT INTO "Movie" VALUES('0082158','Chariots of Fire',1981,'PG',123,'D',NULL);
INSERT INTO "Movie" VALUES('0082846','On Golden Pond',1981,'PG',109,'D',NULL);
INSERT INTO "Movie" VALUES('0082031','Arthur',1981,'PG',97,'CR',NULL);
INSERT INTO "Movie" VALUES('0082979','Reds',1981,'PG',194,'D',NULL);
INSERT INTO "Movie" VALUES('0081283','Ordinary People',1980,'R',124,'D',NULL);
INSERT INTO "Movie" VALUES('0081398','Raging Bull',1980,'R',129,'D',NULL);
INSERT INTO "Movie" VALUES('0080549','Coal Miner''s Daughter',1980,'PG',125,'D',NULL);
INSERT INTO "Movie" VALUES('0081150','Melvin and Howard',1980,'R',95,'CD',NULL);
INSERT INTO "Movie" VALUES('0079417','Kramer vs. Kramer',1979,'PG',105,'D',NULL);
INSERT INTO "Movie" VALUES('0079638','Norma Rae',1979,'PG',110,'D',NULL);
INSERT INTO "Movie" VALUES('0078841','Being There',1979,'PG',130,'CD',NULL);
INSERT INTO "Movie" VALUES('0077416','Deer Hunter, The',1978,'R',183,'DW',NULL);
INSERT INTO "Movie" VALUES('0077362','Coming Home',1978,'R',126,'DW',NULL);
INSERT INTO "Movie" VALUES('0077289','California Suite',1978,'PG',103,'CD',NULL);
INSERT INTO "Movie" VALUES('0075686','Annie Hall',1977,'PG',93,'CR',NULL);
INSERT INTO "Movie" VALUES('0076095','Goodbye Girl, The',1977,'PG',110,'CR',NULL);
INSERT INTO "Movie" VALUES('0076245','Julia',1977,'PG',118,'D',NULL);
INSERT INTO "Movie" VALUES('0075148','Rocky',1976,'PG',119,'DR',NULL);
INSERT INTO "Movie" VALUES('0074958','Network',1976,'R',120,'CD',NULL);
INSERT INTO "Movie" VALUES('0074119','All the President''s Men',1976,'PG',138,'DT',NULL);
INSERT INTO "Movie" VALUES('0073486','One Flew Over the Cuckoo''s Nest',1975,'R',133,'CD',NULL);
INSERT INTO "Movie" VALUES('0073766','Sunshine Boys, The',1975,'PG',111,'C',NULL);
INSERT INTO "Movie" VALUES('0073692','Shampoo',1975,'R',109,'CR',NULL);
INSERT INTO "Movie" VALUES('0071562','Godfather: Part II, The',1974,'R',200,'D',NULL);
INSERT INTO "Movie" VALUES('0071598','Harry and Tonto',1974,'R',115,'D',NULL);
INSERT INTO "Movie" VALUES('0071115','Alice Doesn''t Live Here Anymore',1974,'PG',112,'D',NULL);
INSERT INTO "Movie" VALUES('0071877','Murder on the Orient Express',1974,'PG',128,'M',NULL);
INSERT INTO "Movie" VALUES('0070640','Save the Tiger',1973,'R',100,'D',NULL);
INSERT INTO "Movie" VALUES('0070819','Touch of Class, A',1973,'PG',105,'C',NULL);
INSERT INTO "Movie" VALUES('0070509','Paper Chase, The',1973,'PG',112,'D',NULL);
INSERT INTO "Movie" VALUES('0070510','Paper Moon',1973,'PG',102,'CD',NULL);
INSERT INTO "Movie" VALUES('0068327','Cabaret',1972,'PG',124,'DLW',NULL);
INSERT INTO "Movie" VALUES('0068326','Butterflies Are Free',1972,'PG',109,'CDR',NULL);
INSERT INTO "Movie" VALUES('0067116','French Connection, The',1971,'R',104,'ADT',NULL);
INSERT INTO "Movie" VALUES('0067309','Klute',1971,'R',114,'DMT',NULL);
INSERT INTO "Movie" VALUES('0067328','Last Picture Show, The',1971,'R',118,'D',NULL);
INSERT INTO "Movie" VALUES('0066206','Patton',1970,'M',170,'DW',NULL);
INSERT INTO "Movie" VALUES('0066579','Women in Love',1969,'R',131,'DR',NULL);
INSERT INTO "Movie" VALUES('0066319','Ryan''s Daughter',1970,'GP',187,'DR',NULL);
INSERT INTO "Movie" VALUES('0065377','Airport',1970,'G',137,'DT',NULL);
INSERT INTO "Movie" VALUES('0064665','Midnight Cowboy',1969,'R',113,'D',NULL);
INSERT INTO "Movie" VALUES('0065126','True Grit',1969,'G',128,'VE',NULL);
INSERT INTO "Movie" VALUES('0064840','Prime of Miss Jean Brodie, The',1969,'M',116,'D',NULL);
INSERT INTO "Movie" VALUES('0065088','They Shoot Horses, Don''t They?',1969,'M',120,'D',NULL);
INSERT INTO "Movie" VALUES('0064117','Cactus Flower',1969,'M',103,'C',NULL);
INSERT INTO "Movie" VALUES('0063385','Oliver!',1968,'G',153,'DFL',NULL);
INSERT INTO "Movie" VALUES('0062794','Charly',1968,'PG',103,'DS',NULL);
INSERT INTO "Movie" VALUES('0062994','Funny Girl',1968,'G',151,'DLR',NULL);
INSERT INTO "Movie" VALUES('0063654','Subject Was Roses, The',1968,'G',107,'D',NULL);
INSERT INTO "Movie" VALUES('0063522','Rosemary''s Baby',1968,NULL,136,'DHT',NULL);
INSERT INTO "Movie" VALUES('0061811','In the Heat of the Night',1967,NULL,109,'DM',NULL);
INSERT INTO "Movie" VALUES('0061735','Guess Who''s Coming to Dinner',1967,NULL,108,'CD',NULL);
INSERT INTO "Movie" VALUES('0061512','Cool Hand Luke',1967,NULL,126,'D',NULL);
INSERT INTO "Movie" VALUES('0061418','Bonnie and Clyde',1967,'M',111,'DR',NULL);
INSERT INTO "Movie" VALUES('0061722','Graduate, The',1967,'PG',105,'CDR',NULL);
INSERT INTO "Movie" VALUES('0060665','Man for All Seasons, A',1966,NULL,120,'D',NULL);
INSERT INTO "Movie" VALUES('0061184','Who''s Afraid of Virginia Woolf?',1966,NULL,134,'DT',NULL);
INSERT INTO "Movie" VALUES('0060424','Fortune Cookie, The',1966,NULL,125,'CDR',NULL);
INSERT INTO "Movie" VALUES('0059017','Cat Ballou',1965,NULL,97,'CE',NULL);
INSERT INTO "Movie" VALUES('0059084','Darling',1965,NULL,128,'D',NULL);
INSERT INTO "Movie" VALUES('0059798','Thousand Clowns, A',1965,NULL,118,'CDR',NULL);
INSERT INTO "Movie" VALUES('0059573','Patch of Blue, A',1965,NULL,105,'D',NULL);
INSERT INTO "Movie" VALUES('0058385','My Fair Lady',1964,'G',170,'CDFLR',NULL);
INSERT INTO "Movie" VALUES('0058331','Mary Poppins',1964,'G',140,'CDFYL',NULL);
INSERT INTO "Movie" VALUES('0058672','Topkapi',1964,NULL,119,'VCT',NULL);
INSERT INTO "Movie" VALUES('0057831','Alexis Zorbas',1964,NULL,142,'D',NULL);
INSERT INTO "Movie" VALUES('0057590','Tom Jones',1963,NULL,121,'VCR',NULL);
INSERT INTO "Movie" VALUES('0057251','Lilies of the Field',1963,NULL,94,'CD',NULL);
INSERT INTO "Movie" VALUES('0057163','Hud',1963,NULL,112,'DE',NULL);
INSERT INTO "Movie" VALUES('0057634','V.I.P.s, The',1963,NULL,119,'D',NULL);
INSERT INTO "Movie" VALUES('0056172','Lawrence of Arabia',1962,'PG',216,'VDW',NULL);
INSERT INTO "Movie" VALUES('0056592','To Kill a Mockingbird',1962,NULL,129,'D',NULL);
INSERT INTO "Movie" VALUES('0056241','Miracle Worker, The',1962,NULL,106,'D',NULL);
INSERT INTO "Movie" VALUES('0056541','Sweet Bird of Youth',1962,NULL,120,'D',NULL);
INSERT INTO "Movie" VALUES('0055614','West Side Story',1961,NULL,151,'DLR',NULL);
INSERT INTO "Movie" VALUES('0055031','Judgment at Nuremberg',1961,NULL,178,'D',NULL);
INSERT INTO "Movie" VALUES('0054749','Ciociara, La',1960,NULL,100,'DW',NULL);
INSERT INTO "Movie" VALUES('0053604','Apartment, The',1960,NULL,125,'CDR',NULL);
INSERT INTO "Movie" VALUES('0053793','Elmer Gantry',1960,NULL,146,'D',NULL);
INSERT INTO "Movie" VALUES('0053622','BUtterfield 8',1960,NULL,109,'D',NULL);
INSERT INTO "Movie" VALUES('0054331','Spartacus',1960,'PG-13',184,'ADRW',NULL);
INSERT INTO "Movie" VALUES('0052618','Ben-Hur',1959,'G',212,'AVDR',NULL);
INSERT INTO "Movie" VALUES('0053226','Room at the Top',1959,NULL,115,'D',NULL);
INSERT INTO "Movie" VALUES('0052738','Diary of Anne Frank, The',1959,NULL,180,'DW',NULL);
INSERT INTO "Movie" VALUES('0051658','Gigi',1958,'G',119,'CLR',NULL);
INSERT INTO "Movie" VALUES('0052182','Separate Tables',1958,NULL,100,'D',NULL);
INSERT INTO "Movie" VALUES('0051758','I Want to Live!',1958,NULL,120,'D',NULL);
INSERT INTO "Movie" VALUES('0051411','Big Country, The',1958,NULL,165,'DRE',NULL);
INSERT INTO "Movie" VALUES('0050212','Bridge on the River Kwai, The',1957,'PG',161,'VDW',NULL);
INSERT INTO "Movie" VALUES('0051077','Three Faces of Eve, The',1957,NULL,91,'D',NULL);
INSERT INTO "Movie" VALUES('0050933','Sayonara',1957,NULL,147,'DR',NULL);
INSERT INTO "Movie" VALUES('0048960','Around the World in Eighty Days',1956,NULL,188,'VC',NULL);
INSERT INTO "Movie" VALUES('0049408','King and I, The',1956,'G',133,'VCDFLR',NULL);
INSERT INTO "Movie" VALUES('0048947','Anastasia',1956,NULL,105,'D',NULL);
INSERT INTO "Movie" VALUES('0049456','Lust for Life',1956,NULL,122,'D',NULL);
INSERT INTO "Movie" VALUES('0049966','Written on the Wind',1956,NULL,99,'D',NULL);
INSERT INTO "Movie" VALUES('0049261','Giant',1956,'G',201,'D',NULL);
INSERT INTO "Movie" VALUES('0048356','Marty',1955,NULL,91,'CDR',NULL);
INSERT INTO "Movie" VALUES('0048563','Rose Tattoo, The',1955,NULL,117,'DR',NULL);
INSERT INTO "Movie" VALUES('0048380','Mister Roberts',1955,NULL,123,'CDW',NULL);
INSERT INTO "Movie" VALUES('0048028','East of Eden',1955,NULL,115,'D',NULL);
INSERT INTO "Movie" VALUES('0047296','On the Waterfront',1954,NULL,108,'DR',NULL);
INSERT INTO "Movie" VALUES('0046874','Country Girl, The',1954,NULL,104,'D',NULL);
INSERT INTO "Movie" VALUES('0046754','Barefoot Contessa, The',1954,NULL,128,'D',NULL);
INSERT INTO "Movie" VALUES('0045793','From Here to Eternity',1953,NULL,118,'DRW',NULL);
INSERT INTO "Movie" VALUES('0046359','Stalag 17',1953,NULL,120,'CDW',NULL);
INSERT INTO "Movie" VALUES('0046250','Roman Holiday',1953,NULL,118,'CDR',NULL);
INSERT INTO "Movie" VALUES('0044672','Greatest Show on Earth, The',1952,NULL,152,'DFR',NULL);
INSERT INTO "Movie" VALUES('0044706','High Noon',1952,NULL,85,'TE',NULL);
INSERT INTO "Movie" VALUES('0044509','Come Back, Little Sheba',1952,NULL,99,'D',NULL);
INSERT INTO "Movie" VALUES('0045296','Viva Zapata!',1952,NULL,113,'D',NULL);
INSERT INTO "Movie" VALUES('0044391','Bad and the Beautiful, The',1952,NULL,118,'D',NULL);
INSERT INTO "Movie" VALUES('0045061','Quiet Man, The',1952,NULL,129,'CDR',NULL);
INSERT INTO "Movie" VALUES('0043278','American in Paris, An',1951,NULL,113,'LR',NULL);
INSERT INTO "Movie" VALUES('0043265','African Queen, The',1951,NULL,105,'VCRW',NULL);
INSERT INTO "Movie" VALUES('0044081','Streetcar Named Desire, A',1951,NULL,122,'D',NULL);
INSERT INTO "Movie" VALUES('0043924','Place in the Sun, A',1951,NULL,122,'DR',NULL);
INSERT INTO "Movie" VALUES('0042192','All About Eve',1950,NULL,138,'D',NULL);
INSERT INTO "Movie" VALUES('0042367','Cyrano de Bergerac',1950,NULL,112,'D',NULL);
INSERT INTO "Movie" VALUES('0042276','Born Yesterday',1950,NULL,103,'CD',NULL);
INSERT INTO "Movie" VALUES('0042546','Harvey',1950,NULL,104,'CFY',NULL);
INSERT INTO "Movie" VALUES('0041113','All the King''s Men',1949,NULL,109,'D',NULL);
INSERT INTO "Movie" VALUES('0041452','Heiress, The',1949,NULL,115,'DR',NULL);
INSERT INTO "Movie" VALUES('0041996','Twelve O''Clock High',1949,NULL,132,'DW',NULL);
INSERT INTO "Movie" VALUES('0041587','Letter to Three Wives, A',1949,NULL,103,'CD',NULL);
INSERT INTO "Movie" VALUES('0040416','Hamlet',1948,NULL,155,'DRT',NULL);
INSERT INTO "Movie" VALUES('0040495','Johnny Belinda',1948,NULL,102,'D',NULL);
INSERT INTO "Movie" VALUES('0040897','Treasure of the Sierra Madre, The',1948,NULL,126,'VD',NULL);
INSERT INTO "Movie" VALUES('0040506','Key Largo',1948,NULL,101,'DT',NULL);
INSERT INTO "Movie" VALUES('0039416','Gentleman''s Agreement',1947,NULL,118,'DR',NULL);
INSERT INTO "Movie" VALUES('0039335','Double Life, A',1947,NULL,104,'D',NULL);
INSERT INTO "Movie" VALUES('0039370','Farmer''s Daughter, The',1947,NULL,97,'C',NULL);
INSERT INTO "Movie" VALUES('0039628','Miracle on 34th Street',1947,NULL,96,'CDFYR',NULL);
INSERT INTO "Movie" VALUES('0036868','Best Years of Our Lives, The',1946,NULL,172,'DR',NULL);
INSERT INTO "Movie" VALUES('0039040','To Each His Own',1946,NULL,122,'D',NULL);
INSERT INTO "Movie" VALUES('0038873','Razor''s Edge, The',1946,NULL,146,'D',NULL);
INSERT INTO "Movie" VALUES('0037884','Lost Weekend, The',1945,NULL,101,'D',NULL);
INSERT INTO "Movie" VALUES('0037913','Mildred Pierce',1945,NULL,111,'DMR',NULL);
INSERT INTO "Movie" VALUES('0038190','Tree Grows in Brooklyn, A',1945,NULL,128,'D',NULL);
INSERT INTO "Movie" VALUES('0037120','National Velvet',1944,'G',123,'DF',NULL);
INSERT INTO "Movie" VALUES('0036872','Going My Way',1944,NULL,130,'CD',NULL);
INSERT INTO "Movie" VALUES('0036855','Gaslight',1944,NULL,114,'MT',NULL);
INSERT INTO "Movie" VALUES('0037135','None But the Lonely Heart',1944,NULL,113,'D',NULL);
INSERT INTO "Movie" VALUES('0034583','Casablanca',1942,'PG',102,'DR',NULL);
INSERT INTO "Movie" VALUES('0036515','Watch on the Rhine',1943,NULL,114,'D',NULL);
INSERT INTO "Movie" VALUES('0036377','Song of Bernadette, The',1943,NULL,156,'D',NULL);
INSERT INTO "Movie" VALUES('0036172','More the Merrier, The',1943,NULL,104,'C',NULL);
INSERT INTO "Movie" VALUES('0035896','For Whom the Bell Tolls',1943,NULL,170,'VDRW',NULL);
INSERT INTO "Movie" VALUES('0035093','Mrs. Miniver',1942,NULL,134,'DRW',NULL);
INSERT INTO "Movie" VALUES('0035575','Yankee Doodle Dandy',1942,NULL,126,'D',NULL);
INSERT INTO "Movie" VALUES('0033774','Johnny Eager',1942,NULL,107,'DR',NULL);
INSERT INTO "Movie" VALUES('0033729','How Green Was My Valley',1941,NULL,118,'DR',NULL);
INSERT INTO "Movie" VALUES('0034167','Sergeant York',1941,NULL,134,'DW',NULL);
INSERT INTO "Movie" VALUES('0034248','Suspicion',1941,NULL,99,'MT',NULL);
INSERT INTO "Movie" VALUES('0033677','Great Lie, The',1941,NULL,108,'D',NULL);
INSERT INTO "Movie" VALUES('0032976','Rebecca',1940,NULL,130,'DMRT',NULL);
INSERT INTO "Movie" VALUES('0032904','Philadelphia Story, The',1940,NULL,112,'CR',NULL);
INSERT INTO "Movie" VALUES('0032671','Kitty Foyle: The Natural History of a Woman',1940,NULL,108,'D',NULL);
INSERT INTO "Movie" VALUES('0033253','Westerner, The',1940,NULL,100,'E',NULL);
INSERT INTO "Movie" VALUES('0032551','Grapes of Wrath, The',1940,NULL,128,'D',NULL);
INSERT INTO "Movie" VALUES('0031385','Goodbye, Mr. Chips',1939,NULL,114,'D',NULL);
INSERT INTO "Movie" VALUES('0031971','Stagecoach',1939,NULL,96,'ADRE',NULL);
INSERT INTO "Movie" VALUES('0030993','You Can''t Take It with You',1938,NULL,126,'CR',NULL);
INSERT INTO "Movie" VALUES('0029942','Boys Town',1938,NULL,96,'D',NULL);
INSERT INTO "Movie" VALUES('0030287','Jezebel',1938,NULL,103,'D',NULL);
INSERT INTO "Movie" VALUES('0030317','Kentucky',1938,NULL,95,'DR',NULL);
INSERT INTO "Movie" VALUES('0029146','Life of Emile Zola, The',1937,NULL,116,'D',NULL);
INSERT INTO "Movie" VALUES('0028691','Captains Courageous',1937,NULL,115,'VD',NULL);
INSERT INTO "Movie" VALUES('0028944','Good Earth, The',1937,NULL,138,'D',NULL);
INSERT INTO "Movie" VALUES('0029047','In Old Chicago',1937,NULL,96,'ADL',NULL);
INSERT INTO "Movie" VALUES('0028597','Awful Truth, The',1937,NULL,91,'CR',NULL);
INSERT INTO "Movie" VALUES('0027698','Great Ziegfeld, The',1936,NULL,176,'L',NULL);
INSERT INTO "Movie" VALUES('0028313','Story of Louis Pasteur, The',1935,NULL,87,'D',NULL);
INSERT INTO "Movie" VALUES('0027459','Come and Get It',1936,NULL,99,'D',NULL);
INSERT INTO "Movie" VALUES('0027300','Anthony Adverse',1936,NULL,141,'VR',NULL);
INSERT INTO "Movie" VALUES('0027996','Mr. Deeds Goes to Town',1936,NULL,115,'C',NULL);
INSERT INTO "Movie" VALUES('0026752','Mutiny on the Bounty',1935,NULL,132,'VD',NULL);
INSERT INTO "Movie" VALUES('0026529','Informer, The',1935,NULL,91,'D',NULL);
INSERT INTO "Movie" VALUES('0026261','Dangerous',1935,NULL,79,'D',NULL);
INSERT INTO "Movie" VALUES('0025316','It Happened One Night',1934,NULL,105,'VCR',NULL);
INSERT INTO "Movie" VALUES('0023876','Cavalcade',1933,NULL,110,'D',NULL);
INSERT INTO "Movie" VALUES('0024473','Private Life of Henry VIII., The',1933,NULL,97,'D',NULL);
INSERT INTO "Movie" VALUES('0024353','Morning Glory',1933,NULL,74,'D',NULL);
INSERT INTO "Movie" VALUES('0022958','Grand Hotel',1932,NULL,112,'D',NULL);
INSERT INTO "Movie" VALUES('0021730','Champ, The',1931,NULL,87,'D',NULL);
INSERT INTO "Movie" VALUES('0022386','Sin of Madelon Claudet, The',1931,NULL,75,'D',NULL);
INSERT INTO "Movie" VALUES('0021635','Bad Girl',1931,NULL,90,'D',NULL);
INSERT INTO "Movie" VALUES('0021746','Cimarron',1931,NULL,131,'DE',NULL);
INSERT INTO "Movie" VALUES('0021885','Free Soul, A',1931,NULL,91,'D',NULL);
INSERT INTO "Movie" VALUES('0021148','Min and Bill',1930,NULL,66,'CD',NULL);
INSERT INTO "Movie" VALUES('0022397','Skippy',1931,NULL,85,'CDF',NULL);
INSERT INTO "Movie" VALUES('0019729','Broadway Melody, The',1929,NULL,110,'L',NULL);
INSERT INTO "Movie" VALUES('0020018','In Old Arizona',1929,NULL,95,'E',NULL);
INSERT INTO "Movie" VALUES('0019788','Coquette',1929,NULL,76,'D',NULL);
INSERT INTO "Movie" VALUES('0019824','Divine Lady, The',1929,NULL,99,'D',NULL);
INSERT INTO "Movie" VALUES('0018578','Wings',1927,NULL,139,'ADRW',NULL);
INSERT INTO "Movie" VALUES('0019071','Last Command, The',1928,NULL,85,'VD',NULL);
INSERT INTO "Movie" VALUES('0018379','Seventh Heaven',1927,NULL,110,'DR',NULL);
INSERT INTO "Movie" VALUES('0018515','Two Arabian Knights',1927,NULL,90,'CR',NULL);
INSERT INTO "Movie" VALUES('0375679','Crash',2004,NULL,113,'D',NULL);
INSERT INTO "Movie" VALUES('0379725','Capote',2005,'R',114,'D',NULL);
INSERT INTO "Movie" VALUES('0358273','Walk the Line',2005,'PG-13',136,'DR',NULL);
INSERT INTO "Movie" VALUES('0365737','Syriana',2005,'R',126,'DT',NULL);
INSERT INTO "Movie" VALUES('0387131','The Constant Gardener',2005,'R',129,'DT',NULL);
INSERT INTO "Movie" VALUES('0388795','Brokeback Mountain',2005,'R',134,'DR',NULL);
INSERT INTO "Movie" VALUES('0407887','The Departed',2006,'R',151,'DT',NULL);
INSERT INTO "Movie" VALUES('0455590','The Last King of Scotland',2006,'R',121,'DT',NULL);
INSERT INTO "Movie" VALUES('0436697','The Queen',2006,'PG-13',103,'D',NULL);
INSERT INTO "Movie" VALUES('0449059','Little Miss Sunshine',2006,'R',101,'CD',NULL);
INSERT INTO "Movie" VALUES('0443489','Dreamgirls',2006,'PG-13',131,'DL',NULL);
INSERT INTO "Movie" VALUES('0477348','No Country for Old Men',2007,'R',122,'DT',NULL);
INSERT INTO "Movie" VALUES('0469494','There Will Be Blood',2008,'R',158,'D',NULL);
INSERT INTO "Movie" VALUES('0450188','Mome, La',2007,'PG-13',140,'D',NULL);
INSERT INTO "Movie" VALUES('0465538','Michael Clayton',2007,'R',119,'ADT',NULL);
INSERT INTO "Movie" VALUES('1013753','Milk',2009,'R',128,'DR',NULL);
INSERT INTO "Movie" VALUES('0976051','The Reader',2009,'R',124,'DR',NULL);
INSERT INTO "Movie" VALUES('0497465','Vicky Cristina Barcelona',2008,'PG-13',96,'DR',NULL);
INSERT INTO "Movie" VALUES('1010048','Slumdog Millionaire',2008,'R',120,'DR',NULL);
INSERT INTO "Movie" VALUES('0887912','The Hurt Locker',2008,'R',131,'ADTW',NULL);
INSERT INTO "Movie" VALUES('1263670','Crazy Heart',2010,'R',112,'DR',NULL);
INSERT INTO "Movie" VALUES('0361748','Inglourious Basterds',2009,'R',153,'DTW',NULL);
INSERT INTO "Movie" VALUES('0929632','Precious: Based on the Novel Push by Sapphire',2009,'R',109,'D',NULL);
INSERT INTO "Movie" VALUES('0063227','The Lion in Winter',1968,'PG',134,'D',NULL);
INSERT INTO "Movie" VALUES('1504320','The King''s Speech',2010,'R',118,'D',NULL);
INSERT INTO "Movie" VALUES('0947798','Black Swan',2010,'R',108,'DMT',NULL);
INSERT INTO "Movie" VALUES('0964517','The Fighter',2010,'R',116,'D',NULL);
INSERT INTO "Movie" VALUES('1655442','The Artist',2012,'PG-13',100,'C',NULL);
INSERT INTO "Movie" VALUES('1007029','The Iron Lady',2012,'PG-13',105,'D',NULL);
INSERT INTO "Movie" VALUES('1532503','Beginners',2011,'R',105,'C',NULL);
INSERT INTO "Movie" VALUES('1024648','Argo',2012,'R',130,'D',NULL);
INSERT INTO "Movie" VALUES('1045658','Silver Linings Playbook',2012,'R',122,'C',NULL);
INSERT INTO "Movie" VALUES('1853728','Django Unchained',2012,'R',165,'V',NULL);
INSERT INTO "Movie" VALUES('1707386','Les Miserables',2012,'PG-13',158,'D',NULL);
INSERT INTO "Movie" VALUES('0454876','Life of Pi',2012,'PG',127,'V',NULL);
INSERT INTO "Movie" VALUES('1800241','American Hustle',2013,'R',138,'D',NULL);
INSERT INTO "Movie" VALUES('2024544','12 Years a Slave',2013,'R',134,'D',NULL);
INSERT INTO "Movie" VALUES('0790636','Dallas Buyers Club',2013,'R',117,'D',NULL);
INSERT INTO "Movie" VALUES('2334873','Blue Jasmine',2013,'PG-13',98,'C',NULL);
INSERT INTO "Movie" VALUES('2562232','Birdman: Or',2014,'R',119,'C',NULL);
INSERT INTO "Movie" VALUES('2980516','The Theory of Everything',2014,'PG-13',123,'D',NULL);
INSERT INTO "Movie" VALUES('3316960','Still Alice',2015,'PG-13',101,'D',NULL);
INSERT INTO "Movie" VALUES('2582802','Whiplash',2014,'R',107,'D',NULL);
INSERT INTO "Movie" VALUES('1065073','Boyhood',2014,'R',165,'D',NULL);
DROP TABLE IF EXISTS "Oscar";
CREATE TABLE Oscar(movie_id CHAR(7), person_id CHAR(7), type VARCHAR(23), year INTEGER, PRIMARY KEY (person_id, type, year), FOREIGN KEY (movie_id) REFERENCES Movie(id), FOREIGN KEY (person_id) REFERENCES Person(id)
);
INSERT INTO "Oscar" VALUES('2562232',NULL,'BEST-PICTURE',2015);
INSERT INTO "Oscar" VALUES('2980516','1519666','BEST-ACTOR',2015);
INSERT INTO "Oscar" VALUES('3316960','0000194','BEST-ACTRESS',2015);
INSERT INTO "Oscar" VALUES('2582802','0799777','BEST-SUPPORTING-ACTOR',2015);
INSERT INTO "Oscar" VALUES('1065073','0000099','BEST-SUPPORTING-ACTRESS',2015);
INSERT INTO "Oscar" VALUES('2562232','0327944','BEST-DIRECTOR',2015);
INSERT INTO "Oscar" VALUES('2024544',NULL,'BEST-PICTURE',2014);
INSERT INTO "Oscar" VALUES('0790636','0000190','BEST-ACTOR',2014);
INSERT INTO "Oscar" VALUES('2334873','0000949','BEST-ACTRESS',2014);
INSERT INTO "Oscar" VALUES('0790636','0001467','BEST-SUPPORTING-ACTOR',2014);
INSERT INTO "Oscar" VALUES('2024544','2143282','BEST-SUPPORTING-ACTRESS',2014);
INSERT INTO "Oscar" VALUES('1454468','0190859','BEST-DIRECTOR',2014);
INSERT INTO "Oscar" VALUES('1024648',NULL,'BEST-PICTURE',2013);
INSERT INTO "Oscar" VALUES('0443272','0000358','BEST-ACTOR',2013);
INSERT INTO "Oscar" VALUES('1045658','2225369','BEST-ACTRESS',2013);
INSERT INTO "Oscar" VALUES('1853728','0910607','BEST-SUPPORTING-ACTOR',2013);
INSERT INTO "Oscar" VALUES('1707386','0004266','BEST-SUPPORTING-ACTRESS',2013);
INSERT INTO "Oscar" VALUES('0454876','0000487','BEST-DIRECTOR',2013);
INSERT INTO "Oscar" VALUES('1655442',NULL,'BEST-PICTURE',2012);
INSERT INTO "Oscar" VALUES('1655442','0241121','BEST-ACTOR',2012);
INSERT INTO "Oscar" VALUES('1007029','0000658','BEST-ACTRESS',2012);
INSERT INTO "Oscar" VALUES('1532503','0001626','BEST-SUPPORTING-ACTOR',2012);
INSERT INTO "Oscar" VALUES('1454029','0818055','BEST-SUPPORTING-ACTRESS',2012);
INSERT INTO "Oscar" VALUES('1655442','0371890','BEST-DIRECTOR',2012);
INSERT INTO "Oscar" VALUES('1504320',NULL,'BEST-PICTURE',2011);
INSERT INTO "Oscar" VALUES('1504320','0000147','BEST-ACTOR',2011);
INSERT INTO "Oscar" VALUES('0947798','0000204','BEST-ACTRESS',2011);
INSERT INTO "Oscar" VALUES('0964517','0000288','BEST-SUPPORTING-ACTOR',2011);
INSERT INTO "Oscar" VALUES('0964517','0502425','BEST-SUPPORTING-ACTRESS',2011);
INSERT INTO "Oscar" VALUES('1504320','0393799','BEST-DIRECTOR',2011);
INSERT INTO "Oscar" VALUES('0887912',NULL,'BEST-PICTURE',2010);
INSERT INTO "Oscar" VALUES('1263670','0000313','BEST-ACTOR',2010);
INSERT INTO "Oscar" VALUES('0878804','0000113','BEST-ACTRESS',2010);
INSERT INTO "Oscar" VALUES('0361748','0910607','BEST-SUPPORTING-ACTOR',2010);
INSERT INTO "Oscar" VALUES('0929632','0594898','BEST-SUPPORTING-ACTRESS',2010);
INSERT INTO "Oscar" VALUES('0887912','0000941','BEST-DIRECTOR',2010);
INSERT INTO "Oscar" VALUES('1010048',NULL,'BEST-PICTURE',2009);
INSERT INTO "Oscar" VALUES('1013753','0000576','BEST-ACTOR',2009);
INSERT INTO "Oscar" VALUES('0976051','0000701','BEST-ACTRESS',2009);
INSERT INTO "Oscar" VALUES('0468569','0005132','BEST-SUPPORTING-ACTOR',2009);
INSERT INTO "Oscar" VALUES('0497465','0004851','BEST-SUPPORTING-ACTRESS',2009);
INSERT INTO "Oscar" VALUES('1010048','0000965','BEST-DIRECTOR',2009);
INSERT INTO "Oscar" VALUES('0477348',NULL,'BEST-PICTURE',2008);
INSERT INTO "Oscar" VALUES('0469494','0000358','BEST-ACTOR',2008);
INSERT INTO "Oscar" VALUES('0450188','0182839','BEST-ACTRESS',2008);
INSERT INTO "Oscar" VALUES('0477348','0000849','BEST-SUPPORTING-ACTOR',2008);
INSERT INTO "Oscar" VALUES('0465538','0842770','BEST-SUPPORTING-ACTRESS',2008);
INSERT INTO "Oscar" VALUES('0477348','0001053','BEST-DIRECTOR',2008);
INSERT INTO "Oscar" VALUES('0407887',NULL,'BEST-PICTURE',2007);
INSERT INTO "Oscar" VALUES('0455590','0001845','BEST-ACTOR',2007);
INSERT INTO "Oscar" VALUES('0436697','0000545','BEST-ACTRESS',2007);
INSERT INTO "Oscar" VALUES('0449059','0000273','BEST-SUPPORTING-ACTOR',2007);
INSERT INTO "Oscar" VALUES('0443489','1617685','BEST-SUPPORTING-ACTRESS',2007);
INSERT INTO "Oscar" VALUES('0407887','0000217','BEST-DIRECTOR',2007);
INSERT INTO "Oscar" VALUES('0375679',NULL,'BEST-PICTURE',2006);
INSERT INTO "Oscar" VALUES('0379725','0000450','BEST-ACTOR',2006);
INSERT INTO "Oscar" VALUES('0358273','0000702','BEST-ACTRESS',2006);
INSERT INTO "Oscar" VALUES('0365737','0000123','BEST-SUPPORTING-ACTOR',2006);
INSERT INTO "Oscar" VALUES('0387131','0001838','BEST-SUPPORTING-ACTRESS',2006);
INSERT INTO "Oscar" VALUES('0388795','0000487','BEST-DIRECTOR',2006);
INSERT INTO "Oscar" VALUES('0405159',NULL,'BEST-PICTURE',2005);
INSERT INTO "Oscar" VALUES('0350258','0004937','BEST-ACTOR',2005);
INSERT INTO "Oscar" VALUES('0405159','0005476','BEST-ACTRESS',2005);
INSERT INTO "Oscar" VALUES('0405159','0000151','BEST-SUPPORTING-ACTOR',2005);
INSERT INTO "Oscar" VALUES('0338751','0000949','BEST-SUPPORTING-ACTRESS',2005);
INSERT INTO "Oscar" VALUES('0405159','0000142','BEST-DIRECTOR',2005);
INSERT INTO "Oscar" VALUES('0167260',NULL,'BEST-PICTURE',2004);
INSERT INTO "Oscar" VALUES('0327056','0000576','BEST-ACTOR',2004);
INSERT INTO "Oscar" VALUES('0340855','0000234','BEST-ACTRESS',2004);
INSERT INTO "Oscar" VALUES('0327056','0000209','BEST-SUPPORTING-ACTOR',2004);
INSERT INTO "Oscar" VALUES('0159365','0000250','BEST-SUPPORTING-ACTRESS',2004);
INSERT INTO "Oscar" VALUES('0167260','0001392','BEST-DIRECTOR',2004);
INSERT INTO "Oscar" VALUES('0299658',NULL,'BEST-PICTURE',2003);
INSERT INTO "Oscar" VALUES('0253474','0004778','BEST-ACTOR',2003);
INSERT INTO "Oscar" VALUES('0274558','0000173','BEST-ACTRESS',2003);
INSERT INTO "Oscar" VALUES('0268126','0177933','BEST-SUPPORTING-ACTOR',2003);
INSERT INTO "Oscar" VALUES('0299658','0001876','BEST-SUPPORTING-ACTRESS',2003);
INSERT INTO "Oscar" VALUES('0253474','0000591','BEST-DIRECTOR',2003);
INSERT INTO "Oscar" VALUES('0268978',NULL,'BEST-PICTURE',2002);
INSERT INTO "Oscar" VALUES('0139654','0000243','BEST-ACTOR',2002);
INSERT INTO "Oscar" VALUES('0285742','0000932','BEST-ACTRESS',2002);
INSERT INTO "Oscar" VALUES('0280778','0000980','BEST-SUPPORTING-ACTOR',2002);
INSERT INTO "Oscar" VALUES('0268978','0000124','BEST-SUPPORTING-ACTRESS',2002);
INSERT INTO "Oscar" VALUES('0268978','0000165','BEST-DIRECTOR',2002);
INSERT INTO "Oscar" VALUES('0172495',NULL,'BEST-PICTURE',2001);
INSERT INTO "Oscar" VALUES('0172495','0000128','BEST-ACTOR',2001);
INSERT INTO "Oscar" VALUES('0195685','0000210','BEST-ACTRESS',2001);
INSERT INTO "Oscar" VALUES('0181865','0001125','BEST-SUPPORTING-ACTOR',2001);
INSERT INTO "Oscar" VALUES('0183659','0001315','BEST-SUPPORTING-ACTRESS',2001);
INSERT INTO "Oscar" VALUES('0181865','0001752','BEST-DIRECTOR',2001);
INSERT INTO "Oscar" VALUES('0169547',NULL,'BEST-PICTURE',2000);
INSERT INTO "Oscar" VALUES('0169547','0000228','BEST-ACTOR',2000);
INSERT INTO "Oscar" VALUES('0171804','0005476','BEST-ACTRESS',2000);
INSERT INTO "Oscar" VALUES('0124315','0000323','BEST-SUPPORTING-ACTOR',2000);
INSERT INTO "Oscar" VALUES('0172493','0001401','BEST-SUPPORTING-ACTRESS',2000);
INSERT INTO "Oscar" VALUES('0169547','0005222','BEST-DIRECTOR',2000);
INSERT INTO "Oscar" VALUES('0138097',NULL,'BEST-PICTURE',1999);
INSERT INTO "Oscar" VALUES('0118799','0000905','BEST-ACTOR',1999);
INSERT INTO "Oscar" VALUES('0138097','0000569','BEST-ACTRESS',1999);
INSERT INTO "Oscar" VALUES('0118564','0000336','BEST-SUPPORTING-ACTOR',1999);
INSERT INTO "Oscar" VALUES('0138097','0001132','BEST-SUPPORTING-ACTRESS',1999);
INSERT INTO "Oscar" VALUES('0120815','0000229','BEST-DIRECTOR',1999);
INSERT INTO "Oscar" VALUES('0120338',NULL,'BEST-PICTURE',1998);
INSERT INTO "Oscar" VALUES('0119822','0000197','BEST-ACTOR',1998);
INSERT INTO "Oscar" VALUES('0119822','0000166','BEST-ACTRESS',1998);
INSERT INTO "Oscar" VALUES('0119217','0000245','BEST-SUPPORTING-ACTOR',1998);
INSERT INTO "Oscar" VALUES('0119488','0000107','BEST-SUPPORTING-ACTRESS',1998);
INSERT INTO "Oscar" VALUES('0120338','0000116','BEST-DIRECTOR',1998);
INSERT INTO "Oscar" VALUES('0116209',NULL,'BEST-PICTURE',1997);
INSERT INTO "Oscar" VALUES('0117631','0001691','BEST-ACTOR',1997);
INSERT INTO "Oscar" VALUES('0116282','0000531','BEST-ACTRESS',1997);
INSERT INTO "Oscar" VALUES('0116695','0000421','BEST-SUPPORTING-ACTOR',1997);
INSERT INTO "Oscar" VALUES('0116209','0000300','BEST-SUPPORTING-ACTRESS',1997);
INSERT INTO "Oscar" VALUES('0116209','0005237','BEST-DIRECTOR',1997);
INSERT INTO "Oscar" VALUES('0112573',NULL,'BEST-PICTURE',1996);
INSERT INTO "Oscar" VALUES('0113627','0000115','BEST-ACTOR',1996);
INSERT INTO "Oscar" VALUES('0112818','0000215','BEST-ACTRESS',1996);
INSERT INTO "Oscar" VALUES('0114814','0000228','BEST-SUPPORTING-ACTOR',1996);
INSERT INTO "Oscar" VALUES('0113819','0000227','BEST-SUPPORTING-ACTRESS',1996);
INSERT INTO "Oscar" VALUES('0112573','0000154','BEST-DIRECTOR',1996);
INSERT INTO "Oscar" VALUES('0109830',NULL,'BEST-PICTURE',1995);
INSERT INTO "Oscar" VALUES('0109830','0000158','BEST-ACTOR',1995);
INSERT INTO "Oscar" VALUES('0109306','0001448','BEST-ACTRESS',1995);
INSERT INTO "Oscar" VALUES('0109707','0001445','BEST-SUPPORTING-ACTOR',1995);
INSERT INTO "Oscar" VALUES('0109348','0001848','BEST-SUPPORTING-ACTRESS',1995);
INSERT INTO "Oscar" VALUES('0109830','0000709','BEST-DIRECTOR',1995);
INSERT INTO "Oscar" VALUES('0108052',NULL,'BEST-PICTURE',1994);
INSERT INTO "Oscar" VALUES('0107818','0000158','BEST-ACTOR',1994);
INSERT INTO "Oscar" VALUES('0107822','0000456','BEST-ACTRESS',1994);
INSERT INTO "Oscar" VALUES('0106977','0000169','BEST-SUPPORTING-ACTOR',1994);
INSERT INTO "Oscar" VALUES('0107822','0001593','BEST-SUPPORTING-ACTRESS',1994);
INSERT INTO "Oscar" VALUES('0108052','0000229','BEST-DIRECTOR',1994);
INSERT INTO "Oscar" VALUES('0105695',NULL,'BEST-PICTURE',1993);
INSERT INTO "Oscar" VALUES('0105323','0000199','BEST-ACTOR',1993);
INSERT INTO "Oscar" VALUES('0104454','0000668','BEST-ACTRESS',1993);
INSERT INTO "Oscar" VALUES('0105695','0000432','BEST-SUPPORTING-ACTOR',1993);
INSERT INTO "Oscar" VALUES('0104952','0000673','BEST-SUPPORTING-ACTRESS',1993);
INSERT INTO "Oscar" VALUES('0105695','0000142','BEST-DIRECTOR',1993);
INSERT INTO "Oscar" VALUES('0102926',NULL,'BEST-PICTURE',1992);
INSERT INTO "Oscar" VALUES('0102926','0000164','BEST-ACTOR',1992);
INSERT INTO "Oscar" VALUES('0102926','0000149','BEST-ACTRESS',1992);
INSERT INTO "Oscar" VALUES('0101587','0001588','BEST-SUPPORTING-ACTOR',1992);
INSERT INTO "Oscar" VALUES('0101889','0001689','BEST-SUPPORTING-ACTRESS',1992);
INSERT INTO "Oscar" VALUES('0102926','0001129','BEST-DIRECTOR',1992);
INSERT INTO "Oscar" VALUES('0099348',NULL,'BEST-PICTURE',1991);
INSERT INTO "Oscar" VALUES('0100486','0000460','BEST-ACTOR',1991);
INSERT INTO "Oscar" VALUES('0100157','0000870','BEST-ACTRESS',1991);
INSERT INTO "Oscar" VALUES('0099685','0000582','BEST-SUPPORTING-ACTOR',1991);
INSERT INTO "Oscar" VALUES('0099653','0000155','BEST-SUPPORTING-ACTRESS',1991);
INSERT INTO "Oscar" VALUES('0099348','0000126','BEST-DIRECTOR',1991);
INSERT INTO "Oscar" VALUES('0097239',NULL,'BEST-PICTURE',1990);
INSERT INTO "Oscar" VALUES('0097937','0000358','BEST-ACTOR',1990);
INSERT INTO "Oscar" VALUES('0097239','0001788','BEST-ACTRESS',1990);
INSERT INTO "Oscar" VALUES('0097441','0000243','BEST-SUPPORTING-ACTOR',1990);
INSERT INTO "Oscar" VALUES('0097937','0002084','BEST-SUPPORTING-ACTRESS',1990);
INSERT INTO "Oscar" VALUES('0096969','0000231','BEST-DIRECTOR',1990);
INSERT INTO "Oscar" VALUES('0095953',NULL,'BEST-PICTURE',1989);
INSERT INTO "Oscar" VALUES('0095953','0000163','BEST-ACTOR',1989);
INSERT INTO "Oscar" VALUES('0094608','0000149','BEST-ACTRESS',1989);
INSERT INTO "Oscar" VALUES('0095159','0000177','BEST-SUPPORTING-ACTOR',1989);
INSERT INTO "Oscar" VALUES('0094606','0000133','BEST-SUPPORTING-ACTRESS',1989);
INSERT INTO "Oscar" VALUES('0095953','0001469','BEST-DIRECTOR',1989);
INSERT INTO "Oscar" VALUES('0093389',NULL,'BEST-PICTURE',1988);
INSERT INTO "Oscar" VALUES('0094291','0000140','BEST-ACTOR',1988);
INSERT INTO "Oscar" VALUES('0093565','0000333','BEST-ACTRESS',1988);
INSERT INTO "Oscar" VALUES('0094226','0000125','BEST-SUPPORTING-ACTOR',1988);
INSERT INTO "Oscar" VALUES('0093565','0001156','BEST-SUPPORTING-ACTRESS',1988);
INSERT INTO "Oscar" VALUES('0093389','0000934','BEST-DIRECTOR',1988);
INSERT INTO "Oscar" VALUES('0091763',NULL,'BEST-PICTURE',1987);
INSERT INTO "Oscar" VALUES('0090863','0000056','BEST-ACTOR',1987);
INSERT INTO "Oscar" VALUES('0090830','0559144','BEST-ACTRESS',1987);
INSERT INTO "Oscar" VALUES('0091167','0000323','BEST-SUPPORTING-ACTOR',1987);
INSERT INTO "Oscar" VALUES('0091167','0001848','BEST-SUPPORTING-ACTRESS',1987);
INSERT INTO "Oscar" VALUES('0091763','0000231','BEST-DIRECTOR',1987);
INSERT INTO "Oscar" VALUES('0089755',NULL,'BEST-PICTURE',1986);
INSERT INTO "Oscar" VALUES('0089424','0000458','BEST-ACTOR',1986);
INSERT INTO "Oscar" VALUES('0090203','0656183','BEST-ACTRESS',1986);
INSERT INTO "Oscar" VALUES('0088933','0000747','BEST-SUPPORTING-ACTOR',1986);
INSERT INTO "Oscar" VALUES('0089841','0001378','BEST-SUPPORTING-ACTRESS',1986);
INSERT INTO "Oscar" VALUES('0089755','0001628','BEST-DIRECTOR',1986);
INSERT INTO "Oscar" VALUES('0086879',NULL,'BEST-PICTURE',1985);
INSERT INTO "Oscar" VALUES('0086879','0000719','BEST-ACTOR',1985);
INSERT INTO "Oscar" VALUES('0087921','0000398','BEST-ACTRESS',1985);
INSERT INTO "Oscar" VALUES('0087553','0628955','BEST-SUPPORTING-ACTOR',1985);
INSERT INTO "Oscar" VALUES('0087892','0001919','BEST-SUPPORTING-ACTRESS',1985);
INSERT INTO "Oscar" VALUES('0086879','0001232','BEST-DIRECTOR',1985);
INSERT INTO "Oscar" VALUES('0086425',NULL,'BEST-PICTURE',1984);
INSERT INTO "Oscar" VALUES('0086423','0000380','BEST-ACTOR',1984);
INSERT INTO "Oscar" VALUES('0086425','0000511','BEST-ACTRESS',1984);
INSERT INTO "Oscar" VALUES('0086425','0000197','BEST-SUPPORTING-ACTOR',1984);
INSERT INTO "Oscar" VALUES('0086617','0001373','BEST-SUPPORTING-ACTRESS',1984);
INSERT INTO "Oscar" VALUES('0086425','0000985','BEST-DIRECTOR',1984);
INSERT INTO "Oscar" VALUES('0083987',NULL,'BEST-PICTURE',1983);
INSERT INTO "Oscar" VALUES('0083987','0001426','BEST-ACTOR',1983);
INSERT INTO "Oscar" VALUES('0084707','0000658','BEST-ACTRESS',1983);
INSERT INTO "Oscar" VALUES('0084434','0001283','BEST-SUPPORTING-ACTOR',1983);
INSERT INTO "Oscar" VALUES('0084805','0001448','BEST-SUPPORTING-ACTRESS',1983);
INSERT INTO "Oscar" VALUES('0083987','0000277','BEST-DIRECTOR',1983);
INSERT INTO "Oscar" VALUES('0082158',NULL,'BEST-PICTURE',1982);
INSERT INTO "Oscar" VALUES('0082846','0000020','BEST-ACTOR',1982);
INSERT INTO "Oscar" VALUES('0082846','0000031','BEST-ACTRESS',1982);
INSERT INTO "Oscar" VALUES('0082031','0000024','BEST-SUPPORTING-ACTOR',1982);
INSERT INTO "Oscar" VALUES('0082979','0822972','BEST-SUPPORTING-ACTRESS',1982);
INSERT INTO "Oscar" VALUES('0082979','0000886','BEST-DIRECTOR',1982);
INSERT INTO "Oscar" VALUES('0081283',NULL,'BEST-PICTURE',1981);
INSERT INTO "Oscar" VALUES('0081398','0000134','BEST-ACTOR',1981);
INSERT INTO "Oscar" VALUES('0080549','0000651','BEST-ACTRESS',1981);
INSERT INTO "Oscar" VALUES('0081283','0000459','BEST-SUPPORTING-ACTOR',1981);
INSERT INTO "Oscar" VALUES('0081150','0005460','BEST-SUPPORTING-ACTRESS',1981);
INSERT INTO "Oscar" VALUES('0081283','0000602','BEST-DIRECTOR',1981);
INSERT INTO "Oscar" VALUES('0079417',NULL,'BEST-PICTURE',1980);
INSERT INTO "Oscar" VALUES('0079417','0000163','BEST-ACTOR',1980);
INSERT INTO "Oscar" VALUES('0079638','0000398','BEST-ACTRESS',1980);
INSERT INTO "Oscar" VALUES('0078841','0002048','BEST-SUPPORTING-ACTOR',1980);
INSERT INTO "Oscar" VALUES('0079417','0000658','BEST-SUPPORTING-ACTRESS',1980);
INSERT INTO "Oscar" VALUES('0079417','0000914','BEST-DIRECTOR',1980);
INSERT INTO "Oscar" VALUES('0077416',NULL,'BEST-PICTURE',1979);
INSERT INTO "Oscar" VALUES('0077362','0000685','BEST-ACTOR',1979);
INSERT INTO "Oscar" VALUES('0077362','0000404','BEST-ACTRESS',1979);
INSERT INTO "Oscar" VALUES('0077416','0000686','BEST-SUPPORTING-ACTOR',1979);
INSERT INTO "Oscar" VALUES('0077289','0001749','BEST-SUPPORTING-ACTRESS',1979);
INSERT INTO "Oscar" VALUES('0077416','0001047','BEST-DIRECTOR',1979);
INSERT INTO "Oscar" VALUES('0075686',NULL,'BEST-PICTURE',1978);
INSERT INTO "Oscar" VALUES('0076095','0000377','BEST-ACTOR',1978);
INSERT INTO "Oscar" VALUES('0075686','0000473','BEST-ACTRESS',1978);
INSERT INTO "Oscar" VALUES('0076245','0001673','BEST-SUPPORTING-ACTOR',1978);
INSERT INTO "Oscar" VALUES('0076245','0000603','BEST-SUPPORTING-ACTRESS',1978);
INSERT INTO "Oscar" VALUES('0075686','0000095','BEST-DIRECTOR',1978);
INSERT INTO "Oscar" VALUES('0075148',NULL,'BEST-PICTURE',1977);
INSERT INTO "Oscar" VALUES('0074958','0002075','BEST-ACTOR',1977);
INSERT INTO "Oscar" VALUES('0074958','0001159','BEST-ACTRESS',1977);
INSERT INTO "Oscar" VALUES('0074119','0001673','BEST-SUPPORTING-ACTOR',1977);
INSERT INTO "Oscar" VALUES('0074958','0833152','BEST-SUPPORTING-ACTRESS',1977);
INSERT INTO "Oscar" VALUES('0075148','0000814','BEST-DIRECTOR',1977);
INSERT INTO "Oscar" VALUES('0073486',NULL,'BEST-PICTURE',1976);
INSERT INTO "Oscar" VALUES('0073486','0000197','BEST-ACTOR',1976);
INSERT INTO "Oscar" VALUES('0073486','0001221','BEST-ACTRESS',1976);
INSERT INTO "Oscar" VALUES('0073766','0122675','BEST-SUPPORTING-ACTOR',1976);
INSERT INTO "Oscar" VALUES('0073692','0335519','BEST-SUPPORTING-ACTRESS',1976);
INSERT INTO "Oscar" VALUES('0073486','0001232','BEST-DIRECTOR',1976);
INSERT INTO "Oscar" VALUES('0071562',NULL,'BEST-PICTURE',1975);
INSERT INTO "Oscar" VALUES('0071598','0138770','BEST-ACTOR',1975);
INSERT INTO "Oscar" VALUES('0071115','0000995','BEST-ACTRESS',1975);
INSERT INTO "Oscar" VALUES('0071562','0000134','BEST-SUPPORTING-ACTOR',1975);
INSERT INTO "Oscar" VALUES('0071877','0000006','BEST-SUPPORTING-ACTRESS',1975);
INSERT INTO "Oscar" VALUES('0071562','0000338','BEST-DIRECTOR',1975);
INSERT INTO "Oscar" VALUES('0070735',NULL,'BEST-PICTURE',1974);
INSERT INTO "Oscar" VALUES('0070640','0000493','BEST-ACTOR',1974);
INSERT INTO "Oscar" VALUES('0070819','0413559','BEST-ACTRESS',1974);
INSERT INTO "Oscar" VALUES('0070509','0002144','BEST-SUPPORTING-ACTOR',1974);
INSERT INTO "Oscar" VALUES('0070510','0001575','BEST-SUPPORTING-ACTRESS',1974);
INSERT INTO "Oscar" VALUES('0070735','0001351','BEST-DIRECTOR',1974);
INSERT INTO "Oscar" VALUES('0068646',NULL,'BEST-PICTURE',1973);
INSERT INTO "Oscar" VALUES('0068646','0000008','BEST-ACTOR',1973);
INSERT INTO "Oscar" VALUES('0068327','0591485','BEST-ACTRESS',1973);
INSERT INTO "Oscar" VALUES('0068327','0001297','BEST-SUPPORTING-ACTOR',1973);
INSERT INTO "Oscar" VALUES('0068326','0373012','BEST-SUPPORTING-ACTRESS',1973);
INSERT INTO "Oscar" VALUES('0068327','0002080','BEST-DIRECTOR',1973);
INSERT INTO "Oscar" VALUES('0067116',NULL,'BEST-PICTURE',1972);
INSERT INTO "Oscar" VALUES('0067116','0000432','BEST-ACTOR',1972);
INSERT INTO "Oscar" VALUES('0067309','0000404','BEST-ACTRESS',1972);
INSERT INTO "Oscar" VALUES('0067328','0424565','BEST-SUPPORTING-ACTOR',1972);
INSERT INTO "Oscar" VALUES('0067328','0001458','BEST-SUPPORTING-ACTRESS',1972);
INSERT INTO "Oscar" VALUES('0067116','0001243','BEST-DIRECTOR',1972);
INSERT INTO "Oscar" VALUES('0066206',NULL,'BEST-PICTURE',1971);
INSERT INTO "Oscar" VALUES('0066206','0001715','BEST-ACTOR',1971);
INSERT INTO "Oscar" VALUES('0066579','0413559','BEST-ACTRESS',1971);
INSERT INTO "Oscar" VALUES('0066319','0590055','BEST-SUPPORTING-ACTOR',1971);
INSERT INTO "Oscar" VALUES('0065377','0371040','BEST-SUPPORTING-ACTRESS',1971);
INSERT INTO "Oscar" VALUES('0066206','0769874','BEST-DIRECTOR',1971);
INSERT INTO "Oscar" VALUES('0064665',NULL,'BEST-PICTURE',1970);
INSERT INTO "Oscar" VALUES('0065126','0000078','BEST-ACTOR',1970);
INSERT INTO "Oscar" VALUES('0064840','0001749','BEST-ACTRESS',1970);
INSERT INTO "Oscar" VALUES('0065088','0949574','BEST-SUPPORTING-ACTOR',1970);
INSERT INTO "Oscar" VALUES('0064117','0000443','BEST-SUPPORTING-ACTRESS',1970);
INSERT INTO "Oscar" VALUES('0064665','0772259','BEST-DIRECTOR',1970);
INSERT INTO "Oscar" VALUES('0063385',NULL,'BEST-PICTURE',1969);
INSERT INTO "Oscar" VALUES('0062794','0731772','BEST-ACTOR',1969);
INSERT INTO "Oscar" VALUES('0062994','0000659','BEST-ACTRESS',1969);
INSERT INTO "Oscar" VALUES('0063227','0000031','BEST-ACTRESS',1969);
INSERT INTO "Oscar" VALUES('0063654','0016776','BEST-SUPPORTING-ACTOR',1969);
INSERT INTO "Oscar" VALUES('0063522','0002106','BEST-SUPPORTING-ACTRESS',1969);
INSERT INTO "Oscar" VALUES('0063385','0715346','BEST-DIRECTOR',1969);
INSERT INTO "Oscar" VALUES('0061811',NULL,'BEST-PICTURE',1968);
INSERT INTO "Oscar" VALUES('0061811','0001768','BEST-ACTOR',1968);
INSERT INTO "Oscar" VALUES('0061735','0000031','BEST-ACTRESS',1968);
INSERT INTO "Oscar" VALUES('0061512','0001421','BEST-SUPPORTING-ACTOR',1968);
INSERT INTO "Oscar" VALUES('0061418','0663820','BEST-SUPPORTING-ACTRESS',1968);
INSERT INTO "Oscar" VALUES('0061722','0001566','BEST-DIRECTOR',1968);
INSERT INTO "Oscar" VALUES('0060665',NULL,'BEST-PICTURE',1967);
INSERT INTO "Oscar" VALUES('0060665','0006890','BEST-ACTOR',1967);
INSERT INTO "Oscar" VALUES('0061184','0000072','BEST-ACTRESS',1967);
INSERT INTO "Oscar" VALUES('0060424','0000527','BEST-SUPPORTING-ACTOR',1967);
INSERT INTO "Oscar" VALUES('0061184','0006800','BEST-SUPPORTING-ACTRESS',1967);
INSERT INTO "Oscar" VALUES('0060665','0003593','BEST-DIRECTOR',1967);
INSERT INTO "Oscar" VALUES('0059742',NULL,'BEST-PICTURE',1966);
INSERT INTO "Oscar" VALUES('0059017','0001511','BEST-ACTOR',1966);
INSERT INTO "Oscar" VALUES('0059084','0001046','BEST-ACTRESS',1966);
INSERT INTO "Oscar" VALUES('0059798','0000842','BEST-SUPPORTING-ACTOR',1966);
INSERT INTO "Oscar" VALUES('0059573','0001859','BEST-SUPPORTING-ACTRESS',1966);
INSERT INTO "Oscar" VALUES('0059742','0936404','BEST-DIRECTOR',1966);
INSERT INTO "Oscar" VALUES('0058385',NULL,'BEST-PICTURE',1965);
INSERT INTO "Oscar" VALUES('0058385','0001322','BEST-ACTOR',1965);
INSERT INTO "Oscar" VALUES('0058331','0000267','BEST-ACTRESS',1965);
INSERT INTO "Oscar" VALUES('0058672','0001811','BEST-SUPPORTING-ACTOR',1965);
INSERT INTO "Oscar" VALUES('0057831','0444321','BEST-SUPPORTING-ACTRESS',1965);
INSERT INTO "Oscar" VALUES('0058385','0002030','BEST-DIRECTOR',1965);
INSERT INTO "Oscar" VALUES('0057590',NULL,'BEST-PICTURE',1964);
INSERT INTO "Oscar" VALUES('0057251','0001627','BEST-ACTOR',1964);
INSERT INTO "Oscar" VALUES('0057163','0623658','BEST-ACTRESS',1964);
INSERT INTO "Oscar" VALUES('0057163','0002048','BEST-SUPPORTING-ACTOR',1964);
INSERT INTO "Oscar" VALUES('0057634','0751983','BEST-SUPPORTING-ACTRESS',1964);
INSERT INTO "Oscar" VALUES('0057590','0724798','BEST-DIRECTOR',1964);
INSERT INTO "Oscar" VALUES('0056172',NULL,'BEST-PICTURE',1963);
INSERT INTO "Oscar" VALUES('0056592','0000060','BEST-ACTOR',1963);
INSERT INTO "Oscar" VALUES('0056241','0000843','BEST-ACTRESS',1963);
INSERT INTO "Oscar" VALUES('0056541','0003225','BEST-SUPPORTING-ACTOR',1963);
INSERT INTO "Oscar" VALUES('0056241','0001157','BEST-SUPPORTING-ACTRESS',1963);
INSERT INTO "Oscar" VALUES('0056172','0000180','BEST-DIRECTOR',1963);
INSERT INTO "Oscar" VALUES('0055614',NULL,'BEST-PICTURE',1962);
INSERT INTO "Oscar" VALUES('0055031','0001703','BEST-ACTOR',1962);
INSERT INTO "Oscar" VALUES('0054749','0000047','BEST-ACTRESS',1962);
INSERT INTO "Oscar" VALUES('0055614','0001995','BEST-SUPPORTING-ACTOR',1962);
INSERT INTO "Oscar" VALUES('0055614','0001549','BEST-SUPPORTING-ACTRESS',1962);
INSERT INTO "Oscar" VALUES('0055614','0936404','BEST-DIRECTOR',1962);
INSERT INTO "Oscar" VALUES('0053604',NULL,'BEST-PICTURE',1961);
INSERT INTO "Oscar" VALUES('0053793','0000044','BEST-ACTOR',1961);
INSERT INTO "Oscar" VALUES('0053622','0000072','BEST-ACTRESS',1961);
INSERT INTO "Oscar" VALUES('0054331','0001811','BEST-SUPPORTING-ACTOR',1961);
INSERT INTO "Oscar" VALUES('0053793','0429250','BEST-SUPPORTING-ACTRESS',1961);
INSERT INTO "Oscar" VALUES('0053604','0000697','BEST-DIRECTOR',1961);
INSERT INTO "Oscar" VALUES('0052618',NULL,'BEST-PICTURE',1960);
INSERT INTO "Oscar" VALUES('0052618','0000032','BEST-ACTOR',1960);
INSERT INTO "Oscar" VALUES('0053226','0797531','BEST-ACTRESS',1960);
INSERT INTO "Oscar" VALUES('0052618','0341518','BEST-SUPPORTING-ACTOR',1960);
INSERT INTO "Oscar" VALUES('0052738','0001859','BEST-SUPPORTING-ACTRESS',1960);
INSERT INTO "Oscar" VALUES('0052618','0943758','BEST-DIRECTOR',1960);
INSERT INTO "Oscar" VALUES('0051658',NULL,'BEST-PICTURE',1959);
INSERT INTO "Oscar" VALUES('0052182','0000057','BEST-ACTOR',1959);
INSERT INTO "Oscar" VALUES('0051758','0001333','BEST-ACTRESS',1959);
INSERT INTO "Oscar" VALUES('0051411','0412322','BEST-SUPPORTING-ACTOR',1959);
INSERT INTO "Oscar" VALUES('0052182','0384908','BEST-SUPPORTING-ACTRESS',1959);
INSERT INTO "Oscar" VALUES('0051658','0591486','BEST-DIRECTOR',1959);
INSERT INTO "Oscar" VALUES('0050212',NULL,'BEST-PICTURE',1958);
INSERT INTO "Oscar" VALUES('0050212','0000027','BEST-ACTOR',1958);
INSERT INTO "Oscar" VALUES('0051077','0940946','BEST-ACTRESS',1958);
INSERT INTO "Oscar" VALUES('0050933','0000999','BEST-SUPPORTING-ACTOR',1958);
INSERT INTO "Oscar" VALUES('0050933','0880855','BEST-SUPPORTING-ACTRESS',1958);
INSERT INTO "Oscar" VALUES('0050212','0000180','BEST-DIRECTOR',1958);
INSERT INTO "Oscar" VALUES('0048960',NULL,'BEST-PICTURE',1957);
INSERT INTO "Oscar" VALUES('0049408','0000989','BEST-ACTOR',1957);
INSERT INTO "Oscar" VALUES('0048947','0000006','BEST-ACTRESS',1957);
INSERT INTO "Oscar" VALUES('0049456','0000063','BEST-SUPPORTING-ACTOR',1957);
INSERT INTO "Oscar" VALUES('0049966','0540416','BEST-SUPPORTING-ACTRESS',1957);
INSERT INTO "Oscar" VALUES('0049261','0828419','BEST-DIRECTOR',1957);
INSERT INTO "Oscar" VALUES('0048356',NULL,'BEST-PICTURE',1956);
INSERT INTO "Oscar" VALUES('0048356','0000308','BEST-ACTOR',1956);
INSERT INTO "Oscar" VALUES('0048563','0536167','BEST-ACTRESS',1956);
INSERT INTO "Oscar" VALUES('0048380','0000493','BEST-SUPPORTING-ACTOR',1956);
INSERT INTO "Oscar" VALUES('0048028','0886888','BEST-SUPPORTING-ACTRESS',1956);
INSERT INTO "Oscar" VALUES('0048356','0542720','BEST-DIRECTOR',1956);
INSERT INTO "Oscar" VALUES('0047296',NULL,'BEST-PICTURE',1955);
INSERT INTO "Oscar" VALUES('0047296','0000008','BEST-ACTOR',1955);
INSERT INTO "Oscar" VALUES('0046874','0000038','BEST-ACTRESS',1955);
INSERT INTO "Oscar" VALUES('0046754','0639529','BEST-SUPPORTING-ACTOR',1955);
INSERT INTO "Oscar" VALUES('0047296','0001693','BEST-SUPPORTING-ACTRESS',1955);
INSERT INTO "Oscar" VALUES('0047296','0001415','BEST-DIRECTOR',1955);
INSERT INTO "Oscar" VALUES('0045793',NULL,'BEST-PICTURE',1954);
INSERT INTO "Oscar" VALUES('0046359','0000034','BEST-ACTOR',1954);
INSERT INTO "Oscar" VALUES('0046250','0000030','BEST-ACTRESS',1954);
INSERT INTO "Oscar" VALUES('0045793','0000069','BEST-SUPPORTING-ACTOR',1954);
INSERT INTO "Oscar" VALUES('0045793','0001656','BEST-SUPPORTING-ACTRESS',1954);
INSERT INTO "Oscar" VALUES('0045793','0003593','BEST-DIRECTOR',1954);
INSERT INTO "Oscar" VALUES('0044672',NULL,'BEST-PICTURE',1953);
INSERT INTO "Oscar" VALUES('0044706','0000011','BEST-ACTOR',1953);
INSERT INTO "Oscar" VALUES('0044509','0095804','BEST-ACTRESS',1953);
INSERT INTO "Oscar" VALUES('0045296','0000063','BEST-SUPPORTING-ACTOR',1953);
INSERT INTO "Oscar" VALUES('0044391','0002108','BEST-SUPPORTING-ACTRESS',1953);
INSERT INTO "Oscar" VALUES('0045061','0000406','BEST-DIRECTOR',1953);
INSERT INTO "Oscar" VALUES('0043278',NULL,'BEST-PICTURE',1952);
INSERT INTO "Oscar" VALUES('0043265','0000007','BEST-ACTOR',1952);
INSERT INTO "Oscar" VALUES('0044081','0000046','BEST-ACTRESS',1952);
INSERT INTO "Oscar" VALUES('0044081','0001500','BEST-SUPPORTING-ACTOR',1952);
INSERT INTO "Oscar" VALUES('0044081','0001375','BEST-SUPPORTING-ACTRESS',1952);
INSERT INTO "Oscar" VALUES('0043924','0828419','BEST-DIRECTOR',1952);
INSERT INTO "Oscar" VALUES('0042192',NULL,'BEST-PICTURE',1951);
INSERT INTO "Oscar" VALUES('0042367','0001207','BEST-ACTOR',1951);
INSERT INTO "Oscar" VALUES('0042276','0391062','BEST-ACTRESS',1951);
INSERT INTO "Oscar" VALUES('0042192','0001695','BEST-SUPPORTING-ACTOR',1951);
INSERT INTO "Oscar" VALUES('0042546','0401449','BEST-SUPPORTING-ACTRESS',1951);
INSERT INTO "Oscar" VALUES('0042192','0000581','BEST-DIRECTOR',1951);
INSERT INTO "Oscar" VALUES('0041113',NULL,'BEST-PICTURE',1950);
INSERT INTO "Oscar" VALUES('0041113','0002024','BEST-ACTOR',1950);
INSERT INTO "Oscar" VALUES('0041452','0000014','BEST-ACTRESS',1950);
INSERT INTO "Oscar" VALUES('0041996','0415591','BEST-SUPPORTING-ACTOR',1950);
INSERT INTO "Oscar" VALUES('0041113','0564790','BEST-SUPPORTING-ACTRESS',1950);
INSERT INTO "Oscar" VALUES('0041587','0000581','BEST-DIRECTOR',1950);
INSERT INTO "Oscar" VALUES('0040416',NULL,'BEST-PICTURE',1949);
INSERT INTO "Oscar" VALUES('0040416','0000059','BEST-ACTOR',1949);
INSERT INTO "Oscar" VALUES('0040495','0943837','BEST-ACTRESS',1949);
INSERT INTO "Oscar" VALUES('0040897','0404158','BEST-SUPPORTING-ACTOR',1949);
INSERT INTO "Oscar" VALUES('0040506','0872456','BEST-SUPPORTING-ACTRESS',1949);
INSERT INTO "Oscar" VALUES('0040897','0001379','BEST-DIRECTOR',1949);
INSERT INTO "Oscar" VALUES('0039416',NULL,'BEST-PICTURE',1948);
INSERT INTO "Oscar" VALUES('0039335','0172903','BEST-ACTOR',1948);
INSERT INTO "Oscar" VALUES('0039370','0949835','BEST-ACTRESS',1948);
INSERT INTO "Oscar" VALUES('0039628','0350324','BEST-SUPPORTING-ACTOR',1948);
INSERT INTO "Oscar" VALUES('0039416','0002141','BEST-SUPPORTING-ACTRESS',1948);
INSERT INTO "Oscar" VALUES('0039416','0001415','BEST-DIRECTOR',1948);
INSERT INTO "Oscar" VALUES('0036868',NULL,'BEST-PICTURE',1947);
INSERT INTO "Oscar" VALUES('0036868','0545298','BEST-ACTOR',1947);
INSERT INTO "Oscar" VALUES('0039040','0000014','BEST-ACTRESS',1947);
INSERT INTO "Oscar" VALUES('0036868','0751174','BEST-SUPPORTING-ACTOR',1947);
INSERT INTO "Oscar" VALUES('0038873','0000879','BEST-SUPPORTING-ACTRESS',1947);
INSERT INTO "Oscar" VALUES('0036868','0943758','BEST-DIRECTOR',1947);
INSERT INTO "Oscar" VALUES('0037884',NULL,'BEST-PICTURE',1946);
INSERT INTO "Oscar" VALUES('0037884','0001537','BEST-ACTOR',1946);
INSERT INTO "Oscar" VALUES('0037913','0001076','BEST-ACTRESS',1946);
INSERT INTO "Oscar" VALUES('0038190','0007223','BEST-SUPPORTING-ACTOR',1946);
INSERT INTO "Oscar" VALUES('0037120','0720843','BEST-SUPPORTING-ACTRESS',1946);
INSERT INTO "Oscar" VALUES('0037884','0000697','BEST-DIRECTOR',1946);
INSERT INTO "Oscar" VALUES('0036872',NULL,'BEST-PICTURE',1945);
INSERT INTO "Oscar" VALUES('0036872','0001078','BEST-ACTOR',1945);
INSERT INTO "Oscar" VALUES('0036855','0000006','BEST-ACTRESS',1945);
INSERT INTO "Oscar" VALUES('0036872','0280178','BEST-SUPPORTING-ACTOR',1945);
INSERT INTO "Oscar" VALUES('0037135','0000856','BEST-SUPPORTING-ACTRESS',1945);
INSERT INTO "Oscar" VALUES('0036872','0564970','BEST-DIRECTOR',1945);
INSERT INTO "Oscar" VALUES('0034583',NULL,'BEST-PICTURE',1944);
INSERT INTO "Oscar" VALUES('0036515','0510134','BEST-ACTOR',1944);
INSERT INTO "Oscar" VALUES('0036377','0428354','BEST-ACTRESS',1944);
INSERT INTO "Oscar" VALUES('0036172','0002013','BEST-SUPPORTING-ACTOR',1944);
INSERT INTO "Oscar" VALUES('0035896','0668093','BEST-SUPPORTING-ACTRESS',1944);
INSERT INTO "Oscar" VALUES('0034583','0002031','BEST-DIRECTOR',1944);
INSERT INTO "Oscar" VALUES('0035093',NULL,'BEST-PICTURE',1943);
INSERT INTO "Oscar" VALUES('0035575','0000010','BEST-ACTOR',1943);
INSERT INTO "Oscar" VALUES('0035093','0002093','BEST-ACTRESS',1943);
INSERT INTO "Oscar" VALUES('0033774','0001336','BEST-SUPPORTING-ACTOR',1943);
INSERT INTO "Oscar" VALUES('0035093','0942863','BEST-SUPPORTING-ACTRESS',1943);
INSERT INTO "Oscar" VALUES('0035093','0943758','BEST-DIRECTOR',1943);
INSERT INTO "Oscar" VALUES('0033729',NULL,'BEST-PICTURE',1942);
INSERT INTO "Oscar" VALUES('0034167','0000011','BEST-ACTOR',1942);
INSERT INTO "Oscar" VALUES('0034248','0000021','BEST-ACTRESS',1942);
INSERT INTO "Oscar" VALUES('0033729','0187981','BEST-SUPPORTING-ACTOR',1942);
INSERT INTO "Oscar" VALUES('0033677','0000802','BEST-SUPPORTING-ACTRESS',1942);
INSERT INTO "Oscar" VALUES('0033729','0000406','BEST-DIRECTOR',1942);
INSERT INTO "Oscar" VALUES('0032976',NULL,'BEST-PICTURE',1941);
INSERT INTO "Oscar" VALUES('0032904','0000071','BEST-ACTOR',1941);
INSERT INTO "Oscar" VALUES('0032671','0001677','BEST-ACTRESS',1941);
INSERT INTO "Oscar" VALUES('0033253','0000974','BEST-SUPPORTING-ACTOR',1941);
INSERT INTO "Oscar" VALUES('0032551','0002034','BEST-SUPPORTING-ACTRESS',1941);
INSERT INTO "Oscar" VALUES('0032551','0000406','BEST-DIRECTOR',1941);
INSERT INTO "Oscar" VALUES('0031381',NULL,'BEST-PICTURE',1940);
INSERT INTO "Oscar" VALUES('0031385','0232196','BEST-ACTOR',1940);
INSERT INTO "Oscar" VALUES('0031381','0000046','BEST-ACTRESS',1940);
INSERT INTO "Oscar" VALUES('0031971','0593775','BEST-SUPPORTING-ACTOR',1940);
INSERT INTO "Oscar" VALUES('0031381','0567408','BEST-SUPPORTING-ACTRESS',1940);
INSERT INTO "Oscar" VALUES('0031381','0281808','BEST-DIRECTOR',1940);
INSERT INTO "Oscar" VALUES('0030993',NULL,'BEST-PICTURE',1939);
INSERT INTO "Oscar" VALUES('0029942','0000075','BEST-ACTOR',1939);
INSERT INTO "Oscar" VALUES('0030287','0000012','BEST-ACTRESS',1939);
INSERT INTO "Oscar" VALUES('0030317','0000974','BEST-SUPPORTING-ACTOR',1939);
INSERT INTO "Oscar" VALUES('0030287','0047810','BEST-SUPPORTING-ACTRESS',1939);
INSERT INTO "Oscar" VALUES('0030993','0001008','BEST-DIRECTOR',1939);
INSERT INTO "Oscar" VALUES('0029146',NULL,'BEST-PICTURE',1938);
INSERT INTO "Oscar" VALUES('0028691','0000075','BEST-ACTOR',1938);
INSERT INTO "Oscar" VALUES('0028944','0707023','BEST-ACTRESS',1938);
INSERT INTO "Oscar" VALUES('0029146','0771584','BEST-SUPPORTING-ACTOR',1938);
INSERT INTO "Oscar" VALUES('0029047','0103567','BEST-SUPPORTING-ACTRESS',1938);
INSERT INTO "Oscar" VALUES('0028597','0564970','BEST-DIRECTOR',1938);
INSERT INTO "Oscar" VALUES('0027698',NULL,'BEST-PICTURE',1937);
INSERT INTO "Oscar" VALUES('0028313','0612847','BEST-ACTOR',1937);
INSERT INTO "Oscar" VALUES('0027698','0707023','BEST-ACTRESS',1937);
INSERT INTO "Oscar" VALUES('0027459','0000974','BEST-SUPPORTING-ACTOR',1937);
INSERT INTO "Oscar" VALUES('0027300','0814216','BEST-SUPPORTING-ACTRESS',1937);
INSERT INTO "Oscar" VALUES('0027996','0001008','BEST-DIRECTOR',1937);
INSERT INTO "Oscar" VALUES('0026752',NULL,'BEST-PICTURE',1936);
INSERT INTO "Oscar" VALUES('0026529','0572142','BEST-ACTOR',1936);
INSERT INTO "Oscar" VALUES('0026261','0000012','BEST-ACTRESS',1936);
INSERT INTO "Oscar" VALUES('0026529','0000406','BEST-DIRECTOR',1936);
INSERT INTO "Oscar" VALUES('0025316',NULL,'BEST-PICTURE',1935);
INSERT INTO "Oscar" VALUES('0025316','0000022','BEST-ACTOR',1935);
INSERT INTO "Oscar" VALUES('0025316','0001055','BEST-ACTRESS',1935);
INSERT INTO "Oscar" VALUES('0025316','0001008','BEST-DIRECTOR',1935);
INSERT INTO "Oscar" VALUES('0023876',NULL,'BEST-PICTURE',1934);
INSERT INTO "Oscar" VALUES('0024473','0001452','BEST-ACTOR',1934);
INSERT INTO "Oscar" VALUES('0024353','0000031','BEST-ACTRESS',1934);
INSERT INTO "Oscar" VALUES('0023876','0515979','BEST-DIRECTOR',1934);
INSERT INTO "Oscar" VALUES('0022958',NULL,'BEST-PICTURE',1932);
INSERT INTO "Oscar" VALUES('0021730','0000891','BEST-ACTOR',1932);
INSERT INTO "Oscar" VALUES('0022386','0371040','BEST-ACTRESS',1932);
INSERT INTO "Oscar" VALUES('0021635','0097648','BEST-DIRECTOR',1932);
INSERT INTO "Oscar" VALUES('0021746',NULL,'BEST-PICTURE',1931);
INSERT INTO "Oscar" VALUES('0021885','0000859','BEST-ACTOR',1931);
INSERT INTO "Oscar" VALUES('0021148','0237597','BEST-ACTRESS',1931);
INSERT INTO "Oscar" VALUES('0022397','0851537','BEST-DIRECTOR',1931);
INSERT INTO "Oscar" VALUES('0019729',NULL,'BEST-PICTURE',1930);
INSERT INTO "Oscar" VALUES('0020018','0062828','BEST-ACTOR',1930);
INSERT INTO "Oscar" VALUES('0019788','0681933','BEST-ACTRESS',1930);
INSERT INTO "Oscar" VALUES('0019824','0515979','BEST-DIRECTOR',1930);
INSERT INTO "Oscar" VALUES('0018578',NULL,'BEST-PICTURE',1929);
INSERT INTO "Oscar" VALUES('0019071','0417837','BEST-ACTOR',1929);
INSERT INTO "Oscar" VALUES('0018379','0310980','BEST-ACTRESS',1929);
INSERT INTO "Oscar" VALUES('0018515','0587277','BEST-DIRECTOR',1929);
INSERT INTO "Oscar" VALUES('0018379','0097648','BEST-DIRECTOR',1929);
DROP TABLE IF EXISTS "Person";
CREATE TABLE Person (id CHAR(7) PRIMARY KEY, name VARCHAR(64), dob DATE, pob VARCHAR(128));
INSERT INTO "Person" VALUES('0000002','Lauren Bacall','1924-09-16','New York, New York, USA');
INSERT INTO "Person" VALUES('0000004','John Belushi','1949-01-24','Chicago, Illinois, USA');
INSERT INTO "Person" VALUES('0000006','Ingrid Bergman','1915-08-29','Stockholm, Sweden');
INSERT INTO "Person" VALUES('0000007','Humphrey Bogart','1899-12-25','New York, New York, USA');
INSERT INTO "Person" VALUES('0000008','Marlon Brando','1924-04-03','Omaha, Nebraska, USA');
INSERT INTO "Person" VALUES('0000009','Richard Burton','1925-11-10','Pontrhydyfen, Wales, UK');
INSERT INTO "Person" VALUES('0000010','James Cagney','1899-07-17','Yonkers, New York, USA');
INSERT INTO "Person" VALUES('0000011','Gary Cooper','1901-05-07','Helena, Montana, USA');
INSERT INTO "Person" VALUES('0000012','Bette Davis','1908-04-05','Lowell, Massachusetts, USA');
INSERT INTO "Person" VALUES('0000014','Olivia de Havilland','1916-07-01','Tokyo, Japan');
INSERT INTO "Person" VALUES('0000015','James Dean','1931-02-08','Marion, Indiana, USA');
INSERT INTO "Person" VALUES('0000017','Marlene Dietrich','1901-12-27','Schoneberg, Germany');
INSERT INTO "Person" VALUES('0000018','Kirk Douglas','1916-12-09','Amsterdam, New York, USA');
INSERT INTO "Person" VALUES('0000020','Henry Fonda','1905-05-16','Grand Island, Nebraska, USA');
INSERT INTO "Person" VALUES('0000021','Joan Fontaine','1917-10-22','Tokyo, Japan');
INSERT INTO "Person" VALUES('0000022','Clark Gable','1901-02-01','Cadiz, Ohio, USA');
INSERT INTO "Person" VALUES('0000024','John Gielgud','1904-04-14','South Kensington, London, England, UK');
INSERT INTO "Person" VALUES('0000026','Cary Grant','1904-01-18','Bristol, England, UK');
INSERT INTO "Person" VALUES('0000027','Alec Guinness','1914-04-02','Marylebone, London, England, UK');
INSERT INTO "Person" VALUES('0000028','Rita Hayworth','1918-10-17','Brooklyn, New York, USA');
INSERT INTO "Person" VALUES('0000030','Audrey Hepburn','1929-05-04','Brussels, Belgium');
INSERT INTO "Person" VALUES('0000031','Katharine Hepburn','1907-05-12','Hartford, Connecticut, USA');
INSERT INTO "Person" VALUES('0000032','Charlton Heston','1924-10-04','Evanston, Illinois, USA');
INSERT INTO "Person" VALUES('0000033','Alfred Hitchcock','1899-08-13','Leytonstone, London, England, UK');
INSERT INTO "Person" VALUES('0000034','William Holden','1918-04-17','O''Fallon, Illinois, USA');
INSERT INTO "Person" VALUES('0000037','Gene Kelly','1912-08-23','Pittsburgh, Pennsylvania, USA');
INSERT INTO "Person" VALUES('0000038','Grace Kelly','1929-11-12','Philadelphia, Pennsylvania, USA');
INSERT INTO "Person" VALUES('0000039','Deborah Kerr','1921-09-30','Helensburgh, Scotland, UK');
INSERT INTO "Person" VALUES('0000040','Stanley Kubrick','1928-07-26','Bronx, New York, USA');
INSERT INTO "Person" VALUES('0000044','Burt Lancaster','1913-11-02','New York, New York, USA');
INSERT INTO "Person" VALUES('0000046','Vivien Leigh','1913-11-05','Darjeeling, West Bengal, British India. [now India]');
INSERT INTO "Person" VALUES('0000047','Sophia Loren','1934-09-20','Pozzuoli, Italy');
INSERT INTO "Person" VALUES('0000053','Robert Mitchum','1917-08-06','Bridgeport, Connecticut, USA');
INSERT INTO "Person" VALUES('0000056','Paul Newman','1925-01-26','Shaker Heights, Ohio, USA');
INSERT INTO "Person" VALUES('0000057','David Niven','1909-03-01','London, England, UK');
INSERT INTO "Person" VALUES('0000058','Maureen O''Hara','1920-08-17','Ranelagh, County Dublin, Ireland (now Ranelagh, Dublin, Ireland)');
INSERT INTO "Person" VALUES('0000059','Laurence Olivier','1907-05-22','Dorking, Surrey, England, UK');
INSERT INTO "Person" VALUES('0000060','Gregory Peck','1916-04-05','La Jolla, California, USA');
INSERT INTO "Person" VALUES('0000061','Tyrone Power','1913-05-05','Cincinnati, Ohio, USA');
INSERT INTO "Person" VALUES('0000063','Anthony Quinn','1915-04-21','Chihuahua, Mexico');
INSERT INTO "Person" VALUES('0000064','Edward G. Robinson','1893-12-12','Bucharest, Romania');
INSERT INTO "Person" VALUES('0000069','Frank Sinatra','1915-12-12','Hoboken, New Jersey, USA');
INSERT INTO "Person" VALUES('0000071','James Stewart','1908-05-20','Indiana, Pennsylvania, USA');
INSERT INTO "Person" VALUES('0000072','Elizabeth Taylor','1932-02-27','Hampstead, London, England, UK');
INSERT INTO "Person" VALUES('0000074','Gene Tierney','1920-11-19','Brooklyn, New York, USA');
INSERT INTO "Person" VALUES('0000075','Spencer Tracy','1900-04-05','Milwaukee, Wisconsin, USA');
INSERT INTO "Person" VALUES('0000076','Francois Truffaut','1932-02-06','Paris, France');
INSERT INTO "Person" VALUES('0000078','John Wayne','1907-05-26','Winterset, Iowa, USA');
INSERT INTO "Person" VALUES('0000080','Orson Welles','1915-05-06','Kenosha, Wisconsin, USA');
INSERT INTO "Person" VALUES('0000081','Natalie Wood','1938-07-20','San Francisco, California, USA');
INSERT INTO "Person" VALUES('0000092','John Cleese','1939-10-27','Weston-Super-Mare, Somerset, England, UK');
INSERT INTO "Person" VALUES('0000093','Brad Pitt','1963-12-18','Shawnee, Oklahoma, USA');
INSERT INTO "Person" VALUES('0000095','Woody Allen','1935-12-01','Brooklyn, New York, USA');
INSERT INTO "Person" VALUES('0000098','Jennifer Aniston','1969-02-11','Sherman Oaks, California, USA');
INSERT INTO "Person" VALUES('0000099','Patricia Arquette','1968-04-08','Chicago, Illinois, USA');
INSERT INTO "Person" VALUES('0000100','Rowan Atkinson','1955-01-06','Newcastle-upon-Tyne, England, UK');
INSERT INTO "Person" VALUES('0000101','Dan Aykroyd','1952-07-01','Ottawa, Ontario, Canada');
INSERT INTO "Person" VALUES('0000102','Kevin Bacon','1958-07-08','Philadelphia, Pennsylvania, USA');
INSERT INTO "Person" VALUES('0000103','Fairuza Balk','1974-05-21','Point Reyes, California, USA');
INSERT INTO "Person" VALUES('0000104','Antonio Banderas','1960-08-10','Malaga, Spain');
INSERT INTO "Person" VALUES('0000106','Drew Barrymore','1975-02-22','Culver City, California, USA');
INSERT INTO "Person" VALUES('0000107','Kim Basinger','1953-12-08','Athens, Georgia, USA');
INSERT INTO "Person" VALUES('0000111','Matthew Broderick','1962-03-21','New York, New York, USA');
INSERT INTO "Person" VALUES('0000112','Pierce Brosnan','1953-05-16','Navan, County Meath, Ireland');
INSERT INTO "Person" VALUES('0000113','Sandra Bullock','1964-07-26','Arlington, Virginia, USA');
INSERT INTO "Person" VALUES('0000114','Steve Buscemi','1957-12-13','Brooklyn, New York, USA');
INSERT INTO "Person" VALUES('0000115','Nicolas Cage','1964-01-07','Long Beach, California, USA');
INSERT INTO "Person" VALUES('0000116','James Cameron','1954-08-14','Kapuskasing, Ontario, Canada');
INSERT INTO "Person" VALUES('0000119','Tia Carrere','1967-01-02','Honolulu, Hawaii, USA');
INSERT INTO "Person" VALUES('0000120','Jim Carrey','1962-01-17','Newmarket, Ontario, Canada');
INSERT INTO "Person" VALUES('0000121','Phoebe Cates','1963-07-16','New York, New York, USA');
INSERT INTO "Person" VALUES('0000123','George Clooney','1961-05-06','Lexington, Kentucky, USA');
INSERT INTO "Person" VALUES('0000124','Jennifer Connelly','1970-12-12','Catskill Mountains, New York, USA');
INSERT INTO "Person" VALUES('0000125','Sean Connery','1930-08-25','Edinburgh, Midlothian, Scotland, UK');
INSERT INTO "Person" VALUES('0000126','Kevin Costner','1955-01-18','Lynwood, California, USA');
INSERT INTO "Person" VALUES('0000128','Russell Crowe','1964-04-07','Wellington, North Island, New Zealand');
INSERT INTO "Person" VALUES('0000129','Tom Cruise','1962-07-03','Syracuse, New York, USA');
INSERT INTO "Person" VALUES('0000130','Jamie Lee Curtis','1958-11-22','Los Angeles, California, USA');
INSERT INTO "Person" VALUES('0000131','John Cusack','1966-06-28','Evanston, Illinois, USA');
INSERT INTO "Person" VALUES('0000132','Claire Danes','1979-04-12','New York, New York, USA');
INSERT INTO "Person" VALUES('0000133','Geena Davis','1956-01-21','Wareham, Massachusetts, USA');
INSERT INTO "Person" VALUES('0000134','Robert De Niro','1943-08-17','New York, New York, USA');
INSERT INTO "Person" VALUES('0000136','Johnny Depp','1963-06-09','Owensboro, Kentucky, USA');
INSERT INTO "Person" VALUES('0000138','Leonardo DiCaprio','1974-11-11','Hollywood, California, USA');
INSERT INTO "Person" VALUES('0000139','Cameron Diaz','1972-08-30','San Diego, California, USA');
INSERT INTO "Person" VALUES('0000140','Michael Douglas','1944-09-25','New Brunswick, New Jersey, USA');
INSERT INTO "Person" VALUES('0000142','Clint Eastwood','1930-05-31','St. Francis Hospital, San Francisco, California, USA');
INSERT INTO "Person" VALUES('0000144','Cary Elwes','1962-10-26','London, England, UK');
INSERT INTO "Person" VALUES('0000146','Ralph Fiennes','1962-12-22','Suffolk, England, UK');
INSERT INTO "Person" VALUES('0000148','Harrison Ford','1942-07-13','Chicago, Illinois, USA');
INSERT INTO "Person" VALUES('0000149','Jodie Foster','1962-11-19','Los Angeles, California, USA');
INSERT INTO "Person" VALUES('0000150','Michael J. Fox','1961-06-09','Edmonton, Alberta, Canada');
INSERT INTO "Person" VALUES('0000151','Morgan Freeman','1937-06-01','Memphis, Tennessee, USA');
INSERT INTO "Person" VALUES('0000152','Richard Gere','1949-08-31','Philadelphia, Pennsylvania, USA');
INSERT INTO "Person" VALUES('0000154','Mel Gibson','1956-01-03','Peekskill, New York, USA');
INSERT INTO "Person" VALUES('0000155','Whoopi Goldberg','1955-11-13','New York, New York, USA');
INSERT INTO "Person" VALUES('0000156','Jeff Goldblum','1952-10-22','Pittsburgh, Pennsylvania, USA');
INSERT INTO "Person" VALUES('0000157','Linda Hamilton','1956-09-26','Salisbury, Maryland, USA');
INSERT INTO "Person" VALUES('0000158','Tom Hanks','1956-07-09','Concord, California, USA');
INSERT INTO "Person" VALUES('0000160','Ethan Hawke','1970-11-06','Austin, Texas, USA');
INSERT INTO "Person" VALUES('0000163','Dustin Hoffman','1937-08-08','Los Angeles, California, USA');
INSERT INTO "Person" VALUES('0000164','Anthony Hopkins','1937-12-31','Margam, near Port Talbot, West Glamorgan, Wales, UK');
INSERT INTO "Person" VALUES('0000165','Ron Howard','1954-03-01','Duncan, Oklahoma, USA');
INSERT INTO "Person" VALUES('0000166','Helen Hunt','1963-06-15','Los Angeles, California, USA');
INSERT INTO "Person" VALUES('0000168','Samuel L. Jackson','1948-12-21','Washington, District of Columbia, USA');
INSERT INTO "Person" VALUES('0000169','Tommy Lee Jones','1946-09-15','San Saba, Texas, USA');
INSERT INTO "Person" VALUES('0000172','Harvey Keitel','1939-05-13','Brooklyn, New York, USA');
INSERT INTO "Person" VALUES('0000173','Nicole Kidman','1967-06-20','Honolulu, Hawaii, USA');
INSERT INTO "Person" VALUES('0000174','Val Kilmer','1959-12-31','Los Angeles, California, USA');
INSERT INTO "Person" VALUES('0000177','Kevin Kline','1947-10-24','St. Louis, Missouri, USA');
INSERT INTO "Person" VALUES('0000178','Diane Lane','1965-01-22','New York, New York, USA');
INSERT INTO "Person" VALUES('0000179','Jude Law','1972-12-29','Lewisham, London, England, UK');
INSERT INTO "Person" VALUES('0000180','David Lean','1908-03-25','Croydon, Surrey, England, UK');
INSERT INTO "Person" VALUES('0000184','George Lucas','1944-05-14','Modesto, California, USA');
INSERT INTO "Person" VALUES('0000188','Steve Martin','1945-08-14','Waco, Texas, USA');
INSERT INTO "Person" VALUES('0000191','Ewan McGregor','1971-03-31','Crieff, Perthshire, Scotland, UK');
INSERT INTO "Person" VALUES('0000193','Demi Moore','1962-11-11','Roswell, New Mexico, USA');
INSERT INTO "Person" VALUES('0000194','Julianne Moore','1960-12-03','Fayetteville, North Carolina, USA');
INSERT INTO "Person" VALUES('0000195','Bill Murray','1950-09-21','Wilmette, Illinois, USA');
INSERT INTO "Person" VALUES('0000196','Mike Myers','1963-05-25','Scarborough, Ontario, Canada');
INSERT INTO "Person" VALUES('0000197','Jack Nicholson','1937-04-22','Neptune, New Jersey, USA');
INSERT INTO "Person" VALUES('0000198','Gary Oldman','1958-03-21','New Cross, London, England, UK');
INSERT INTO "Person" VALUES('0000199','Al Pacino','1940-04-25','South Bronx, New York, New York, USA');
INSERT INTO "Person" VALUES('0000200','Bill Paxton','1955-05-17','Fort Worth, Texas, USA');
INSERT INTO "Person" VALUES('0000201','Michelle Pfeiffer','1958-04-29','Santa Ana, California, USA');
INSERT INTO "Person" VALUES('0000204','Natalie Portman','1981-06-09','Jerusalem, Israel');
INSERT INTO "Person" VALUES('0000206','Keanu Reeves','1964-09-02','Beirut, Lebanon');
INSERT INTO "Person" VALUES('0000207','Christina Ricci','1980-02-12','Santa Monica, California, USA');
INSERT INTO "Person" VALUES('0000209','Tim Robbins','1958-10-16','West Covina, California, USA');
INSERT INTO "Person" VALUES('0000210','Julia Roberts','1967-10-28','Smyrna, Georgia, USA');
INSERT INTO "Person" VALUES('0000213','Winona Ryder','1971-10-29','Winona, Minnesota, USA');
INSERT INTO "Person" VALUES('0000215','Susan Sarandon','1946-10-04','New York City, New York, USA');
INSERT INTO "Person" VALUES('0000216','Arnold Schwarzenegger','1947-07-30','Thal, Styria, Austria');
INSERT INTO "Person" VALUES('0000217','Martin Scorsese','1942-11-17','Queens, New York, USA');
INSERT INTO "Person" VALUES('0000218','Kristin Scott Thomas','1960-05-24','Redruth, Cornwall, England, UK');
INSERT INTO "Person" VALUES('0000221','Charlie Sheen','1965-09-03','New York, New York, USA');
INSERT INTO "Person" VALUES('0000223','Elisabeth Shue','1963-10-06','Wilmington, Delaware, USA');
INSERT INTO "Person" VALUES('0000225','Christian Slater','1969-08-18','New York, New York, USA');
INSERT INTO "Person" VALUES('0000226','Will Smith','1968-09-25','Philadelphia, Pennsylvania, USA');
INSERT INTO "Person" VALUES('0000227','Mira Sorvino','1967-09-28','Tenafly, New Jersey, USA');
INSERT INTO "Person" VALUES('0000228','Kevin Spacey','1959-07-26','South Orange, New Jersey, USA');
INSERT INTO "Person" VALUES('0000229','Steven Spielberg','1946-12-18','Cincinnati, Ohio, USA');
INSERT INTO "Person" VALUES('0000230','Sylvester Stallone','1946-07-06','New York, New York, USA');
INSERT INTO "Person" VALUES('0000231','Oliver Stone','1946-09-15','New York, New York, USA');
INSERT INTO "Person" VALUES('0000236','Jennifer Tilly','1958-09-16','Harbor City, California, USA');
INSERT INTO "Person" VALUES('0000237','John Travolta','1954-02-18','Englewood, New Jersey, USA');
INSERT INTO "Person" VALUES('0000239','Liv Tyler','1977-07-01','Portland, Maine, USA');
INSERT INTO "Person" VALUES('0000240','Skeet Ulrich','1970-01-20','Lynchburg, Virginia, USA');
INSERT INTO "Person" VALUES('0000242','Mark Wahlberg','1971-06-05','Dorchester, Massachusetts, USA');
INSERT INTO "Person" VALUES('0000243','Denzel Washington','1954-12-28','Mount Vernon, New York, USA');
INSERT INTO "Person" VALUES('0000244','Sigourney Weaver','1949-10-08','New York, New York, USA');
INSERT INTO "Person" VALUES('0000245','Robin Williams','1952-07-21','Chicago, Illinois, USA');
INSERT INTO "Person" VALUES('0000246','Bruce Willis','1955-03-19','Idar-Oberstein, West Germany');
INSERT INTO "Person" VALUES('0000247','John Woo','1946-05-01','Guangzhou, China');
INSERT INTO "Person" VALUES('0000250','Renee Zellweger','1969-04-25','Katy, Texas, USA');
INSERT INTO "Person" VALUES('0000255','Ben Affleck','1972-08-15','Berkeley, California, USA');
INSERT INTO "Person" VALUES('0000257','Alan Alda','1936-01-28','New York, New York, USA');
INSERT INTO "Person" VALUES('0000261','Karen Allen','1951-10-05','Carrollton, Illinois, USA');
INSERT INTO "Person" VALUES('0000263','Kirstie Alley','1951-01-12','Wichita, Kansas, USA');
INSERT INTO "Person" VALUES('0000267','Julie Andrews','1935-10-01','Walton-on-Thames, Surrey, England, UK');
INSERT INTO "Person" VALUES('0000270','Gabrielle Anwar','1970-02-04','Laleham, Middlesex, England, UK');
INSERT INTO "Person" VALUES('0000271','Anne Archer','1947-08-25','Los Angeles, California, USA');
INSERT INTO "Person" VALUES('0000276','Sean Astin','1971-02-25','Santa Monica, California, USA');
INSERT INTO "Person" VALUES('0000277','Richard Attenborough','1923-08-29','Cambridge, Cambridgeshire, England, UK');
INSERT INTO "Person" VALUES('0000278','Pernilla August','1958-02-13','Stockholm, Sweden');
INSERT INTO "Person" VALUES('0000279','Hank Azaria','1964-04-25','Queens, New York, USA');
INSERT INTO "Person" VALUES('0000285','Alec Baldwin','1958-04-03','Massapequa, Long Island, New York, USA');
INSERT INTO "Person" VALUES('0000286','Stephen Baldwin','1966-05-12','Massapequa, Long Island, New York, USA');
INSERT INTO "Person" VALUES('0000288','Christian Bale','1974-01-30','Haverfordwest, Pembrokeshire, Wales, UK');
INSERT INTO "Person" VALUES('0000289','Ellen Barkin','1954-04-16','New York, New York, USA');
INSERT INTO "Person" VALUES('0000293','Sean Bean','1959-04-17','Sheffield, Yorkshire, England, UK');
INSERT INTO "Person" VALUES('0000295','Kate Beckinsale','1973-07-26','London, England, UK');
INSERT INTO "Person" VALUES('0000297','Tom Berenger','1949-05-31','Chicago, Illinois, USA');
INSERT INTO "Person" VALUES('0000298','Candice Bergen','1946-05-09','Beverly Hills, Los Angeles, California, USA');
INSERT INTO "Person" VALUES('0000300','Juliette Binoche','1964-03-09','Paris, France');
INSERT INTO "Person" VALUES('0000301','Thora Birch','1982-03-11','Los Angeles, California, USA');
INSERT INTO "Person" VALUES('0000302','Jacqueline Bisset','1944-09-13','Weybridge, Surrey, England, UK');
INSERT INTO "Person" VALUES('0000306','Brian Blessed','1937-10-09','Mexborough, Yorkshire, England, UK');
INSERT INTO "Person" VALUES('0000307','Helena Bonham Carter','1966-05-26','Golders Green, London, England, UK');
INSERT INTO "Person" VALUES('0000308','Ernest Borgnine','1917-01-24','Hamden, Connecticut, USA');
INSERT INTO "Person" VALUES('0000313','Jeff Bridges','1949-12-04','Los Angeles, California, USA');
INSERT INTO "Person" VALUES('0000318','Tim Burton','1958-08-25','Burbank, California, USA');
INSERT INTO "Person" VALUES('0000321','Gabriel Byrne','1950-05-12','Dublin, Ireland');
INSERT INTO "Person" VALUES('0000322','Emmanuelle Beart','1965-08-14','St. Tropez, Var, Provence-Alpes-Cote d''Azur, France');
INSERT INTO "Person" VALUES('0000329','Jackie Chan','1954-04-07','Hong Kong');
INSERT INTO "Person" VALUES('0000330','Stockard Channing','1944-02-13','New York, New York, USA');
INSERT INTO "Person" VALUES('0000333','Cher','1946-05-20','El Centro, California, USA');
INSERT INTO "Person" VALUES('0000332','Don Cheadle','1964-11-29','Kansas City, Missouri, USA');
INSERT INTO "Person" VALUES('0000334','Yun-Fat Chow','1955-05-18','Lamma Island, Hong Kong');
INSERT INTO "Person" VALUES('0000335','Glenn Close','1947-03-19','Greenwich, Connecticut, USA');
INSERT INTO "Person" VALUES('0000336','James Coburn','1928-08-31','Laurel, Nebraska, USA');
INSERT INTO "Person" VALUES('0000338','Francis Ford Coppola','1939-04-07','Detroit, Michigan, USA');
INSERT INTO "Person" VALUES('0000342','James Cromwell','1940-01-27','Los Angeles, California, USA');
INSERT INTO "Person" VALUES('0000345','Billy Crystal','1947-03-14','Long Beach, Long Island, New York, USA');
INSERT INTO "Person" VALUES('0000346','Macaulay Culkin','1980-08-26','New York, New York, USA');
INSERT INTO "Person" VALUES('0000347','Tim Curry','1946-04-19','Grappnhall, Cheshire, England, UK');
INSERT INTO "Person" VALUES('0000349','Joan Cusack','1962-10-11','New York, USA');
INSERT INTO "Person" VALUES('0000352','Vincent D''Onofrio','1959-06-30','Brooklyn, New York, USA');
INSERT INTO "Person" VALUES('0000353','Willem Dafoe','1955-07-22','Appleton, Wisconsin, USA');
INSERT INTO "Person" VALUES('0000354','Matt Damon','1970-10-08','Cambridge, Massachusetts, USA');
INSERT INTO "Person" VALUES('0000355','Anthony Daniels','1946-02-21','Salisbury, Wiltshire, England, UK');
INSERT INTO "Person" VALUES('0000358','Daniel Day-Lewis','1957-04-29','London, England, UK');
INSERT INTO "Person" VALUES('0000360','Rebecca De Mornay','1962-08-29','Santa Rosa, California, USA');
INSERT INTO "Person" VALUES('0000361','Brian De Palma','1940-09-11','Newark, New Jersey, USA');
INSERT INTO "Person" VALUES('0000362','Danny DeVito','1944-11-17','Neptune, New Jersey, USA');
INSERT INTO "Person" VALUES('0000368','Laura Dern','1967-02-10','Los Angeles, California, USA');
INSERT INTO "Person" VALUES('0000369','Matt Dillon','1964-02-18','New Rochelle, New York, USA');
INSERT INTO "Person" VALUES('0000377','Richard Dreyfuss','1947-10-29','Brooklyn, New York, USA');
INSERT INTO "Person" VALUES('0000378','Minnie Driver','1970-01-31','London, England, UK');
INSERT INTO "Person" VALUES('0000379','Kirsten Dunst','1982-04-30','Point Pleasant, New Jersey, USA');
INSERT INTO "Person" VALUES('0000380','Robert Duvall','1931-01-05','San Diego, California, USA');
INSERT INTO "Person" VALUES('0000381','Anthony Edwards','1962-07-19','Santa Barbara, California, USA');
INSERT INTO "Person" VALUES('0000385','Sam Elliott','1944-08-09','Sacramento, California, USA');
INSERT INTO "Person" VALUES('0000386','Roland Emmerich','1955-11-10','Stuttgart, Baden-Wurttemberg, Germany');
INSERT INTO "Person" VALUES('0000388','R. Lee Ermey','1944-03-24','Emporia, Kansas, USA');
INSERT INTO "Person" VALUES('0000398','Sally Field','1946-11-06','Pasadena, California, USA');
INSERT INTO "Person" VALUES('0000400','Linda Fiorentino','1960-03-09','Philadelphia, Pennsylvania, USA');
INSERT INTO "Person" VALUES('0000401','Laurence Fishburne','1961-07-30','Augusta, Georgia, USA');
INSERT INTO "Person" VALUES('0000402','Carrie Fisher','1956-10-21','Beverly Hills, Los Angeles, California, USA');
INSERT INTO "Person" VALUES('0000404','Jane Fonda','1937-12-21','New York, New York, USA');
INSERT INTO "Person" VALUES('0000406','John Ford','1894-02-01','Cape Elizabeth, Maine, USA');
INSERT INTO "Person" VALUES('0000409','Brendan Fraser','1968-12-03','Indianapolis, Indiana, USA');
INSERT INTO "Person" VALUES('0000411','Edward Furlong','1977-08-02','Pasadena, California, USA');
INSERT INTO "Person" VALUES('0000412','Andy Garcia','1956-04-12','Havana, Cuba');
INSERT INTO "Person" VALUES('0000414','Teri Garr','1949-12-11','Lakewood, Ohio, USA');
INSERT INTO "Person" VALUES('0000415','Jami Gertz','1965-10-28','Chicago, Illinois, USA');
INSERT INTO "Person" VALUES('0000416','Terry Gilliam','1940-11-22','Minneapolis, Minnesota, USA');
INSERT INTO "Person" VALUES('0000417','Crispin Glover','1964-04-20','New York, New York, USA');
INSERT INTO "Person" VALUES('0000418','Danny Glover','1946-07-22','San Francisco, California, USA');
INSERT INTO "Person" VALUES('0000420','Valeria Golino','1966-10-22','Naples, Campania, Italy');
INSERT INTO "Person" VALUES('0000421','Cuba Gooding Jr.','1968-01-02','The Bronx, New York, USA');
INSERT INTO "Person" VALUES('0000422','John Goodman','1952-06-20','St. Louis, Missouri, USA');
INSERT INTO "Person" VALUES('0000430','Steve Guttenberg','1958-08-24','New York, New York, USA');
INSERT INTO "Person" VALUES('0000431','Taylor Hackford','1944-12-31','Santa Barbara, California, USA');
INSERT INTO "Person" VALUES('0000432','Gene Hackman','1930-01-30','San Bernardino, California, USA');
INSERT INTO "Person" VALUES('0000434','Mark Hamill','1951-09-25','Oakland, California, USA');
INSERT INTO "Person" VALUES('0000436','Curtis Hanson','1945-03-24','Reno, Nevada, USA');
INSERT INTO "Person" VALUES('0000438','Ed Harris','1950-11-28','Englewood, New Jersey, USA');
INSERT INTO "Person" VALUES('0000443','Goldie Hawn','1945-11-21','Washington, District of Columbia, USA');
INSERT INTO "Person" VALUES('0000450','Philip Seymour Hoffman','1967-07-23','Fairport, New York, USA');
INSERT INTO "Person" VALUES('0000452','Lauren Holly','1963-10-28','Bristol, Pennsylvania, USA');
INSERT INTO "Person" VALUES('0000456','Holly Hunter','1958-03-20','Conyers, Georgia, USA');
INSERT INTO "Person" VALUES('0000458','William Hurt','1950-03-20','Washington, District of Columbia, USA');
INSERT INTO "Person" VALUES('0000459','Timothy Hutton','1960-08-16','Malibu, California, USA');
INSERT INTO "Person" VALUES('0000460','Jeremy Irons','1948-09-19','Cowes, Isle of Wight, England, UK');
INSERT INTO "Person" VALUES('0000463','Famke Janssen','1965-11-05','Amsterdam, Noord-Holland, Netherlands');
INSERT INTO "Person" VALUES('0000469','James Earl Jones','1931-01-17','Arkabutla, Mississippi, USA');
INSERT INTO "Person" VALUES('0000470','Jeffrey Jones','1947-09-28','Buffalo, New York, USA');
INSERT INTO "Person" VALUES('0000471','Raul Julia','1940-03-09','San Juan, Puerto Rico');
INSERT INTO "Person" VALUES('0000473','Diane Keaton','1946-01-05','Los Angeles, California, USA');
INSERT INTO "Person" VALUES('0000474','Michael Keaton','1951-09-05','Coraopolis, Pennsylvania, USA');
INSERT INTO "Person" VALUES('0000480','Elias Koteas','1961-03-11','Montreal, Quebec, Canada');
INSERT INTO "Person" VALUES('0000484','John Landis','1950-08-03','Chicago, Illinois, USA');
INSERT INTO "Person" VALUES('0000487','Ang Lee','1954-10-23','Pingtung, Taiwan');
INSERT INTO "Person" VALUES('0000489','Christopher Lee','1922-05-27','Belgravia, London, England, UK');
INSERT INTO "Person" VALUES('0000491','John Leguizamo','1964-07-22','Bogota, Colombia');
INSERT INTO "Person" VALUES('0000493','Jack Lemmon','1925-02-08','Newton, Massachusetts, USA');
INSERT INTO "Person" VALUES('0000495','Tea Leoni','1966-02-25','New York, New York, USA');
INSERT INTO "Person" VALUES('0000498','Matthew Lillard','1970-01-24','Lansing, Michigan, USA');
INSERT INTO "Person" VALUES('0000501','Ray Liotta','1955-12-18','Newark, New Jersey, USA');
INSERT INTO "Person" VALUES('0000502','Christopher Lloyd','1938-10-22','Stamford, Connecticut, USA');
INSERT INTO "Person" VALUES('0000504','Amy Locane','1971-12-19','Trenton, New Jersey, USA');
INSERT INTO "Person" VALUES('0000506','Julia Louis-Dreyfus','1961-01-13','New York, New York, USA');
INSERT INTO "Person" VALUES('0000507','Rob Lowe','1964-03-17','Charlottesville, Virginia, USA');
INSERT INTO "Person" VALUES('0000511','Shirley MacLaine','1934-04-24','Richmond, Virginia, USA');
INSERT INTO "Person" VALUES('0000513','William H. Macy','1950-03-13','Miami, Florida, USA');
INSERT INTO "Person" VALUES('0000518','John Malkovich','1953-12-09','Christopher, Illinois, USA');
INSERT INTO "Person" VALUES('0000527','Walter Matthau','1920-10-01','New York City, New York, USA');
INSERT INTO "Person" VALUES('0000531','Frances McDormand','1957-06-23','Chicago, Illinois, USA');
INSERT INTO "Person" VALUES('0000534','Kelly McGillis','1957-07-09','Newport Beach, California, USA');
INSERT INTO "Person" VALUES('0000547','Alfred Molina','1953-05-24','London, England, UK');
INSERT INTO "Person" VALUES('0000552','Eddie Murphy','1961-04-03','Brooklyn, New York, USA');
INSERT INTO "Person" VALUES('0000553','Liam Neeson','1952-06-07','Ballymena, Co. Antrim, Northern Ireland, UK');
INSERT INTO "Person" VALUES('0000554','Sam Neill','1947-09-14','Omagh, Co. Tyrone, Northern Ireland, UK');
INSERT INTO "Person" VALUES('0000556','Olivia Newton-John','1948-09-26','Cambridge, Cambridgeshire, England, UK');
INSERT INTO "Person" VALUES('0000557','Brigitte Nielsen','1963-07-15','Rodovre, Denmark');
INSERT INTO "Person" VALUES('0000559','Leonard Nimoy','1931-03-26','Boston, Massachusetts, USA');
INSERT INTO "Person" VALUES('0000560','Nick Nolte','1941-02-08','Omaha, Nebraska, USA');
INSERT INTO "Person" VALUES('0000563','Chris O''Donnell','1970-06-26','Winnetka, Illinois, USA');
INSERT INTO "Person" VALUES('0000564','Peter O''Toole','1932-08-02','Connemara, County Galway, Ireland');
INSERT INTO "Person" VALUES('0000569','Gwyneth Paltrow','1972-09-28','Los Angeles, California, USA');
INSERT INTO "Person" VALUES('0000572','Sarah Jessica Parker','1965-03-25','Nelsonville, Ohio, USA');
INSERT INTO "Person" VALUES('0000576','Sean Penn','1960-08-17','Santa Monica, California, USA');
INSERT INTO "Person" VALUES('0000581','Joseph L. Mankiewicz','1909-02-11','Wilkes-Barre, Pennsylvania, USA');
INSERT INTO "Person" VALUES('0000582','Joe Pesci','1943-02-09','Newark, New Jersey, USA');
INSERT INTO "Person" VALUES('0000583','Wolfgang Petersen','1941-03-14','Emden, Lower Saxony, Germany');
INSERT INTO "Person" VALUES('0000586','Jada Pinkett Smith','1971-09-18','Baltimore, Maryland, USA');
INSERT INTO "Person" VALUES('0000591','Roman Polanski','1933-08-18','Paris, France');
INSERT INTO "Person" VALUES('0000592','Pete Postlethwaite','1945-02-07','Warrington, Cheshire, England, UK');
INSERT INTO "Person" VALUES('0000593','Kelly Preston','1962-10-13','Honolulu, Hawaii, USA');
INSERT INTO "Person" VALUES('0000597','Bill Pullman','1953-12-17','Hornell, New York, USA');
INSERT INTO "Person" VALUES('0000598','Dennis Quaid','1954-04-09','Houston, Texas, USA');
INSERT INTO "Person" VALUES('0000600','Sam Raimi','1959-10-23','Franklin, Michigan, USA');
INSERT INTO "Person" VALUES('0000601','Harold Ramis','1944-11-21','Chicago, Illinois, USA');
INSERT INTO "Person" VALUES('0000602','Robert Redford','1937-08-18','Santa Monica, California, USA');
INSERT INTO "Person" VALUES('0000603','Vanessa Redgrave','1937-01-30','London, England, UK');
INSERT INTO "Person" VALUES('0000604','John C. Reilly','1965-05-24','Chicago, Illinois, USA');
INSERT INTO "Person" VALUES('0000606','Jean Reno','1948-07-30','Casablanca, Morocco');
INSERT INTO "Person" VALUES('0000608','Burt Reynolds','1936-02-11','Waycross, Georgia, USA');
INSERT INTO "Person" VALUES('0000609','Ving Rhames','1959-05-12','New York, New York, USA');
INSERT INTO "Person" VALUES('0000613','Joely Richardson','1965-01-09','London, England, UK');
INSERT INTO "Person" VALUES('0000614','Alan Rickman','1946-02-21','Hammersmith, London, England, UK');
INSERT INTO "Person" VALUES('0000619','Tim Roth','1961-05-14','London, England, UK');
INSERT INTO "Person" VALUES('0000623','Rene Russo','1954-02-17','Burbank, California, USA');
INSERT INTO "Person" VALUES('0000624','Laura San Giacomo','1962-11-14','West Orange or Hoboken, New Jersey, USA');
INSERT INTO "Person" VALUES('0000631','Ridley Scott','1937-11-30','South Shields, Tyne and Wear, England, UK');
INSERT INTO "Person" VALUES('0000633','Tom Selleck','1945-01-29','Detroit, Michigan, USA');
INSERT INTO "Person" VALUES('0000634','Peter Sellers','1925-09-08','Southsea, Hampshire, England, UK');
INSERT INTO "Person" VALUES('0000640','Martin Sheen','1940-08-03','Dayton, Ohio, USA');
INSERT INTO "Person" VALUES('0000641','Gary Sinise','1955-03-17','Blue Island, Illinois, USA');
INSERT INTO "Person" VALUES('0000643','Tom Skerritt','1933-08-25','Detroit, Michigan, USA');
INSERT INTO "Person" VALUES('0000644','Helen Slater','1963-12-15','Massapequa, Long Island, New York, USA');
INSERT INTO "Person" VALUES('0000649','Paul Sorvino','1939-04-13','Brooklyn, New York, USA');
INSERT INTO "Person" VALUES('0000651','Sissy Spacek','1949-12-25','Quitman, Texas, USA');
INSERT INTO "Person" VALUES('0000658','Meryl Streep','1949-06-22','Summit, New Jersey, USA');
INSERT INTO "Person" VALUES('0000659','Barbra Streisand','1942-04-24','Brooklyn, New York, USA');
INSERT INTO "Person" VALUES('0000661','Donald Sutherland','1935-07-17','Saint John, New Brunswick, Canada');
INSERT INTO "Person" VALUES('0000662','Kiefer Sutherland','1966-12-21','London, England, UK');
INSERT INTO "Person" VALUES('0000664','Patrick Swayze','1952-08-18','Houston, Texas, USA');
INSERT INTO "Person" VALUES('0000665','D.B. Sweeney','1961-11-14','Shoreham, New York, USA');
INSERT INTO "Person" VALUES('0000668','Emma Thompson','1959-04-15','Paddington, London, England, UK');
INSERT INTO "Person" VALUES('0000670','Lea Thompson','1961-05-31','Rochester, Minnesota, USA');
INSERT INTO "Person" VALUES('0000671','Billy Bob Thornton','1955-08-04','Hot Springs, Arkansas, USA');
INSERT INTO "Person" VALUES('0000673','Marisa Tomei','1964-12-04','Brooklyn, New York, USA');
INSERT INTO "Person" VALUES('0000675','Jeanne Tripplehorn','1963-06-10','Tulsa, Oklahoma, USA');
INSERT INTO "Person" VALUES('0000676','Chris Tucker','1972-08-31','Atlanta, Georgia, USA');
INSERT INTO "Person" VALUES('0000678','Kathleen Turner','1954-06-19','Springfield, Missouri, USA');
INSERT INTO "Person" VALUES('0000681','Vince Vaughn','1970-03-28','Minneapolis, Minnesota, USA');
INSERT INTO "Person" VALUES('0000685','Jon Voight','1938-12-29','Yonkers, New York, USA');
INSERT INTO "Person" VALUES('0000686','Christopher Walken','1943-03-31','Queens, New York, USA');
INSERT INTO "Person" VALUES('0000688','Sela Ward','1956-07-11','Meridian, Mississippi, USA');
INSERT INTO "Person" VALUES('0000697','Billy Wilder','1906-06-22','Sucha, Austria-Hungary. [now in Poland]');
INSERT INTO "Person" VALUES('0000700','Debra Winger','1955-05-16','Cleveland Heights, Ohio, USA');
INSERT INTO "Person" VALUES('0000701','Kate Winslet','1975-10-05','Reading, Berkshire, England, UK');
INSERT INTO "Person" VALUES('0000702','Reese Witherspoon','1976-03-22','Baton Rouge, Louisiana, USA');
INSERT INTO "Person" VALUES('0000704','Elijah Wood','1981-01-28','Cedar Rapids, Iowa, USA');
INSERT INTO "Person" VALUES('0000705','Robin Wright Penn','1966-04-08','Dallas, Texas, USA');
INSERT INTO "Person" VALUES('0000706','Michelle Yeoh','1962-08-06','Ipoh, Perak, Malaysia');
INSERT INTO "Person" VALUES('0000708','Billy Zane','1966-02-24','Chicago, Illinois, USA');
INSERT INTO "Person" VALUES('0000709','Robert Zemeckis','1952-05-14','Chicago, Illinois, USA');
INSERT INTO "Person" VALUES('0000716','Paula Abdul','1962-06-19','San Fernando, California, USA');
INSERT INTO "Person" VALUES('0000719','F. Murray Abraham','1939-10-24','Pittsburgh, Pennsylvania, USA');
INSERT INTO "Person" VALUES('0000722','Joss Ackland','1928-02-29','North Kensington, London, England, UK');
INSERT INTO "Person" VALUES('0000725','Joey Lauren Adams','1971-01-06','Little Rock, Arkansas, USA');
INSERT INTO "Person" VALUES('0000732','Danny Aiello','1933-06-20','Brooklyn, New York, USA');
INSERT INTO "Person" VALUES('0000734','Eddie Albert','1908-04-22','Rock Island, Illinois, USA');
INSERT INTO "Person" VALUES('0000737','Jane Alexander','1939-10-28','Boston, Massachusetts, USA');
INSERT INTO "Person" VALUES('0000741','Tim Allen','1953-06-13','Denver, Colorado, USA');
INSERT INTO "Person" VALUES('0000747','Don Ameche','1908-05-31','Kenosha, Wisconsin, USA');
INSERT INTO "Person" VALUES('0000752','Judith Anderson','1897-02-10','Adelaide, South Australia, Australia');
INSERT INTO "Person" VALUES('0000763','Dana Andrews','1909-01-01','Covington County, Mississippi, USA');
INSERT INTO "Person" VALUES('0000776','Michael Apted','1941-02-10','Aylesbury, Buckinghamshire, England, UK');
INSERT INTO "Person" VALUES('0000781','Eve Arden','1908-04-30','Mill Valley, California, USA');
INSERT INTO "Person" VALUES('0000782','Asia Argento','1975-09-20','Rome, Italy');
INSERT INTO "Person" VALUES('0000792','Tom Arnold','1959-03-06','Ottumwa, Iowa, USA');
INSERT INTO "Person" VALUES('0000795','Jean Arthur','1900-10-17','Plattsburg, New York, USA');
INSERT INTO "Person" VALUES('0000797','Hal Ashby','1929-09-02','Ogden, Utah, USA');
INSERT INTO "Person" VALUES('0000799','Edward Asner','1929-11-15','Kansas City, Kansas, USA');
INSERT INTO "Person" VALUES('0000802','Mary Astor','1906-05-03','Quincy, Illinois, USA');
INSERT INTO "Person" VALUES('0000814','John G. Avildsen','1935-12-21','Oak Park, Illinois, USA');
INSERT INTO "Person" VALUES('0000817','Lew Ayres','1908-12-28','Minneapolis, Minnesota, USA');
INSERT INTO "Person" VALUES('0000824','John Badham','1939-08-25','Luton, Bedfordshire, England, UK');
INSERT INTO "Person" VALUES('0000825','Mary Badham','1952-10-07','Birmingham, Alabama, USA');
INSERT INTO "Person" VALUES('0000837','Bob Balaban','1945-08-16','Chicago, Illinois, USA');
INSERT INTO "Person" VALUES('0000842','Martin Balsam','1914-11-04','The Bronx, New York, USA');
INSERT INTO "Person" VALUES('0000843','Anne Bancroft','1931-09-17','The Bronx, New York, USA');
INSERT INTO "Person" VALUES('0000855','Raymond J. Barry','1939-03-14','Hempstead, Long Island, New York, USA');
INSERT INTO "Person" VALUES('0000856','Ethel Barrymore','1879-08-15','Philadelphia, Pennsylvania, USA');
INSERT INTO "Person" VALUES('0000858','John Barrymore','1882-02-14','Philadelphia, Pennsylvania, USA');
INSERT INTO "Person" VALUES('0000859','Lionel Barrymore','1878-04-28','Philadelphia, Pennsylvania, USA');
INSERT INTO "Person" VALUES('0000861','Freddie Bartholomew','1924-03-28','Dublin, Ireland');
INSERT INTO "Person" VALUES('0000869','Alan Bates','1934-02-17','Allestree, Derbyshire, England, UK');
INSERT INTO "Person" VALUES('0000870','Kathy Bates','1948-06-28','Memphis, Tennessee, USA');
INSERT INTO "Person" VALUES('0000879','Anne Baxter','1923-05-07','Michigan City, Indiana, USA');
INSERT INTO "Person" VALUES('0000881','Michael Bay','1965-02-17','Los Angeles, California, USA');
INSERT INTO "Person" VALUES('0000882','Nathalie Baye','1948-07-06','Mainneville, France');
INSERT INTO "Person" VALUES('0000885','Ned Beatty','1937-07-06','Louisville, Kentucky, USA');
INSERT INTO "Person" VALUES('0000886','Warren Beatty','1937-03-30','Richmond, Virginia, USA');
INSERT INTO "Person" VALUES('0000891','Wallace Beery','1885-04-01','Kansas City, Missouri, USA');
INSERT INTO "Person" VALUES('0000897','Ralph Bellamy','1904-06-17','Chicago, Illinois, USA');
INSERT INTO "Person" VALUES('0000899','Monica Bellucci','1964-09-30','Citta di Castello, Perugia, Italy');
INSERT INTO "Person" VALUES('0000901','Jean-Paul Belmondo','1933-04-09','Neuilly-sur-Seine, Hauts-de-Seine, France');
INSERT INTO "Person" VALUES('0000905','Roberto Benigni','1952-10-27','Misericordia, Arezzo, Tuscany, Italy');
INSERT INTO "Person" VALUES('0000906','Annette Bening','1958-05-29','Topeka, Kansas, USA');
INSERT INTO "Person" VALUES('0000907','Richard Benjamin','1938-05-22','New York, New York, USA');
INSERT INTO "Person" VALUES('0000913','Robby Benson','1956-01-21','Dallas, Texas, USA');
INSERT INTO "Person" VALUES('0000914','Robert Benton','1932-09-29','Waxahachie, Texas, USA');
INSERT INTO "Person" VALUES('0000915','Bruce Beresford','1940-08-16','Sydney, New South Wales, Australia');
INSERT INTO "Person" VALUES('0000925','Steven Berkoff','1937-08-03','London, England, UK');
INSERT INTO "Person" VALUES('0000931','Elizabeth Berridge','1962-05-02','Westchester, New York, USA');
INSERT INTO "Person" VALUES('0000932','Halle Berry','1966-08-14','Cleveland, Ohio, USA');
INSERT INTO "Person" VALUES('0000934','Bernardo Bertolucci','1940-03-16','Parma, Emilia-Romagna, Italy');
INSERT INTO "Person" VALUES('0000937','Richard Beymer','1938-02-20','Avoca, Iowa, USA');
INSERT INTO "Person" VALUES('0000942','Theodore Bikel','1924-05-02','Vienna, Austria');
INSERT INTO "Person" VALUES('0000946','Whit Bissell','1909-10-25','New York, New York, USA');
INSERT INTO "Person" VALUES('0000949','Cate Blanchett','1969-05-14','Melbourne, Victoria, Australia');
INSERT INTO "Person" VALUES('0000951','Joan Blondell','1906-08-30','New York, New York, USA');
INSERT INTO "Person" VALUES('0000953','Peter Bogdanovich','1939-07-30','Kingston, New York, USA');
INSERT INTO "Person" VALUES('0000955','Ward Bond','1903-04-09','Benkelman, Nebraska, USA');
INSERT INTO "Person" VALUES('0000957','Jan de Bont','1943-10-22','Eindhoven, Noord-Brabant, Netherlands');
INSERT INTO "Person" VALUES('0000959','Powers Boothe','1949-06-01','Snyder, Texas, USA');
INSERT INTO "Person" VALUES('0000960','Barry Bostwick','1946-02-24','San Mateo, California, USA');
INSERT INTO "Person" VALUES('0000961','Timothy Bottoms','1951-08-30','Santa Barbara, California, USA');
INSERT INTO "Person" VALUES('0000963','Stephen Boyd','1931-07-04','Glengormley, Northern Ireland, UK');
INSERT INTO "Person" VALUES('0000964','Charles Boyer','1897-08-28','Figeac, Lot, Midi-Pyrenees, France');
INSERT INTO "Person" VALUES('0000966','Lorraine Bracco','1949-10-02','Bay Ridge, Brooklyn, New York, USA');
INSERT INTO "Person" VALUES('0000968','Sonia Braga','1950-06-08','Maringa, Parana, Brazil');
INSERT INTO "Person" VALUES('0000971','Nicoletta Braschi','1960-08-10','Cesena, Italy');
INSERT INTO "Person" VALUES('0000974','Walter Brennan','1894-07-25','Swampscott, Massachusetts, USA');
INSERT INTO "Person" VALUES('0000976','Martin Brest','1951-08-08','The Bronx, New York, New York, USA');
INSERT INTO "Person" VALUES('0000977','Beau Bridges','1941-12-09','Hollywood, California, USA');
INSERT INTO "Person" VALUES('0000978','Lloyd Bridges','1913-01-15','San Leandro, California, USA');
INSERT INTO "Person" VALUES('0000979','Wilford Brimley','1924-09-27','Salt Lake City, Utah, USA');
INSERT INTO "Person" VALUES('0000980','Jim Broadbent','1949-05-24','Lincoln, Lincolnshire, England, UK');
INSERT INTO "Person" VALUES('0000983','Albert Brooks','1947-07-22','Beverly Hills, Los Angeles, California, USA');
INSERT INTO "Person" VALUES('0000985','James L. Brooks','1940-05-09','North Bergen, New Jersey, USA');
INSERT INTO "Person" VALUES('0000989','Yul Brynner','1915-07-07','Vladivostock, Czarist Russia (now Vladivostock, Russia)');
INSERT INTO "Person" VALUES('0000990','Betty Buckley','1947-07-03','Fort Worth, Texas, USA');
INSERT INTO "Person" VALUES('0000995','Ellen Burstyn','1932-12-07','Detroit, Michigan, USA');
INSERT INTO "Person" VALUES('0000999','Red Buttons','1919-02-05','New York, New York, USA');
INSERT INTO "Person" VALUES('0001001','James Caan','1939-03-26','The Bronx, New York, USA');
INSERT INTO "Person" VALUES('0001003','Simon Callow','1949-06-13','London, England, UK');
INSERT INTO "Person" VALUES('0001005','Jane Campion','1954-04-30','Wellington, New Zealand');
INSERT INTO "Person" VALUES('0001008','Frank Capra','1897-05-18','Bisacquino, Sicily, Italy');
INSERT INTO "Person" VALUES('0001009','Kate Capshaw','1953-11-03','Fort Worth, Texas, USA');
INSERT INTO "Person" VALUES('0001017','John Carradine','1906-02-05','New York, New York, USA');
INSERT INTO "Person" VALUES('0001019','Robert Carradine','1954-03-24','Hollywood, California, USA');
INSERT INTO "Person" VALUES('0001023','John Cassavetes','1929-12-09','New York, New York, USA');
INSERT INTO "Person" VALUES('0001026','Joanna Cassidy','1945-08-02','Haddonfield, New Jersey, USA');
INSERT INTO "Person" VALUES('0001029','James Caviezel','1968-09-26','Mount Vernon, Washington, USA');
INSERT INTO "Person" VALUES('0001030','John Cazale','1935-08-12','Boston, Massachusetts, USA');
INSERT INTO "Person" VALUES('0001040','Joan Chen','1961-04-26','Shanghai, China');
INSERT INTO "Person" VALUES('0001046','Julie Christie','1941-04-14','Chabua, Assam, India');
INSERT INTO "Person" VALUES('0001047','Michael Cimino','1939-02-03','New York, New York, USA');
INSERT INTO "Person" VALUES('0001050','Montgomery Clift','1920-10-17','Omaha, Nebraska, USA');
INSERT INTO "Person" VALUES('0001054','Joel Coen','1954-11-29','Minneapolis, Minnesota, USA');
INSERT INTO "Person" VALUES('0001055','Claudette Colbert','1903-09-13','Paris, France');
INSERT INTO "Person" VALUES('0001056','Dabney Coleman','1932-01-03','Austin, Texas, USA');
INSERT INTO "Person" VALUES('0001057','Toni Collette','1972-11-01','Sydney, New South Wales, Australia');
INSERT INTO "Person" VALUES('0001059','Robbie Coltrane','1950-03-30','Rutherglen, Scotland, UK');
INSERT INTO "Person" VALUES('0001060','Chris Columbus','1958-09-10','Spangler, Pennsylvania, USA');
INSERT INTO "Person" VALUES('0001063','Jeff Conaway','1950-10-05','New York, New York, USA');
INSERT INTO "Person" VALUES('0001069','Bud Cort','1948-03-29','New Rochelle, New York, USA');
INSERT INTO "Person" VALUES('0001072','Joseph Cotten','1905-05-15','Petersburg, Virginia, USA');
INSERT INTO "Person" VALUES('0001074','Ronny Cox','1938-07-23','Cloudcroft, New Mexico, USA');
INSERT INTO "Person" VALUES('0001075','Peter Coyote','1942-10-10','Colver, Pennsylvania, USA');
INSERT INTO "Person" VALUES('0001076','Joan Crawford','1904-03-23','San Antonio, Texas, USA');
INSERT INTO "Person" VALUES('0001077','Richard Crenna','1926-11-30','Los Angeles, California, USA');
INSERT INTO "Person" VALUES('0001078','Bing Crosby','1903-05-02','Tacoma, Washington, USA');
INSERT INTO "Person" VALUES('0001080','Lindsay Crouse','1948-05-12','New York, New York, USA');
INSERT INTO "Person" VALUES('0001081','Cameron Crowe','1957-07-13','Palm Springs, California, USA');
INSERT INTO "Person" VALUES('0001088','Peter Cushing','1913-05-26','Kenley, Surrey, England, UK');
INSERT INTO "Person" VALUES('0001089','Henry Czerny','1959-01-01','Toronto, Ontario, Canada');
INSERT INTO "Person" VALUES('0001099','Jeff Daniels','1955-02-19','Athens, Georgia, USA');
INSERT INTO "Person" VALUES('0001100','Blythe Danner','1943-02-03','Philadelphia, Pennsylvania, USA');
INSERT INTO "Person" VALUES('0001101','Ted Danson','1947-12-29','San Diego, California, USA');
INSERT INTO "Person" VALUES('0001102','Joe Dante','1946-11-28','Morristown, New Jersey, USA');
INSERT INTO "Person" VALUES('0001104','Frank Darabont','1959-01-28','Montebeliard, France');
INSERT INTO "Person" VALUES('0001105','Linda Darnell','1923-10-16','Dallas, Texas, USA');
INSERT INTO "Person" VALUES('0001111','Jeremy Davies','1969-10-08','Traverse City, Michigan, USA');
INSERT INTO "Person" VALUES('0001112','Andrew Davis','1947-01-01','Chicago, Illinois, USA');
INSERT INTO "Person" VALUES('0001114','Judy Davis','1955-04-23','Perth, Western Australia, Australia');
INSERT INTO "Person" VALUES('0001115','Ossie Davis','1917-12-18','Cogdell, Georgia, USA');
INSERT INTO "Person" VALUES('0001120','Vittorio De Sica','1902-07-07','Sora, Latium, Italy');
INSERT INTO "Person" VALUES('0001121','Brandon De Wilde','1942-04-09','Brooklyn, New York, USA');
INSERT INTO "Person" VALUES('0001122','Ellen DeGeneres','1958-01-26','Metairie, Louisiana, USA');
INSERT INTO "Person" VALUES('0001124','Cecil B. DeMille','1881-08-12','Ashfield, Massachusetts, USA');
INSERT INTO "Person" VALUES('0001125','Benicio Del Toro','1967-02-19','Santurce, Puerto Rico');
INSERT INTO "Person" VALUES('0001129','Jonathan Demme','1944-02-22','Baldwin, Long Island, New York, USA');
INSERT INTO "Person" VALUES('0001131','Patrick Dempsey','1966-01-13','Lewiston, Maine, USA');
INSERT INTO "Person" VALUES('0001132','Judi Dench','1934-12-09','York, North Yorkshire, England, UK');
INSERT INTO "Person" VALUES('0001133','Brian Dennehy','1938-07-09','Bridgeport, Connecticut, USA');
INSERT INTO "Person" VALUES('0001135','John Derek','1926-08-12','Hollywood, California, USA');
INSERT INTO "Person" VALUES('0001136','Bruce Dern','1936-06-04','Chicago, Illinois, USA');
INSERT INTO "Person" VALUES('0001149','Richard Donner','1930-04-24','New York, New York, USA');
INSERT INTO "Person" VALUES('0001156','Olympia Dukakis','1931-06-20','Lowell, Massachusetts, USA');
INSERT INTO "Person" VALUES('0001157','Patty Duke','1946-12-14','Elmhurst, New York, USA');
INSERT INTO "Person" VALUES('0001159','Faye Dunaway','1941-01-14','Bascom, Florida, USA');
INSERT INTO "Person" VALUES('0001164','Charles Durning','1923-02-28','Highland Falls, New York, USA');
INSERT INTO "Person" VALUES('0001182','Carmen Electra','1972-04-20','Sharonville, Ohio, USA');
INSERT INTO "Person" VALUES('0001185','Hector Elizondo','1936-12-22','New York, New York, USA');
INSERT INTO "Person" VALUES('0001186','Denholm Elliott','1922-05-31','Ealing, London, England, UK');
INSERT INTO "Person" VALUES('0001191','Adam Sandler','1966-09-09','Brooklyn, New York, USA');
INSERT INTO "Person" VALUES('0001195','Douglas Fairbanks Jr.','1909-12-09','New York, New York, USA');
INSERT INTO "Person" VALUES('0001201','Mia Farrow','1945-02-09','Los Angeles, California, USA');
INSERT INTO "Person" VALUES('0001207','Jose Ferrer','1909-01-08','Santurce, Puerto Rico');
INSERT INTO "Person" VALUES('0001209','William Fichtner','1956-11-27','Mitchell Field Air Force Base, East Meadow, Long Island, New York, USA');
INSERT INTO "Person" VALUES('0001212','Joseph Fiennes','1970-05-27','Salisbury, Wiltshire, England, UK');
INSERT INTO "Person" VALUES('0001213','Harvey Fierstein','1954-06-06','Brooklyn, New York, USA');
INSERT INTO "Person" VALUES('0001214','Mike Figgis','1948-02-28','Carlisle, Cumbria, England, UK');
INSERT INTO "Person" VALUES('0001215','Albert Finney','1936-05-09','Salford, Manchester, England, UK');
INSERT INTO "Person" VALUES('0001221','Louise Fletcher','1934-07-22','Birmingham, Alabama, USA');
INSERT INTO "Person" VALUES('0001223','Lara Flynn Boyle','1970-03-24','Davenport, Iowa, USA');
INSERT INTO "Person" VALUES('0001225','Nina Foch','1924-04-20','Leiden, Zuid-Holland, Netherlands');
INSERT INTO "Person" VALUES('0001232','Milos Forman','1932-02-18','Caslav, Czechoslovakia');
INSERT INTO "Person" VALUES('0001242','Matt Frewer','1958-01-04','Washington, District of Columbia, USA');
INSERT INTO "Person" VALUES('0001243','William Friedkin','1935-08-29','Chicago, Illinois, USA');
INSERT INTO "Person" VALUES('0001247','Eva Gabor','1919-02-11','Budapest, Hungary');
INSERT INTO "Person" VALUES('0001256','Greta Garbo','1905-09-18','Stockholm, Sweden');
INSERT INTO "Person" VALUES('0001257','Ava Gardner','1922-12-24','Grabtown, North Carolina, USA');
INSERT INTO "Person" VALUES('0001258','James Garner','1928-04-07','Norman, Oklahoma, USA');
INSERT INTO "Person" VALUES('0001264','Sarah Michelle Gellar','1977-04-14','New York, New York, USA');
INSERT INTO "Person" VALUES('0001274','Paul Michael Glaser','1943-03-25','Cambridge, Massachusetts, USA');
INSERT INTO "Person" VALUES('0001277','Scott Glenn','1941-01-26','Pittsburgh, Pennsylvania, USA');
INSERT INTO "Person" VALUES('0001282','Tony Goldwyn','1960-05-20','Los Angeles, California, USA');
INSERT INTO "Person" VALUES('0001283','Louis Gossett Jr.','1936-05-27','Brooklyn, New York, USA');
INSERT INTO "Person" VALUES('0001284','Michael Gough','1917-11-23','Malaya. [now Malaysia]');
INSERT INTO "Person" VALUES('0001287','Heather Graham','1970-01-29','Milwaukee, Wisconsin, USA');
INSERT INTO "Person" VALUES('0001288','Kelsey Grammer','1955-02-21','St. Thomas, Virgin Islands');
INSERT INTO "Person" VALUES('0001293','Seth Green','1974-02-08','Overbrook Park, Philadelphia, Pennsylvania, USA');
INSERT INTO "Person" VALUES('0001295','Graham Greene','1952-06-22','Six Nations Reserve, Ontario, Canada');
INSERT INTO "Person" VALUES('0001297','Joel Grey','1932-04-11','Cleveland, Ohio, USA');
INSERT INTO "Person" VALUES('0001304','Fred Gwynne','1926-07-10','New York, New York, USA');
INSERT INTO "Person" VALUES('0001311','Philip Baker Hall','1931-09-10','Toledo, Ohio, USA');
INSERT INTO "Person" VALUES('0001314','John Hannah','1962-04-23','East Kilbride, Scotland, UK');
INSERT INTO "Person" VALUES('0001315','Marcia Gay Harden','1959-08-14','La Jolla, California, USA');
INSERT INTO "Person" VALUES('0001321','Richard Harris','1930-10-01','Limerick, Ireland');
INSERT INTO "Person" VALUES('0001322','Rex Harrison','1908-03-05','Huyton, Lancashire, England, UK');
INSERT INTO "Person" VALUES('0001326','Josh Hartnett','1978-07-21','San Francisco, California, USA');
INSERT INTO "Person" VALUES('0001328','Howard Hawks','1896-05-30','Goshen, Indiana, USA');
INSERT INTO "Person" VALUES('0001329','Nigel Hawthorne','1929-04-05','Coventry, Warwickshire, England, UK');
INSERT INTO "Person" VALUES('0001333','Susan Hayward','1918-06-30','Brooklyn, New York, USA');
INSERT INTO "Person" VALUES('0001334','John Heard','1945-03-07','Washington, District of Columbia, USA');
INSERT INTO "Person" VALUES('0001336','Van Heflin','1910-12-13','Walters, Oklahoma, USA');
INSERT INTO "Person" VALUES('0001346','Edward Herrmann','1943-07-21','Washington, District of Columbia, USA');
INSERT INTO "Person" VALUES('0001347','Barbara Hershey','1948-02-05','Hollywood, California, USA');
INSERT INTO "Person" VALUES('0001351','George Roy Hill','1921-12-20','Minneapolis, Minnesotaa, USA');
INSERT INTO "Person" VALUES('0001357','Paul Hogan','1939-10-08','Lightning Ridge, New South Wales, Australia');
INSERT INTO "Person" VALUES('0001358','Hal Holbrook','1925-02-17','Cleveland, Ohio, USA');
INSERT INTO "Person" VALUES('0001359','Sterling Holloway','1905-01-04','Cedartown, Georgia, USA');
INSERT INTO "Person" VALUES('0001364','Bob Hoskins','1942-10-26','Bury St. Edmunds, Suffolk, England, UK');
INSERT INTO "Person" VALUES('0001366','Leslie Howard','1893-04-03','London, England, UK');
INSERT INTO "Person" VALUES('0001369','Rock Hudson','1925-11-17','Winnetka, Illinois, USA');
INSERT INTO "Person" VALUES('0001371','Tom Hulce','1953-12-06','Whitewater, Wisconsin, USA');
INSERT INTO "Person" VALUES('0001372','Bonnie Hunt','1964-09-22','Chicago, Illinois, USA');
INSERT INTO "Person" VALUES('0001373','Linda Hunt','1945-04-02','Morristown, New Jersey, USA');
INSERT INTO "Person" VALUES('0001375','Kim Hunter','1922-11-12','Detroit, Michigan, USA');
INSERT INTO "Person" VALUES('0001378','Anjelica Huston','1951-07-08','Santa Monica, California, USA');
INSERT INTO "Person" VALUES('0001379','John Huston','1906-08-05','Missouri, USA');
INSERT INTO "Person" VALUES('0001392','Peter Jackson','1961-10-31','Pukerua Bay, North Island, New Zealand');
INSERT INTO "Person" VALUES('0001395','Richard Jaeckel','1926-10-10','Long Beach, Long Island, New York, USA');
INSERT INTO "Person" VALUES('0001401','Angelina Jolie','1975-06-04','Los Angeles, California, USA');
INSERT INTO "Person" VALUES('0001404','Madeline Kahn','1942-09-29','Boston, Massachusetts, USA');
INSERT INTO "Person" VALUES('0001406','Carol Kane','1952-06-18','Cleveland, Ohio, USA');
INSERT INTO "Person" VALUES('0001410','Lawrence Kasdan','1949-01-14','Miami, Florida, USA');
INSERT INTO "Person" VALUES('0001415','Elia Kazan','1909-09-07','Constantinople, Ottoman Empire');
INSERT INTO "Person" VALUES('0001418','David Keith','1954-05-08','Knoxville, Tennessee, USA');
INSERT INTO "Person" VALUES('0001421','George Kennedy','1925-02-18','New York, New York, USA');
INSERT INTO "Person" VALUES('0001426','Ben Kingsley','1943-12-31','Scarborough, Yorkshire, England, UK');
INSERT INTO "Person" VALUES('0001427','Greg Kinnear','1963-06-17','Logansport, Indiana, USA');
INSERT INTO "Person" VALUES('0001445','Martin Landau','1931-06-20','Brooklyn, New York, USA');
INSERT INTO "Person" VALUES('0001447','Nathan Lane','1956-02-03','Jersey City, New Jersey, USA');
INSERT INTO "Person" VALUES('0001448','Jessica Lange','1949-04-20','Cloquet, Minnesota, USA');
INSERT INTO "Person" VALUES('0001450','Angela Lansbury','1925-10-16','London, England, UK');
INSERT INTO "Person" VALUES('0001451','Queen Latifah','1970-03-18','Newark, New Jersey, USA');
INSERT INTO "Person" VALUES('0001452','Charles Laughton','1899-07-01','Victoria Hotel, Scarborough, Yorkshire, England, UK');
INSERT INTO "Person" VALUES('0001453','Piper Laurie','1932-01-22','Detroit, Michigan, USA');
INSERT INTO "Person" VALUES('0001454','Martin Lawrence','1965-04-16','Frankfurt-am-Main, Hessen, Germany');
INSERT INTO "Person" VALUES('0001458','Cloris Leachman','1926-04-30','Des Moines, Iowa, USA');
INSERT INTO "Person" VALUES('0001459','Denis Leary','1957-08-18','Worcester, Massachusetts, USA');
INSERT INTO "Person" VALUES('0001460','Mimi Leder','1957-01-01',NULL);
INSERT INTO "Person" VALUES('0001469','Barry Levinson','1942-04-06','Baltimore, Maryland, USA');
INSERT INTO "Person" VALUES('0001475','John Lithgow','1945-10-19','Rochester, New York, USA');
INSERT INTO "Person" VALUES('0001485','Myrna Loy','1905-08-02','Radersburg, Montana, USA');
INSERT INTO "Person" VALUES('0001486','Sidney Lumet','1924-06-25','Philadelphia, Pennsylvania, USA');
INSERT INTO "Person" VALUES('0001490','Adrian Lyne','1941-03-04','Peterborough, Cambridgeshire, England, UK');
INSERT INTO "Person" VALUES('0001492','Kyle MacLachlan','1959-02-22','Yakima, Washington, USA');
INSERT INTO "Person" VALUES('0001493','Peter MacNicol','1954-04-10','Dallas, Texas, USA');
INSERT INTO "Person" VALUES('0001494','Ralph Macchio','1961-11-04','Huntington, Long Island, New York, USA');
INSERT INTO "Person" VALUES('0001496','Amy Madigan','1950-09-11','Chicago, Illinois, USA');
INSERT INTO "Person" VALUES('0001497','Tobey Maguire','1975-06-27','Santa Monica, California, USA');
INSERT INTO "Person" VALUES('0001500','Karl Malden','1912-03-22','Gary, Indiana, USA');
INSERT INTO "Person" VALUES('0001509','Dean Martin','1917-06-07','Steubenville, Ohio, USA');
INSERT INTO "Person" VALUES('0001511','Lee Marvin','1924-02-19','New York, New York, USA');
INSERT INTO "Person" VALUES('0001512','Mary Elizabeth Mastrantonio','1958-11-17','Lombard, Illinois, USA');
INSERT INTO "Person" VALUES('0001513','Tim Matheson','1947-12-31','Glendale, California, USA');
INSERT INTO "Person" VALUES('0001519','Ian McDiarmid','1944-08-11','Carnoustie, Tayside, Scotland, UK');
INSERT INTO "Person" VALUES('0001521','Mary McDonnell','1952-04-28','Wilkes-Barre, Pennsylvania, USA');
INSERT INTO "Person" VALUES('0001522','Roddy McDowall','1928-09-17','Herne Hill, London, England, UK');
INSERT INTO "Person" VALUES('0001525','John C. McGinley','1959-08-03','New York, New York, USA');
INSERT INTO "Person" VALUES('0001537','Ray Milland','1907-01-03','Neath, Vale of Glamorgan, Wales, UK');
INSERT INTO "Person" VALUES('0001545','Dudley Moore','1935-04-19','Dagenham, Essex, England, UK');
INSERT INTO "Person" VALUES('0001546','Mary Tyler Moore','1936-12-29','Brooklyn, New York, USA');
INSERT INTO "Person" VALUES('0001547','Agnes Moorehead','1900-12-06','Clinton, Massachusetts, USA');
INSERT INTO "Person" VALUES('0001548','Rick Moranis','1954-04-18','Toronto, Ontario, Canada');
INSERT INTO "Person" VALUES('0001549','Rita Moreno','1931-12-11','Humacao, Puerto Rico');
INSERT INTO "Person" VALUES('0001550','Cathy Moriarty','1960-11-29','The Bronx, New York, USA');
INSERT INTO "Person" VALUES('0001556','David Morse','1953-10-11','Hamilton, Massachusetts, USA');
INSERT INTO "Person" VALUES('0001557','Viggo Mortensen','1958-10-20','Manhattan, New York, USA');
INSERT INTO "Person" VALUES('0001562','Kathy Najimy','1957-02-06','San Diego, California, USA');
INSERT INTO "Person" VALUES('0001565','Mike Newell','1942-03-28','St. Albans, Hertfordshire, England, UK');
INSERT INTO "Person" VALUES('0001566','Mike Nichols','1931-11-06','Berlin, Germany');
INSERT INTO "Person" VALUES('0001567','Connie Nielsen','1965-07-03','Elling, Frederikshavn, Denmark');
INSERT INTO "Person" VALUES('0001573','Catherine O''Hara','1954-03-04','Toronto, Ontario, Canada');
INSERT INTO "Person" VALUES('0001575','Tatum O''Neal','1963-11-05','Los Angeles, California, USA');
INSERT INTO "Person" VALUES('0001583','Jerry Orbach','1935-10-20','New York, New York, USA');
INSERT INTO "Person" VALUES('0001584','Miranda Otto','1967-12-16','Brisbane, Queensland, Australia');
INSERT INTO "Person" VALUES('0001587','Alan J. Pakula','1928-04-07','The Bronx, New York, New York, USA');
INSERT INTO "Person" VALUES('0001588','Jack Palance','1919-02-18','Lattimer Mines, Pennsylvania, USA');
INSERT INTO "Person" VALUES('0001589','Michael Palin','1943-05-05','Ranmoor, Sheffield, Yorkshire, England, UK');
INSERT INTO "Person" VALUES('0001592','Joe Pantoliano','1951-09-12','Hoboken, New Jersey, USA');
INSERT INTO "Person" VALUES('0001593','Anna Paquin','1982-07-24','Winnipeg, Manitoba, Canada');
INSERT INTO "Person" VALUES('0001598','Robert Patrick','1958-11-05','Marietta, Georgia, USA');
INSERT INTO "Person" VALUES('0001599','Will Patton','1954-06-14','Charleston, South Carolina, USA');
INSERT INTO "Person" VALUES('0001602','Guy Pearce','1967-10-05','Ely, Cambridgeshire, England, UK');
INSERT INTO "Person" VALUES('0001610','Elizabeth Perkins','1960-11-18','Queens, New York, USA');
INSERT INTO "Person" VALUES('0001618','Joaquin Phoenix','1974-10-28','San Juan, Puerto Rico');
INSERT INTO "Person" VALUES('0001623','Maria Pitillo','1965-01-08','Elmira, New York, USA');
INSERT INTO "Person" VALUES('0001624','Oliver Platt','1960-01-12','Windsor, Ontario, Canada');
INSERT INTO "Person" VALUES('0001626','Christopher Plummer','1927-12-13','Toronto, Ontario, Canada');
INSERT INTO "Person" VALUES('0001627','Sidney Poitier','1927-02-20','Miami, Florida, USA');
INSERT INTO "Person" VALUES('0001628','Sydney Pollack','1934-07-01','Lafayette, Indiana, USA');
INSERT INTO "Person" VALUES('0001629','Kevin Pollak','1957-10-30','San Francisco, California, USA');
INSERT INTO "Person" VALUES('0001632','Teri Polo','1969-06-01','Dover, Delaware, USA');
INSERT INTO "Person" VALUES('0001635','William Powell','1892-07-29','Pittsburgh, Pennsylvania, USA');
INSERT INTO "Person" VALUES('0001637','Vincent Price','1911-05-27','St. Louis, Missouri, USA');
INSERT INTO "Person" VALUES('0001638','Jurgen Prochnow','1941-06-10','Berlin, Germany');
INSERT INTO "Person" VALUES('0001639','Alex Proyas','1963-09-23','Egypt');
INSERT INTO "Person" VALUES('0001642','Randy Quaid','1950-10-01','Houston, Texas, USA');
INSERT INTO "Person" VALUES('0001647','Claude Rains','1889-11-10','London, England, UK');
INSERT INTO "Person" VALUES('0001656','Donna Reed','1921-01-27','Denison, Iowa, USA');
INSERT INTO "Person" VALUES('0001657','Oliver Reed','1938-02-13','Wimbledon, London, England, UK');
INSERT INTO "Person" VALUES('0001659','Christopher Reeve','1952-09-25','New York, New York, USA');
INSERT INTO "Person" VALUES('0001661','Rob Reiner','1947-03-06','The Bronx, New York, USA');
INSERT INTO "Person" VALUES('0001662','Judge Reinhold','1957-05-21','Wilmington, Delaware, USA');
INSERT INTO "Person" VALUES('0001664','James Remar','1953-12-31','Boston, Massachusetts, USA');
INSERT INTO "Person" VALUES('0001669','Miranda Richardson','1958-03-03','Southport, Lancashire, England, UK');
INSERT INTO "Person" VALUES('0001673','Jason Robards','1922-07-26','Chicago, Illinois, USA');
INSERT INTO "Person" VALUES('0001674','Chris Rock','1966-02-07','Georgetown, South Carolina, USA');
INSERT INTO "Person" VALUES('0001677','Ginger Rogers','1911-07-16','Independence, Missouri, USA');
INSERT INTO "Person" VALUES('0001682','Mickey Rooney','1920-09-23','Brooklyn, New York, USA');
INSERT INTO "Person" VALUES('0001684','Katharine Ross','1940-01-29','Hollywood, California, USA');
INSERT INTO "Person" VALUES('0001689','Mercedes Ruehl','1948-02-28','Queens, New York, USA');
INSERT INTO "Person" VALUES('0001691','Geoffrey Rush','1951-07-06','Toowoomba, Queensland, Australia');
INSERT INTO "Person" VALUES('0001692','Ken Russell','1927-07-03','Southampton, Hampshire, England, UK');
INSERT INTO "Person" VALUES('0001693','Eva Marie Saint','1924-07-04','Newark, New Jersey, USA');
INSERT INTO "Person" VALUES('0001695','George Sanders','1906-07-03','St. Petersburg, Russia');
INSERT INTO "Person" VALUES('0001696','Julian Sands','1958-01-04','Otley, Yorkshire, England, UK');
INSERT INTO "Person" VALUES('0001698','John Savage','1949-08-25','Old Bethpage, Long Island, New York, USA');
INSERT INTO "Person" VALUES('0001702','Roy Scheider','1932-11-10','Orange, New Jersey, USA');
INSERT INTO "Person" VALUES('0001703','Maximilian Schell','1930-12-08','Vienna, Austria');
INSERT INTO "Person" VALUES('0001707','Paul Schrader','1946-07-22','Grand Rapids, Michigan, USA');
INSERT INTO "Person" VALUES('0001708','Joel Schumacher','1939-08-29','New York, New York, USA');
INSERT INTO "Person" VALUES('0001710','David Schwimmer','1966-11-02','Astoria, New York, USA');
INSERT INTO "Person" VALUES('0001711','Annabella Sciorra','1964-03-24','Wethersfield, Connecticut, USA');
INSERT INTO "Person" VALUES('0001715','George C. Scott','1927-10-18','Wise, Virginia, USA');
INSERT INTO "Person" VALUES('0001716','Tony Scott','1944-07-21','Stockton-on-Tees, England, UK');
INSERT INTO "Person" VALUES('0001719','George Segal','1934-02-13','Great Neck, Long Island, New York, USA');
INSERT INTO "Person" VALUES('0001721','Chloe Sevigny','1974-11-18','Springfield, Massachusetts, USA');
INSERT INTO "Person" VALUES('0001723','Tom Shadyac','1960-01-01',NULL);
INSERT INTO "Person" VALUES('0001725','Omar Sharif','1932-04-10','Alexandria, Egypt');
INSERT INTO "Person" VALUES('0001726','Helen Shaver','1951-02-24','St. Thomas, Ontario, Canada');
INSERT INTO "Person" VALUES('0001727','Robert Shaw','1927-08-09','Westhoughton, Lancashire, England, UK');
INSERT INTO "Person" VALUES('0001728','Wallace Shawn','1943-11-12','New York, New York, USA');
INSERT INTO "Person" VALUES('0001732','Cybill Shepherd','1950-02-18','Memphis, Tennessee, USA');
INSERT INTO "Person" VALUES('0001735','Talia Shire','1946-04-25','Lake Success, Long Island, New York, USA');
INSERT INTO "Person" VALUES('0001739','Jean Simmons','1929-01-31','Crouch Hill, London, England, UK');
INSERT INTO "Person" VALUES('0001741','Bryan Singer','1965-09-17','New York, New York, USA');
INSERT INTO "Person" VALUES('0001744','Tom Sizemore','1961-09-29','Detroit, Michigan, USA');
INSERT INTO "Person" VALUES('0001745','Stellan Skarsgard','1951-06-13','Goteborg, Bohuslan, Sweden');
INSERT INTO "Person" VALUES('0001747','Charles Martin Smith','1953-10-30','Van Nuys, California, USA');
INSERT INTO "Person" VALUES('0001749','Maggie Smith','1934-12-28','Ilford, Essex, England, UK');
INSERT INTO "Person" VALUES('0001752','Steven Soderbergh','1963-01-14','Atlanta, Georgia, USA');
INSERT INTO "Person" VALUES('0001756','Barry Sonnenfeld','1953-04-01','New York, New York, USA');
INSERT INTO "Person" VALUES('0001758','Timothy Spall','1957-02-27','Battersea, London, England, UK');
INSERT INTO "Person" VALUES('0001763','Nick Stahl','1979-12-05','Harlingen, Texas, USA');
INSERT INTO "Person" VALUES('0001768','Rod Steiger','1925-04-14','Westhampton, New York, USA');
INSERT INTO "Person" VALUES('0001772','Patrick Stewart','1940-07-13','Mirfield, Yorkshire, England, UK');
INSERT INTO "Person" VALUES('0001773','David Ogden Stiers','1942-10-31','Peoria, Illinois, USA');
INSERT INTO "Person" VALUES('0001774','Ben Stiller','1965-11-30','New York, New York, USA');
INSERT INTO "Person" VALUES('0001780','Peter Stormare','1953-08-27','Arbra, Halsingland, Sweden');
INSERT INTO "Person" VALUES('0001787','Jeffrey Tambor','1944-07-08','San Francisco, California, USA');
INSERT INTO "Person" VALUES('0001788','Jessica Tandy','1909-06-07','London, England, UK');
INSERT INTO "Person" VALUES('0001791','Robert Taylor','1911-08-05','Filley, Nebraska, USA');
INSERT INTO "Person" VALUES('0001792','Rod Taylor','1930-01-11','Sydney, New South Wales, Australia');
INSERT INTO "Person" VALUES('0001794','Henry Thomas','1971-09-09','San Antonio, Texas, USA');
INSERT INTO "Person" VALUES('0001795','Jonathan Taylor Thomas','1981-09-08','Bethlehem, Pennsylvania, USA');
INSERT INTO "Person" VALUES('0001800','Rip Torn','1931-02-06','Temple, Texas, USA');
INSERT INTO "Person" VALUES('0001802','Nancy Travis','1961-09-21','New York, New York, USA');
INSERT INTO "Person" VALUES('0001805','Lana Turner','1921-02-08','Wallace, Idaho, USA');
INSERT INTO "Person" VALUES('0001806','John Turturro','1957-02-28','Brooklyn, New York, USA');
INSERT INTO "Person" VALUES('0001811','Peter Ustinov','1921-04-16','London, England, UK');
INSERT INTO "Person" VALUES('0001813','Dick Van Dyke','1925-12-13','West Plains, Missouri, USA');
INSERT INTO "Person" VALUES('0001814','Gus Van Sant','1952-07-24','Louisville, Kentucky, USA');
INSERT INTO "Person" VALUES('0001815','Jim Varney','1949-06-15','Lexington, Kentucky, USA');
INSERT INTO "Person" VALUES('0001820','Abe Vigoda','1921-02-24','New York, New York, USA');
INSERT INTO "Person" VALUES('0001822','Robert Wagner','1930-02-10','Detroit, Michigan, USA');
INSERT INTO "Person" VALUES('0001826','M. Emmet Walsh','1935-03-22','Ogdensburg, New York, USA');
INSERT INTO "Person" VALUES('0001827','Ray Walston','1914-12-02','New Orleans, Louisiana, USA');
INSERT INTO "Person" VALUES('0001832','Sam Waterston','1940-11-15','Cambridge, Massachusetts, USA');
INSERT INTO "Person" VALUES('0001835','Carl Weathers','1948-01-14','New Orleans, Louisiana, USA');
INSERT INTO "Person" VALUES('0001836','Steven Weber','1961-03-04','Queens, New York, USA');
INSERT INTO "Person" VALUES('0001837','Peter Weir','1944-08-21','Sydney, New South Wales, Australia');
INSERT INTO "Person" VALUES('0001838','Rachel Weisz','1971-03-07','London, England, UK');
INSERT INTO "Person" VALUES('0001845','Forest Whitaker','1961-07-15','Longview, Texas, USA');
INSERT INTO "Person" VALUES('0001847','Richard Widmark','1914-12-26','Sunrise, Minnesota, USA');
INSERT INTO "Person" VALUES('0001848','Dianne Wiest','1948-03-28','Kansas City, Missouri, USA');
INSERT INTO "Person" VALUES('0001850','Billy Dee Williams','1937-04-06','New York, New York, USA');
INSERT INTO "Person" VALUES('0001854','Rita Wilson','1958-10-26','Los Angeles, California, USA');
INSERT INTO "Person" VALUES('0001855','Thomas F. Wilson','1959-04-15','Philadelphia, Pennsylvania, USA');
INSERT INTO "Person" VALUES('0001857','Henry Winkler','1945-10-30','New York, New York, USA');
INSERT INTO "Person" VALUES('0001859','Shelley Winters','1922-08-18','East Saint Louis, Illinois, USA');
INSERT INTO "Person" VALUES('0001868','Michael York','1942-03-27','Fulmer, Buckinghamshire, England, UK');
INSERT INTO "Person" VALUES('0001876','Catherine Zeta-Jones','1969-09-25','Swansea, West Glamorgan, Wales, UK');
INSERT INTO "Person" VALUES('0001880','Edward Zwick','1952-10-08','Chicago, Illinois, USA');
INSERT INTO "Person" VALUES('0001884','Max von Sydow','1929-04-10','Lund, Skane, Sweden');
INSERT INTO "Person" VALUES('0001902','Edward Albert','1951-02-20','Los Angeles, California, USA');
INSERT INTO "Person" VALUES('0001915','Emile Ardolino','1943-05-09','Maspeth, New York, USA');
INSERT INTO "Person" VALUES('0001919','Peggy Ashcroft','1907-12-22','Croydon, Surrey, England, UK');
INSERT INTO "Person" VALUES('0001924','Hoyt Axton','1938-03-25','Duncan, Oklahoma, USA');
INSERT INTO "Person" VALUES('0001948','Charles Bickford','1891-01-01','Cambridge, Massachusetts, USA');
INSERT INTO "Person" VALUES('0001954','Claire Bloom','1931-02-15','London, England, UK');
INSERT INTO "Person" VALUES('0001955','Ann Blyth','1928-08-16','Mount Kisco, New York, USA');
INSERT INTO "Person" VALUES('0001958','Dirk Bogarde','1921-03-28','Hampstead, London, England, UK');
INSERT INTO "Person" VALUES('0001966','Clara Bow','1905-07-29','Brooklyn, New York, USA');
INSERT INTO "Person" VALUES('0001967','Peter Boyle','1935-10-18','Philadelphia, Pennsylvania, USA');
INSERT INTO "Person" VALUES('0001970','Klaus Maria Brandauer','1943-06-22','Alt Aussee, Austria');
INSERT INTO "Person" VALUES('0001982','Sebastian Cabot','1918-07-06','London, England, UK');
INSERT INTO "Person" VALUES('0001989','Leslie Caron','1931-07-01','Boulogne-Billancourt, Paris, France');
INSERT INTO "Person" VALUES('0001993','Vincent Cassel','1966-11-23','Paris, France');
INSERT INTO "Person" VALUES('0001995','George Chakiris','1934-09-16','Norwood, Ohio, USA');
INSERT INTO "Person" VALUES('0002001','Maurice Chevalier','1888-09-12','Paris, France');
INSERT INTO "Person" VALUES('0002011','Lee J. Cobb','1911-12-08','New York, New York, USA');
INSERT INTO "Person" VALUES('0002013','Charles Coburn','1877-06-17','Savannah, Georgia, USA');
INSERT INTO "Person" VALUES('0002022','Jeanne Crain','1925-05-25','Barstow, California, USA');
INSERT INTO "Person" VALUES('0002024','Broderick Crawford','1911-12-09','Philadelphia, Pennsylvania, USA');
INSERT INTO "Person" VALUES('0002025','Hume Cronyn','1911-07-18','London, Ontario, Canada');
INSERT INTO "Person" VALUES('0002027','Ben Cross','1947-12-16','London, England, UK');
INSERT INTO "Person" VALUES('0002030','George Cukor','1899-07-07','New York, New York, USA');
INSERT INTO "Person" VALUES('0002031','Michael Curtiz','1886-12-24','Budapest, Austria-Hungary (now Hungary)');
INSERT INTO "Person" VALUES('0002034','Jane Darwell','1879-10-15','Palmyra, Missouri, USA');
INSERT INTO "Person" VALUES('0002048','Melvyn Douglas','1901-04-05','Macon, Georgia, USA');
INSERT INTO "Person" VALUES('0002050','Irene Dunne','1898-12-20','Louisville, Kentucky, USA');
INSERT INTO "Person" VALUES('0002060','Lisa Eilbacher','1957-05-05','Dharan, Saudi Arabia');
INSERT INTO "Person" VALUES('0002068','Frances Farmer','1913-09-19','Seattle, Washington, USA');
INSERT INTO "Person" VALUES('0002070','Richard Farnsworth','1920-09-01','Los Angeles, California, USA');
INSERT INTO "Person" VALUES('0002071','Will Ferrell','1967-07-16','Irvine, California, USA');
INSERT INTO "Person" VALUES('0002075','Peter Finch','1916-09-28','London, England, UK');
INSERT INTO "Person" VALUES('0002080','Bob Fosse','1927-06-23','Chicago, Illinois, USA');
INSERT INTO "Person" VALUES('0002081','Edward Fox','1937-04-13','Chelsea, London, England, UK');
INSERT INTO "Person" VALUES('0002084','Brenda Fricker','1945-02-17','Dublin, Ireland');
INSERT INTO "Person" VALUES('0002090','Zach Galligan','1964-02-14','New York, New York, USA');
INSERT INTO "Person" VALUES('0002092','John Garfield','1913-03-04','New York, New York, USA');
INSERT INTO "Person" VALUES('0002093','Greer Garson','1904-09-29','London, England, UK');
INSERT INTO "Person" VALUES('0002103','Julian Glover','1935-03-27','London, England, UK');
INSERT INTO "Person" VALUES('0002106','Ruth Gordon','1896-10-30','Quincy, Massachusetts, USA');
INSERT INTO "Person" VALUES('0002108','Gloria Grahame','1923-11-28','Los Angeles, California, USA');
INSERT INTO "Person" VALUES('0002110','Rodney A. Grant','1959-03-09','Pine Ridge Reservation, South Dakota, USA');
INSERT INTO "Person" VALUES('0002119','Arsenio Hall','1955-02-12','Cleveland, Ohio, USA');
INSERT INTO "Person" VALUES('0002120','Lasse Hallstrom','1946-06-02','Stockholm, Sweden');
INSERT INTO "Person" VALUES('0002128','Tess Harper','1950-08-15','Mammoth Spring, Arkansas, USA');
INSERT INTO "Person" VALUES('0002131','Laurence Harvey','1928-10-01','Jonischkis, Lithuania');
INSERT INTO "Person" VALUES('0002132','Amy Heckerling','1954-05-07','The Bronx, New York, New York, USA');
INSERT INTO "Person" VALUES('0002134','Paul Henreid','1908-01-10','Trieste, Austria-Hungary. [now in Italy]');
INSERT INTO "Person" VALUES('0002139','Judd Hirsch','1935-03-15','The Bronx, New York, USA');
INSERT INTO "Person" VALUES('0002141','Celeste Holm','1919-04-29','New York, New York, USA');
INSERT INTO "Person" VALUES('0002144','John Houseman','1902-09-22','Bucharest, Romania');
INSERT INTO "Person" VALUES('0002145','Trevor Howard','1913-09-29','Cliftonville, Kent, England, UK');
INSERT INTO "Person" VALUES('0002148','Mary Beth Hurt','1948-09-26','Marshalltown, Iowa, USA');
INSERT INTO "Person" VALUES('0002149','Betty Hutton','1921-02-26','Battle Creek, Michigan, USA');
INSERT INTO "Person" VALUES('0002190','Anthony Asquith','1902-11-09','London, England, UK');
INSERT INTO "Person" VALUES('0002199','Hector Babenco','1946-02-07','Mar del Plata, Buenos Aires, Argentina');
INSERT INTO "Person" VALUES('0002245','Tzi Ma',NULL,NULL);
INSERT INTO "Person" VALUES('0002338','Jack Clayton','1921-03-01','Brighton, East Sussex, England, UK');
INSERT INTO "Person" VALUES('0002436','Shannon Elizabeth','1973-09-07','Houston, Texas, USA');
INSERT INTO "Person" VALUES('0002536','Emmy Rossum','1986-09-12','New York, New York, USA');
INSERT INTO "Person" VALUES('0002546','Mena Suvari','1979-02-09','Newport, Rhode Island, USA');
INSERT INTO "Person" VALUES('0003225','Ed Begley','1901-03-25','Hartford, Connecticut, USA');
INSERT INTO "Person" VALUES('0003244','Jordi Molla','1968-07-01','L''Hospitalet del Llobregat, Barcelona, Cataluna, Spain');
INSERT INTO "Person" VALUES('0003318','Howard Duff','1913-11-24','Bremerton, Washington, USA');
INSERT INTO "Person" VALUES('0003418','Rob Cohen','1949-03-12','Cornwall, New York, USA');
INSERT INTO "Person" VALUES('0003506','James Mangold','1964-01-01','New York, New York, USA');
INSERT INTO "Person" VALUES('0003593','Fred Zinnemann','1907-04-29','Vienna, Austria-Hungary (now Austria)');
INSERT INTO "Person" VALUES('0003817','Michael Clarke Duncan','1957-12-10','Chicago, Illinois, USA');
INSERT INTO "Person" VALUES('0004051','Brian Cox','1946-06-01','Dundee, Scotland, UK');
INSERT INTO "Person" VALUES('0004282','Anne Francis','1930-09-16','Ossining, New York, USA');
INSERT INTO "Person" VALUES('0004309','Shirley Knight','1936-07-05','Goessel, Kansas, USA');
INSERT INTO "Person" VALUES('0004376','Franka Potente','1974-07-22','Dulmen, Germany');
INSERT INTO "Person" VALUES('0004517','Jason Alexander','1959-09-23','Newark, New Jersey, USA');
INSERT INTO "Person" VALUES('0004647','Carroll Baker','1931-05-28','Johnstown, Pennsylvania, USA');
INSERT INTO "Person" VALUES('0004695','Jessica Alba','1981-04-28','Pomona, California, USA');
INSERT INTO "Person" VALUES('0004710','Naveen Andrews','1969-01-17','London, England, UK');
INSERT INTO "Person" VALUES('0004724','Christine Baranski','1952-05-02','Buffalo, New York, USA');
INSERT INTO "Person" VALUES('0004738','Catherine Bell','1968-08-14','London, England, UK');
INSERT INTO "Person" VALUES('0004747','Wes Bentley','1978-09-04','Jonesboro, Arkansas, USA');
INSERT INTO "Person" VALUES('0004755','Jason Biggs','1978-05-12','Hasbrouck Heights, New Jersey, USA');
INSERT INTO "Person" VALUES('0004778','Adrien Brody','1973-04-14','New York, New York, USA');
INSERT INTO "Person" VALUES('0004794','Glen Campbell','1936-04-22','Delight, Arkansas, USA');
INSERT INTO "Person" VALUES('0004802','Linda Cardellini','1975-06-25','Redwood City, California, USA');
INSERT INTO "Person" VALUES('0004821','Michael Chiklis','1963-08-30','Lowell, Massachusetts, USA');
INSERT INTO "Person" VALUES('0004874','Vin Diesel','1967-07-18','New York, New York, USA');
INSERT INTO "Person" VALUES('0004912','Oded Fehr','1970-11-23','Tel Aviv, Israel');
INSERT INTO "Person" VALUES('0004929','Dave Foley','1963-01-04','Toronto, Ontario, Canada');
INSERT INTO "Person" VALUES('0004937','Jamie Foxx','1967-12-13','Terrell, Texas, USA');
INSERT INTO "Person" VALUES('0004951','Brad Garrett','1960-04-14','Woodland Hills, California, USA');
INSERT INTO "Person" VALUES('0004988','Colin Hanks','1977-11-24','Sacramento, California, USA');
INSERT INTO "Person" VALUES('0004989','Alyson Hannigan','1974-03-24','Washington, District of Columbia, USA');
INSERT INTO "Person" VALUES('0004996','Steve Harris','1965-12-03','Chicago, Illinois, USA');
INSERT INTO "Person" VALUES('0005017','Katie Holmes','1978-12-18','Toledo, Ohio, USA');
INSERT INTO "Person" VALUES('0005069','Spike Jonze','1969-01-01','Rockville, Maryland, USA');
INSERT INTO "Person" VALUES('0005093','Regina King','1971-01-15','Los Angeles, California, USA');
INSERT INTO "Person" VALUES('0005098','Chris Klein','1979-03-14','Hinsdale, Illinois, USA');
INSERT INTO "Person" VALUES('0005124','John Lasseter','1957-01-12','Hollywood, California, USA');
INSERT INTO "Person" VALUES('0005132','Heath Ledger','1979-04-04','Perth, Western Australia, Australia');
INSERT INTO "Person" VALUES('0005134','Jason Lee','1970-04-25','Orange, California, USA');
INSERT INTO "Person" VALUES('0005148','Delroy Lindo','1952-11-18','Eltham, London, England, UK');
INSERT INTO "Person" VALUES('0005151','Jonathan Lipnicki','1990-10-22','Westlake Village, California, USA');
INSERT INTO "Person" VALUES('0005156','Eric Lloyd','1986-05-19','Glendale, California, USA');
INSERT INTO "Person" VALUES('0005157','Jake Lloyd','1989-03-05','Fort Collins, Colorado, USA');
INSERT INTO "Person" VALUES('0005162','Robert Loggia','1930-01-03','New York, New York, USA');
INSERT INTO "Person" VALUES('0005188','James Marsden','1973-09-18','Stillwater, Oklahoma, USA');
INSERT INTO "Person" VALUES('0005190','Garry Marshall','1934-11-13','New York, New York, USA');
INSERT INTO "Person" VALUES('0005196','Paul Mazursky','1930-04-25','Brooklyn, New York, USA');
INSERT INTO "Person" VALUES('0005212','Ian McKellen','1939-05-25','Burnley, Lancashire, England, UK');
INSERT INTO "Person" VALUES('0005222','Sam Mendes','1965-08-01','Reading, Berkshire, England, UK');
INSERT INTO "Person" VALUES('0005231','Dash Mihok','1974-05-24','New York, New York, USA');
INSERT INTO "Person" VALUES('0005237','Anthony Minghella','1954-01-06','Ryde, Isle of Wight, England, UK');
INSERT INTO "Person" VALUES('0005251','Carrie-Anne Moss','1967-08-21','Vancouver, British Columbia, Canada');
INSERT INTO "Person" VALUES('0005253','Elisabeth Moss','1983-01-01',NULL);
INSERT INTO "Person" VALUES('0005256','Bridget Moynahan','1970-09-21','Binghamton, New York, USA');
INSERT INTO "Person" VALUES('0005261','Brittany Murphy','1977-11-10','Atlanta, Georgia, USA');
INSERT INTO "Person" VALUES('0005266','Craig T. Nelson','1946-04-04','Spokane, Washington, USA');
INSERT INTO "Person" VALUES('0005272','Thomas Ian Nicholas','1980-07-10','Las Vegas, Nevada, USA');
INSERT INTO "Person" VALUES('0005273','Alessandro Nivola','1972-06-28','Boston, Massachusetts, USA');
INSERT INTO "Person" VALUES('0005278','Jerry O''Connell','1974-02-17','New York, New York, USA');
INSERT INTO "Person" VALUES('0005280','Rosie O''Donnell','1962-03-21','Commack, Long Island, New York, USA');
INSERT INTO "Person" VALUES('0005286','Haley Joel Osment','1988-04-10','Los Angeles, California, USA');
INSERT INTO "Person" VALUES('0005303','Kimberly Peirce','1967-09-08','Harrisburg, Pennsylvania, USA');
INSERT INTO "Person" VALUES('0005305','Piper Perabo','1977-10-31','Toms River, New Jersey, USA');
INSERT INTO "Person" VALUES('0005316','Mary Kay Place','1947-09-23','Tulsa, Oklahoma, USA');
INSERT INTO "Person" VALUES('0005321','Monica Potter','1971-06-30','Cleveland, Ohio, USA');
INSERT INTO "Person" VALUES('0005327','Freddie Prinze Jr.','1976-03-08','Los Angeles, California, USA');
INSERT INTO "Person" VALUES('0005331','Francesco Quinn','1962-03-22','Rome, Italy');
INSERT INTO "Person" VALUES('0005366','Jay Roach',NULL,'Albuquerque, New Mexico, USA');
INSERT INTO "Person" VALUES('0005380','Ray Romano','1957-12-21','Queens, New York, USA');
INSERT INTO "Person" VALUES('0005398','Michael Saucedo','1976-07-11','Los Angeles, California, USA');
INSERT INTO "Person" VALUES('0005436','John Singleton','1968-01-06','Los Angeles, California, USA');
INSERT INTO "Person" VALUES('0005443','Jean Smart','1959-09-13','Seattle, Washington, USA');
INSERT INTO "Person" VALUES('0005460','Mary Steenburgen','1953-02-08','Newport, Arkansas, USA');
INSERT INTO "Person" VALUES('0005466','Julia Stiles','1981-03-28','New York, New York, USA');
INSERT INTO "Person" VALUES('0005476','Hilary Swank','1974-07-30','Lincoln, Nebraska, USA');
INSERT INTO "Person" VALUES('0005491','Maura Tierney','1965-02-03','Boston, Massachusetts, USA');
INSERT INTO "Person" VALUES('0005517','Gabrielle Union','1973-10-29','Omaha, Nebraska, USA');
INSERT INTO "Person" VALUES('0005520','Amber Valletta','1974-02-09','Phoenix, Arizona, USA');
INSERT INTO "Person" VALUES('0005540','Keenen Ivory Wayans','1958-06-08','New York, New York, USA');
INSERT INTO "Person" VALUES('0005562','Owen Wilson','1968-11-18','Dallas, Texas, USA');
INSERT INTO "Person" VALUES('0005569','Alfre Woodard','1952-11-08','Tulsa, Oklahoma, USA');
INSERT INTO "Person" VALUES('0006452','Stanley Kramer','1913-09-29','Brooklyn, New York, New York, USA');
INSERT INTO "Person" VALUES('0006487','Jim Sheridan','1949-02-06','Dublin, Ireland');
INSERT INTO "Person" VALUES('0006625','Steve Barron','1956-05-04','Dublin, Ireland');
INSERT INTO "Person" VALUES('0006800','Sandy Dennis','1937-04-27','Hastings, Nebraska, USA');
INSERT INTO "Person" VALUES('0006889','Herbert Ross','1927-05-13','Brooklyn, New York, New York, USA');
INSERT INTO "Person" VALUES('0006890','Paul Scofield','1922-01-21','Hurstpierpoint, West Sussex, England, UK');
INSERT INTO "Person" VALUES('0006893','John Vernon','1932-02-24','Montreal, Quebec, Canada');
INSERT INTO "Person" VALUES('0006960','John Madden','1949-04-08','Portsmouth, Hampshire, England, UK');
INSERT INTO "Person" VALUES('0007217','Jack Carson','1910-10-27','Carman, Manitoba, Canada');
INSERT INTO "Person" VALUES('0007222','Paul Douglas','1907-04-11','Philadelphia, Pennsylvania, USA');
INSERT INTO "Person" VALUES('0007223','James Dunn','1905-11-02','New York, New York, USA');
INSERT INTO "Person" VALUES('0009190','J.J. Abrams','1966-06-27','New York, New York, USA');
INSERT INTO "Person" VALUES('0011741','Wesley Addy','1913-08-04','Omaha, Nebraska, USA');
INSERT INTO "Person" VALUES('0014883','Maria Aitken','1945-09-12','Dublin, Ireland');
INSERT INTO "Person" VALUES('0016776','Jack Albertson','1907-06-16','Malden, Massachusetts, USA');
INSERT INTO "Person" VALUES('0019221','Phillip Alford','1948-09-11','Gadsden, Alabama, USA');
INSERT INTO "Person" VALUES('0019569','Mary Alice','1941-12-03','Indianola, Mississippi, USA');
INSERT INTO "Person" VALUES('0021249','Roger Allers',NULL,NULL);
INSERT INTO "Person" VALUES('0025309','John Amos','1939-12-27','Newark, New Jersey, USA');
INSERT INTO "Person" VALUES('0026286','Bill Anderson Jr.',NULL,NULL);
INSERT INTO "Person" VALUES('0027156','Mary Anderson','1920-04-03','Birmingham, Alabama, USA');
INSERT INTO "Person" VALUES('0027183','Michael Anderson','1920-01-30','London, England, UK');
INSERT INTO "Person" VALUES('0028625','David Andrews','1952-01-01','Baton Rouge, Louisiana, USA');
INSERT INTO "Person" VALUES('0029456','Heather Angel','1909-02-09','Oxford, Oxfordshire, England, UK');
INSERT INTO "Person" VALUES('0030991','Ray Anthony',NULL,NULL);
INSERT INTO "Person" VALUES('0031398','Lou Antonio','1934-01-23','Oklahoma City, Oklahoma, USA');
INSERT INTO "Person" VALUES('0031655','Christine Anu','1970-01-01','Cairns, Queensland, Australia');
INSERT INTO "Person" VALUES('0032370','Noel Appleby',NULL,NULL);
INSERT INTO "Person" VALUES('0033758','Craig Archibald',NULL,NULL);
INSERT INTO "Person" VALUES('0035159','Richard Arlen','1898-09-01','Charlottesville, Virginia, USA');
INSERT INTO "Person" VALUES('0036427','Edward Arnold','1890-02-18','New York, New York, USA');
INSERT INTO "Person" VALUES('0037410','Karina Arroyave','1969-07-16','Colombia');
INSERT INTO "Person" VALUES('0039226','John Ashton','1948-02-22','Springfield, Massachusetts, USA');
INSERT INTO "Person" VALUES('0040012','Alexandra Astin','1996-11-27','California, USA');
INSERT INTO "Person" VALUES('0040058','David Aston',NULL,NULL);
INSERT INTO "Person" VALUES('0040374','Roscoe Ates','1895-01-20','Grange, Missouri, USA');
INSERT INTO "Person" VALUES('0040586','Eileen Atkins','1934-06-16','Clapton, London, England, UK');
INSERT INTO "Person" VALUES('0041165','Roy Atwell','1878-05-02','Syracuse, New York, USA');
INSERT INTO "Person" VALUES('0041681','Mischa Auer','1905-11-17','St. Petersburg, Russia');
INSERT INTO "Person" VALUES('0045324','John Bach',NULL,NULL);
INSERT INTO "Person" VALUES('0045968','Hermione Baddeley','1906-11-13','Broseley, Shropshire, England, UK');
INSERT INTO "Person" VALUES('0046420','Giacomo Baessato',NULL,NULL);
INSERT INTO "Person" VALUES('0047810','Fay Bainter','1891-12-07','Los Angeles, California, USA');
INSERT INTO "Person" VALUES('0048127','Helmut Bakaitis','1944-01-01','Lauban, Germany');
INSERT INTO "Person" VALUES('0049079','Dato Bakhtadze',NULL,NULL);
INSERT INTO "Person" VALUES('0051509','Eric Bana','1968-08-09','Melbourne, Victoria, Australia');
INSERT INTO "Person" VALUES('0051628','George Bancroft','1882-09-30','Philadelphia, Pennsylvania, USA');
INSERT INTO "Person" VALUES('0051856','Victor Banerjee','1946-10-15','Calcutta, West Bengal, India');
INSERT INTO "Person" VALUES('0054135','Ben Bard','1893-01-26','Milwaukee, Wisconsin, USA');
INSERT INTO "Person" VALUES('0056187','Sacha Baron Cohen','1971-10-13','London, England, UK');
INSERT INTO "Person" VALUES('0058581','Justin Bartha','1978-07-21','West Bloomfield, Michigan, USA');
INSERT INTO "Person" VALUES('0059215','Mischa Barton','1986-01-24','London, England, UK');
INSERT INTO "Person" VALUES('0059431','Jay Baruchel','1982-04-09','Ottawa, Ontario, Canada');
INSERT INTO "Person" VALUES('0061770','Cate Bauer',NULL,NULL);
INSERT INTO "Person" VALUES('0062642','Barbara Baxley','1923-01-01','Porterville, California, USA');
INSERT INTO "Person" VALUES('0062828','Warner Baxter','1889-03-29','Columbus, Ohio, USA');
INSERT INTO "Person" VALUES('0063571','Kate Beahan',NULL,NULL);
INSERT INTO "Person" VALUES('0064600','Harry Beaumont','1888-02-10','Abilene, Kansas, USA');
INSERT INTO "Person" VALUES('0065320','Graham Beckel','1950-01-01','Old Lyme, Connecticut, USA');
INSERT INTO "Person" VALUES('0065942','Irene Bedard','1967-07-22','Anchorage, Alaska, USA');
INSERT INTO "Person" VALUES('0068206','Francine Bell',NULL,NULL);
INSERT INTO "Person" VALUES('0070592','Mia Bendixsen',NULL,NULL);
INSERT INTO "Person" VALUES('0070801','Paul Benedict','1938-09-17','Silver City, New Mexico, USA');
INSERT INTO "Person" VALUES('0071636','Bruce Bennett','1906-05-19','Tacoma, Washington, USA');
INSERT INTO "Person" VALUES('0071851','Joseph Bennett',NULL,NULL);
INSERT INTO "Person" VALUES('0072578','Martin Benson','1918-08-10','London, England, UK');
INSERT INTO "Person" VALUES('0074426','Bibo Bergeron',NULL,NULL);
INSERT INTO "Person" VALUES('0074596','Herbert Berghof','1909-09-13','Vienna, Austria');
INSERT INTO "Person" VALUES('0077720','Michael Berryman','1948-09-04','Los Angeles, California, USA');
INSERT INTO "Person" VALUES('0079273','Paul Bettany','1971-05-27','London, England, UK');
INSERT INTO "Person" VALUES('0082979','Sergio Bini Bustric',NULL,NULL);
INSERT INTO "Person" VALUES('0083348','Brad Bird','1957-09-11','Kalispell, Montana, USA');
INSERT INTO "Person" VALUES('0083781','Cecelia Ann Birt',NULL,NULL);
INSERT INTO "Person" VALUES('0085312','Jack Black','1969-08-28','Hermosa Beach, California, USA');
INSERT INTO "Person" VALUES('0085782','Sidney Blackmer','1895-07-13','Salisbury, North Carolina, USA');
INSERT INTO "Person" VALUES('0086198','Betsy Blair','1923-12-11','Cliffside Park, New Jersey, USA');
INSERT INTO "Person" VALUES('0086322','Pamela Blair','1949-12-05','Bennington, Vermont, USA');
INSERT INTO "Person" VALUES('0088520','Lucille Bliss','1916-03-31','New York City, New York, USA');
INSERT INTO "Person" VALUES('0089217','Orlando Bloom','1977-01-13','Canterbury, Kent, England, UK');
INSERT INTO "Person" VALUES('0089244','Verna Bloom','1939-08-07','Lynn, Massachusetts, USA');
INSERT INTO "Person" VALUES('0089348','Roberts Blossom','1924-01-01','New Haven, Connecticut, USA');
INSERT INTO "Person" VALUES('0089408','Lisa Blount','1957-07-01','Fayetteville, Arkansas, USA');
INSERT INTO "Person" VALUES('0094036','Rudy Bond','1912-10-01','Philadelphia, Pennsylvania, USA');
INSERT INTO "Person" VALUES('0094135','Beulah Bondi','1888-05-03','Chicago, Illinois, USA');
INSERT INTO "Person" VALUES('0095017','Hugh Bonneville','1963-11-10','England, UK');
INSERT INTO "Person" VALUES('0095804','Shirley Booth','1898-08-30','New York, New York, USA');
INSERT INTO "Person" VALUES('0097648','Frank Borzage','1893-04-23','Salt Lake City, Utah, USA');
INSERT INTO "Person" VALUES('0097842','Philip Bosco','1930-09-26','Jersey City, New Jersey, USA');
INSERT INTO "Person" VALUES('0098378','Kate Bosworth','1983-01-02','Los Angeles, California, USA');
INSERT INTO "Person" VALUES('0100758','Dorris Bowdon','1915-12-27','Coldwater, Mississippi, USA');
INSERT INTO "Person" VALUES('0100942','Malick Bowens',NULL,NULL);
INSERT INTO "Person" VALUES('0101955','William Boyd','1895-06-05','Hendrysburg, Ohio, USA');
INSERT INTO "Person" VALUES('0101992','Phyllis Boyens',NULL,NULL);
INSERT INTO "Person" VALUES('0102566','Marcel Bozzuffi','1929-10-28','Rennes, France');
INSERT INTO "Person" VALUES('0103071','Richard Bradford','1937-11-10','Tyler, Texas, USA');
INSERT INTO "Person" VALUES('0103537','Terry Bradshaw','1948-09-02','Shreveport, Louisiana, USA');
INSERT INTO "Person" VALUES('0103567','Alice Brady','1892-11-02','New York, New York, USA');
INSERT INTO "Person" VALUES('0103785','Zach Braff','1975-04-06','South Orange, New Jersey, USA');
INSERT INTO "Person" VALUES('0104051','Justin Braine',NULL,NULL);
INSERT INTO "Person" VALUES('0105169','Ash Brannon',NULL,NULL);
INSERT INTO "Person" VALUES('0105462','Keefe Brasselle','1923-02-07','Elyria, Ohio, USA');
INSERT INTO "Person" VALUES('0107151','El Brendel','1890-03-25','Philadelphia, Pennsylvania, USA');
INSERT INTO "Person" VALUES('0107574','Evelyn Brent','1899-10-20','Tampa, Florida, USA');
INSERT INTO "Person" VALUES('0107575','George Brent','1904-03-15','Shannonsbridge, County Dublin, Ireland');
INSERT INTO "Person" VALUES('0108287','Jordana Brewster','1980-04-26','Panama City, Panama');
INSERT INTO "Person" VALUES('0108511','Fanny Brice','1891-10-29','New York, New York, USA');
INSERT INTO "Person" VALUES('0108745','James Bridges','1936-02-03','Paris, Arkansas, USA');
INSERT INTO "Person" VALUES('0109773','David Brisbin',NULL,NULL);
INSERT INTO "Person" VALUES('0110480','Peter Brocco','1903-01-16','Reading, Pennsylvania, USA');
INSERT INTO "Person" VALUES('0111013','Adam Brody','1979-12-15','San Diego, California, USA');
INSERT INTO "Person" VALUES('0111376','Eleanor Bron','1934-03-14','Stanmore, Middlesex, England, UK');
INSERT INTO "Person" VALUES('0111612','Clive Brook','1887-06-01','London, England, UK');
INSERT INTO "Person" VALUES('0111948','David Allen Brooks','1947-01-09','Los Angeles, California, USA');
INSERT INTO "Person" VALUES('0112218','Richard Brooks','1912-05-18','Philadelphia, Pennsylvania, USA');
INSERT INTO "Person" VALUES('0112395','Edward Brophy','1895-02-27','New York, New York, USA');
INSERT INTO "Person" VALUES('0113284','Clarence Brown','1890-05-10','Clinton, Massachusetts, USA');
INSERT INTO "Person" VALUES('0113505','Eleonora Brown',NULL,NULL);
INSERT INTO "Person" VALUES('0113769','James Brown','1920-03-22','Desdemona, Texas, USA');
INSERT INTO "Person" VALUES('0113867','Joe Brown','1884-02-11','New York, New York, USA');
INSERT INTO "Person" VALUES('0113902','Johnny Mack Brown','1904-09-01','Dothan, Alabama, USA');
INSERT INTO "Person" VALUES('0114386','Pamela Brown','1917-07-08','London, England, UK');
INSERT INTO "Person" VALUES('0114787','Thomas Wilson Brown','1972-12-27','Lusk, Wyoming, USA');
INSERT INTO "Person" VALUES('0114847','Vanessa Brown','1928-03-24','Vienna, Austria');
INSERT INTO "Person" VALUES('0115558','Nigel Bruce','1895-02-14','Ensenada, Mexico');
INSERT INTO "Person" VALUES('0117035','Adam Bryant',NULL,NULL);
INSERT INTO "Person" VALUES('0118081','Stuart Buchanan',NULL,NULL);
INSERT INTO "Person" VALUES('0118333','Chris Buck',NULL,NULL);
INSERT INTO "Person" VALUES('0119988','Peter Bull','1912-03-21','London, England, UK');
INSERT INTO "Person" VALUES('0121282','Dorothy Burgess','1907-03-04','Los Angeles, California, USA');
INSERT INTO "Person" VALUES('0122653','Edward Burns','1968-01-29','Woodside, Queens County, New York, USA');
INSERT INTO "Person" VALUES('0122675','George Burns','1896-01-20','New York, New York, USA');
INSERT INTO "Person" VALUES('0123680','Norman Burton','1923-12-05','New York City, New York, USA');
INSERT INTO "Person" VALUES('0124100','Billy Green Bush','1935-01-01',NULL);
INSERT INTO "Person" VALUES('0124877','David Butler','1894-12-17','San Francisco, California, USA');
INSERT INTO "Person" VALUES('0128050','Michael Cacoyannis','1922-06-11','Limassol, Cyprus');
INSERT INTO "Person" VALUES('0129955','Joseph Cali','1950-03-30','New York City, New York, USA');
INSERT INTO "Person" VALUES('0130282','K Callan','1942-01-09','Dallas, Texas, USA');
INSERT INTO "Person" VALUES('0130286','Michael Callan','1935-11-22','Philadelphia, Pennsylvania, USA');
INSERT INTO "Person" VALUES('0134201','J.D. Cannon','1922-04-24','Salmon, Idaho, USA');
INSERT INTO "Person" VALUES('0134594','Cantinflas','1911-08-12','Mexico City, Mexico');
INSERT INTO "Person" VALUES('0136797','Steve Carell','1962-08-16','Concord, Massachusetts, USA');
INSERT INTO "Person" VALUES('0137140','Gia Carides','1964-06-07','Sydney, New South Wales, Australia');
INSERT INTO "Person" VALUES('0138770','Art Carney','1918-11-04','Mount Vernon, New York, USA');
INSERT INTO "Person" VALUES('0138885','Morris Carnovsky','1897-09-05','St. Louis, Missouri, USA');
INSERT INTO "Person" VALUES('0143295','Max Casella','1967-06-06','Washington, District of Columbia, USA');
INSERT INTO "Person" VALUES('0143314','Adriana Caselotti','1916-05-16','Bridgeport, Connecticut, USA');
INSERT INTO "Person" VALUES('0144710','Richard S. Castellano','1933-09-04','The Bronx, New York, USA');
INSERT INTO "Person" VALUES('0147503','Rene Ceballos',NULL,NULL);
INSERT INTO "Person" VALUES('0149654','Elie Chaib',NULL,NULL);
INSERT INTO "Person" VALUES('0151654','Chen Chang','1976-10-14','Taipei, Taiwan');
INSERT INTO "Person" VALUES('0152638','David Chappelle','1973-08-24','Washington, District of Columbia, USA');
INSERT INTO "Person" VALUES('0153182','Ian Charleson','1949-08-11','Edinburgh, Scotland, UK');
INSERT INTO "Person" VALUES('0153738','Daveigh Chase','1990-07-24','Los Angeles, California, USA');
INSERT INTO "Person" VALUES('0154226','Justin Chatwin','1982-10-31','Nanaimo, British Columbia, Canada');
INSERT INTO "Person" VALUES('0154530','Andrew Chavez',NULL,NULL);
INSERT INTO "Person" VALUES('0154804','Andrea Checchi','1916-10-21','Florence, Tuscany, Italy');
INSERT INTO "Person" VALUES('0156187','Elizabeth Cheshire','1967-03-03','Burbank, California, USA');
INSERT INTO "Person" VALUES('0159789','Hayden Christensen','1981-04-19','Vancouver, British Columbia, Canada');
INSERT INTO "Person" VALUES('0160130','Mady Christians','1892-01-19','Vienna, Austria');
INSERT INTO "Person" VALUES('0161862','Eduardo Ciannelli','1889-08-30','Ischia, Italy');
INSERT INTO "Person" VALUES('0162541','Charles Cioffi','1935-10-31','New York, New York, USA');
INSERT INTO "Person" VALUES('0162557','Augusta Ciolli','1901-05-19',NULL);
INSERT INTO "Person" VALUES('0162904','Leonid Citer',NULL,NULL);
INSERT INTO "Person" VALUES('0163404','Ralph Clanton','1914-09-11','Fresno, California, USA');
INSERT INTO "Person" VALUES('0166256','Ron Clements','1953-04-25','Sioux City, Iowa, USA');
INSERT INTO "Person" VALUES('0168641','Fred Coe','1914-12-23','Alligator, Mississippi, USA');
INSERT INTO "Person" VALUES('0170225','Nicholas Colasanto','1924-01-19','Providence, Rhode Island, USA');
INSERT INTO "Person" VALUES('0170550','Gary Cole','1956-09-20','Park Ridge, Illinois, USA');
INSERT INTO "Person" VALUES('0170713','Nat ''King'' Cole','1919-03-17','Montgomery, Alabama, USA');
INSERT INTO "Person" VALUES('0171513','Margaret Colin','1957-05-26','Brooklyn, New York, USA');
INSERT INTO "Person" VALUES('0171873','William Collier Jr.','1902-02-12','New York, New York, USA');
INSERT INTO "Person" VALUES('0172287','Eddie Collins','1883-01-30','Atlantic City, New Jersey, USA');
INSERT INTO "Person" VALUES('0172615','Ray Collins','1889-12-10','Sacramento, California, USA');
INSERT INTO "Person" VALUES('0172903','Ronald Colman','1891-02-09','Richmond, Surrey, England, UK');
INSERT INTO "Person" VALUES('0173418','Pinto Colvig','1892-09-11','Jacksonville, Oregon, USA');
INSERT INTO "Person" VALUES('0173714','Kathleen Comegys','1893-07-25','Shreveport, Louisiana, USA');
INSERT INTO "Person" VALUES('0175369','Walter Connolly','1887-04-08','Cincinnati, Ohio, USA');
INSERT INTO "Person" VALUES('0176073','Michael Constantine','1927-05-22','Reading, Pennsylvania, USA');
INSERT INTO "Person" VALUES('0176867','Robert Coogan','1924-12-13','Glendale, California, USA');
INSERT INTO "Person" VALUES('0177879','Ben Cooper','1930-09-30','Hartford, Connecticut, USA');
INSERT INTO "Person" VALUES('0177933','Chris Cooper','1951-07-09','Kansas City, Missouri, USA');
INSERT INTO "Person" VALUES('0178066','Gladys Cooper','1888-12-18','Lewisham, London, England, UK');
INSERT INTO "Person" VALUES('0178114','Jackie Cooper','1922-09-15','Los Angeles, California, USA');
INSERT INTO "Person" VALUES('0178176','Justin Cooper','1988-11-17',NULL);
INSERT INTO "Person" VALUES('0178997','Frank Coraci','1966-02-03','New York, USA');
INSERT INTO "Person" VALUES('0179173','John Corbett','1961-05-09','Wheeling, West Virginia, USA');
INSERT INTO "Person" VALUES('0179960','Annie Corley',NULL,NULL);
INSERT INTO "Person" VALUES('0181305','Valentina Cortese','1925-01-01','Milan, Lombardy, Italy');
INSERT INTO "Person" VALUES('0181902','George P. Cosmatos','1941-01-04','Tuscany, Italy');
INSERT INTO "Person" VALUES('0181920','James Cosmo','1948-01-01','Scotland, UK');
INSERT INTO "Person" VALUES('0181960','Ernest Cossart','1876-09-24','Cheltenham, Gloucestershire, England, UK');
INSERT INTO "Person" VALUES('0183464','Bernie Coulson',NULL,NULL);
INSERT INTO "Person" VALUES('0184429','Franklin Cover','1928-11-20','Cleveland, Ohio, USA');
INSERT INTO "Person" VALUES('0185819','Daniel Craig','1968-01-01','Chester, England, UK');
INSERT INTO "Person" VALUES('0185883','James Craig','1912-02-04','Nashville, Tennessee, USA');
INSERT INTO "Person" VALUES('0187724','Wendy Crewson','1956-05-09','Hamilton, Ontario, Canada');
INSERT INTO "Person" VALUES('0187769','Charles Crichton','1910-08-06','Wallasey, Cheshire, England, UK');
INSERT INTO "Person" VALUES('0187886','Isa Crino','1930-09-15','New York, New York, USA');
INSERT INTO "Person" VALUES('0187981','Donald Crisp','1880-07-27','Bow, London, England, UK');
INSERT INTO "Person" VALUES('0188520','Declan Croghan',NULL,NULL);
INSERT INTO "Person" VALUES('0190744','Marton Csokas','1966-06-30','New Zealand');
INSERT INTO "Person" VALUES('0190859','Alfonso Cuaron','1961-11-28','Mexico City, Distrito Federal, Mexico');
INSERT INTO "Person" VALUES('0191412','Rory Culkin','1989-07-21','New York City, New York, USA');
INSERT INTO "Person" VALUES('0191745','Roland Culver','1900-08-21','London, England, UK');
INSERT INTO "Person" VALUES('0191899','Irving Cummings','1888-10-09','New York, New York, USA');
INSERT INTO "Person" VALUES('0191944','Quinn Cummings','1967-08-13','Los Angeles, California, USA');
INSERT INTO "Person" VALUES('0192258','Cecil Cunningham','1888-08-02','St. Louis, Missouri, USA');
INSERT INTO "Person" VALUES('0192801','Roland Curram',NULL,'London, England, UK');
INSERT INTO "Person" VALUES('0192958','Finlay Currie','1878-01-20','Edinburgh, Scotland, UK');
INSERT INTO "Person" VALUES('0194742','Arturo de Cordova','1908-05-08','Merida, Yucatan, Mexico');
INSERT INTO "Person" VALUES('0195422','Alexander D''Arcy','1908-08-10','Cairo, Egypt');
INSERT INTO "Person" VALUES('0196247','Howard Da Silva','1909-05-04','Cleveland, Ohio, USA');
INSERT INTO "Person" VALUES('0197636','Stephen Daldry','1961-05-02','Dorset, England, UK');
INSERT INTO "Person" VALUES('0200017','Lisa Daniels',NULL,NULL);
INSERT INTO "Person" VALUES('0200122','William Daniels','1927-03-31','Brooklyn, New York, USA');
INSERT INTO "Person" VALUES('0200981','Kim Darby','1948-07-08','Los Angeles, California, USA');
INSERT INTO "Person" VALUES('0201227','Frank Darien','1876-03-18','New Orleans, Louisiana, USA');
INSERT INTO "Person" VALUES('0201509','Eric Darnell',NULL,NULL);
INSERT INTO "Person" VALUES('0202088','Jules Dassin','1911-12-18','Middletown, Connecticut, USA');
INSERT INTO "Person" VALUES('0202501','Richard Davalos','1935-11-05','New York, New York, USA');
INSERT INTO "Person" VALUES('0202589','Doris Davenport','1917-01-01','Moline, Illinois, USA');
INSERT INTO "Person" VALUES('0202603','Jack Davenport','1973-03-01','Suffolk, England, UK');
INSERT INTO "Person" VALUES('0206257','Rosario Dawson','1979-05-09','New York, New York, USA');
INSERT INTO "Person" VALUES('0208772','Hermino De Guzman',NULL,NULL);
INSERT INTO "Person" VALUES('0209340','George De La Pena','1955-01-01','New York, New York, USA');
INSERT INTO "Person" VALUES('0214430','Eddie Deezen','1958-03-06','Cumberland, Maryland, USA');
INSERT INTO "Person" VALUES('0215015','Nicole DeHuff','1975-01-06','Oklahoma, USA');
INSERT INTO "Person" VALUES('0217935','Carol DeLuise','1935-08-04','Hackensack, New Jersey, USA');
INSERT INTO "Person" VALUES('0222596','Andy Devine','1905-10-07','Flagstaff, Arizona, USA');
INSERT INTO "Person" VALUES('0225767','Dawn Didawick',NULL,NULL);
INSERT INTO "Person" VALUES('0226189','William Dieterle','1893-07-15','Ludwigshafen am Rhein, Rhineland-Palatinate, Germany');
INSERT INTO "Person" VALUES('0226820','Stephen Dillane',NULL,'London, England, UK');
INSERT INTO "Person" VALUES('0226858','Don Dillaway','1903-03-17','New York, New York, USA');
INSERT INTO "Person" VALUES('0226887','Phyllis Diller','1917-07-17','Lima, Ohio, USA');
INSERT INTO "Person" VALUES('0227039','Melinda Dillon','1939-10-13','Hope, Arkansas, USA');
INSERT INTO "Person" VALUES('0227226','Joanne DiMauro',NULL,NULL);
INSERT INTO "Person" VALUES('0227540','Mark Dindal',NULL,'Columbus, Ohio, USA');
INSERT INTO "Person" VALUES('0228715','Richard Dix','1893-07-18','St. Paul, Minnesota, USA');
INSERT INTO "Person" VALUES('0228853','Ivan Dixon','1931-04-06','New York, New York, USA');
INSERT INTO "Person" VALUES('0229694','David Dobkin','1969-01-01',NULL);
INSERT INTO "Person" VALUES('0231946','Heather Donahue','1974-12-22','Upper Darby, Pennsylvania, USA');
INSERT INTO "Person" VALUES('0232019','James Donald','1917-05-18','Aberdeen, Aberdeenshire, Scotland, UK');
INSERT INTO "Person" VALUES('0232196','Robert Donat','1905-03-18','Withington, Manchester, England, UK');
INSERT INTO "Person" VALUES('0233145','Alison Doody','1966-01-01','Dublin, Ireland');
INSERT INTO "Person" VALUES('0233562','David Dorfman','1993-02-07','Los Angeles, California, USA');
INSERT INTO "Person" VALUES('0234541','Roy Dotrice','1923-05-26','Guernsey, Channel Islands, UK');
INSERT INTO "Person" VALUES('0235627','Peggy Dow','1928-03-18','Columbia, Mississippi, USA');
INSERT INTO "Person" VALUES('0235835','Doris Dowling','1923-05-15','Detroit, Michigan, USA');
INSERT INTO "Person" VALUES('0236866','Charles Drake','1917-10-02','New York, New York, USA');
INSERT INTO "Person" VALUES('0237597','Marie Dressler','1868-11-09','Cobourg, Ontario, Canada');
INSERT INTO "Person" VALUES('0238105','Robert Drivas','1938-11-21','Chicago, Illinois, USA');
INSERT INTO "Person" VALUES('0238445','Joanne Dru','1922-01-31','Logan, West Virginia, USA');
INSERT INTO "Person" VALUES('0240381','Hilary Duff','1987-09-28','Houston, Texas, USA');
INSERT INTO "Person" VALUES('0240797','Dennis Dugan','1946-09-05','Wheaton, Illinois, USA');
INSERT INTO "Person" VALUES('0241523','Douglass Dumbrille','1889-10-13','Hamilton, Ontario, Canada');
INSERT INTO "Person" VALUES('0242041','Mary Duncan','1895-08-13','Luttrellville, Virginia, USA');
INSERT INTO "Person" VALUES('0242656','Kevin Dunn','1956-02-26','Chicago, Illinois, USA');
INSERT INTO "Person" VALUES('0242972','Mildred Dunnock','1901-01-25','Baltimore, Maryland, USA');
INSERT INTO "Person" VALUES('0243454','June Duprez','1918-05-14','Teddington, Middlesex, England, UK');
INSERT INTO "Person" VALUES('0243842','Giustino Durano','1923-05-05','Brindisi, Italy');
INSERT INTO "Person" VALUES('0245112','Clea DuVall','1977-09-25','Los Angeles, California, USA');
INSERT INTO "Person" VALUES('0245579','Franklin Dyall','1874-02-03','Liverpool, England, UK');
INSERT INTO "Person" VALUES('0246004','Richard A. Dysart','1929-03-30','Augusta, Maine, USA');
INSERT INTO "Person" VALUES('0249893','Cliff Edwards','1895-06-14','Hannibal, Missouri, USA');
INSERT INTO "Person" VALUES('0251708','Jill Eikenberry','1947-01-21','New Haven, Connecticut, USA');
INSERT INTO "Person" VALUES('0251755','Sally Eilers','1908-12-11','New York, New York, USA');
INSERT INTO "Person" VALUES('0253141','John Eldredge','1904-08-30','San Francisco, California, USA');
INSERT INTO "Person" VALUES('0254402','Chris Elliott','1960-05-31','New York, New York, USA');
INSERT INTO "Person" VALUES('0258089','Rene Enriquez','1933-11-24','San Francisco, California, USA');
INSERT INTO "Person" VALUES('0262635','Chris Evans','1981-06-13','Sudbury, Massachusetts, USA');
INSERT INTO "Person" VALUES('0262725','Edith Evans','1888-02-08','London, England, UK');
INSERT INTO "Person" VALUES('0262923','Josh Evans','1971-01-01','New York, New York, USA');
INSERT INTO "Person" VALUES('0262968','Lee Evans','1964-02-25','Avonmouth, Bristol, England, UK');
INSERT INTO "Person" VALUES('0263052','Maurice Evans','1901-06-03','Dorchester, Dorset, England, UK');
INSERT INTO "Person" VALUES('0264236','Richard Eyre','1943-03-28','Barnstaple, Devon, England, UK');
INSERT INTO "Person" VALUES('0264278','William Eythe','1918-04-07','Mars, Pennsylvania, USA');
INSERT INTO "Person" VALUES('0265363','Peter Faiman',NULL,NULL);
INSERT INTO "Person" VALUES('0266824','Dakota Fanning','1994-02-23','Conyers, Georgia, USA');
INSERT INTO "Person" VALUES('0268190','Charles Farrell','1901-08-09','Onset Bay, Massachusetts, USA');
INSERT INTO "Person" VALUES('0268199','Colin Farrell','1976-05-31','Castleknock, Dublin, Ireland');
INSERT INTO "Person" VALUES('0268297','Nicholas Farrell',NULL,NULL);
INSERT INTO "Person" VALUES('0268370','Bobby Farrelly',NULL,'Cumberland, Rhode Island, USA');
INSERT INTO "Person" VALUES('0268380','Peter Farrelly','1956-12-17','Phoenixville, Pennsylvania, USA');
INSERT INTO "Person" VALUES('0269463','Jon Favreau','1966-10-19','Queens, New York, USA');
INSERT INTO "Person" VALUES('0269647','Alice Faye','1915-05-05','New York, New York, USA');
INSERT INTO "Person" VALUES('0272059','Leslie Fenton','1902-03-12','Liverpool, England, UK');
INSERT INTO "Person" VALUES('0274913','Pam Ferris','1948-01-01','Hannover, Lower Saxony, West Germany');
INSERT INTO "Person" VALUES('0277975','Frank Finlay','1926-08-06','Farnworth, Lancashire, England, UK');
INSERT INTO "Person" VALUES('0278052','Karen Finley','1956-01-01','Evanston, Illinois, USA');
INSERT INTO "Person" VALUES('0279472','Eddie Fisher','1928-08-10','Philadelphia, Pennsylvania, USA');
INSERT INTO "Person" VALUES('0279545','Isla Fisher','1976-02-03','Muscat, Oman');
INSERT INTO "Person" VALUES('0280178','Barry Fitzgerald','1888-03-10','Dublin, Ireland');
INSERT INTO "Person" VALUES('0280242','Geraldine Fitzgerald','1913-11-24','Dublin, Ireland');
INSERT INTO "Person" VALUES('0280707','Paul Fix','1901-03-13','Dobbs Ferry, New York, USA');
INSERT INTO "Person" VALUES('0281486','Charles Fleischer','1950-08-27','Washington, District of Columbia, USA');
INSERT INTO "Person" VALUES('0281808','Victor Fleming','1883-02-23','Pasadena, California, USA');
INSERT INTO "Person" VALUES('0282665','Carol Florence',NULL,NULL);
INSERT INTO "Person" VALUES('0285922','Wallace Ford','1898-02-12','Bolton, Lancashire, England, UK');
INSERT INTO "Person" VALUES('0286335','David Forman',NULL,NULL);
INSERT INTO "Person" VALUES('0288003','Preston Foster','1900-08-24','Ocean City, New Jersey, USA');
INSERT INTO "Person" VALUES('0288976','Emilia Fox','1974-01-01','England, UK');
INSERT INTO "Person" VALUES('0289038','James Fox','1939-05-19','London, England, UK');
INSERT INTO "Person" VALUES('0290556','James Franco','1978-04-19','Palo Alto, California, USA');
INSERT INTO "Person" VALUES('0291035','Melvin Frank','1913-08-13','Chicago, Illinois, USA');
INSERT INTO "Person" VALUES('0291512','Pamela Franklin','1950-02-03','Yokohama, Japan');
INSERT INTO "Person" VALUES('0291548','Sidney Franklin','1893-03-21','San Francisco, California, USA');
INSERT INTO "Person" VALUES('0293455','Jonathan Freeman','1950-02-05','Cleaveland, Ohio, USA');
INSERT INTO "Person" VALUES('0293550','Paul Freeman','1943-01-18','Barnet, Hertfordshire, England, UK');
INSERT INTO "Person" VALUES('0298807','Antoine Fuqua','1966-01-19','Pittsburgh, Pennsylvania, USA');
INSERT INTO "Person" VALUES('0300265','Mike Gabriel',NULL,NULL);
INSERT INTO "Person" VALUES('0300866','Stephen Gaghan','1965-05-06','Louisville, Kentucky, USA');
INSERT INTO "Person" VALUES('0301348','Richard Gaines','1904-07-23','Oklahoma City, Oklahoma, USA');
INSERT INTO "Person" VALUES('0306696','Vincent Gardenia','1922-01-07','Naples, Italy');
INSERT INTO "Person" VALUES('0308882','Lorraine Gary','1937-08-16','New York, New York, USA');
INSERT INTO "Person" VALUES('0309588','Larry Gates','1915-09-24','St. Paul, Minnesota, USA');
INSERT INTO "Person" VALUES('0310850','Nona Gaye','1974-09-04','Washington, District of Columbia, USA');
INSERT INTO "Person" VALUES('0310980','Janet Gaynor','1906-10-06','Philadelphia, Pennsylvania, USA');
INSERT INTO "Person" VALUES('0314358','Claudia Gerini','1971-12-18','Rome, Italy');
INSERT INTO "Person" VALUES('0314671','Clyde Geronimi','1901-06-12','Italy');
INSERT INTO "Person" VALUES('0314776','Daniel Gerroll','1951-10-16','London, England, UK');
INSERT INTO "Person" VALUES('0314867','Betty Lou Gerson','1914-04-20','Chattanooga, Tennessee, USA');
INSERT INTO "Person" VALUES('0316079','Paul Giamatti','1967-06-06','New York, USA');
INSERT INTO "Person" VALUES('0316284','Giancarlo Giannini','1942-08-01','La Spezia, Italy');
INSERT INTO "Person" VALUES('0316701','Mary Gibbs','1996-01-01',NULL);
INSERT INTO "Person" VALUES('0318527','Jack Gilford','1908-07-25','New York, New York, USA');
INSERT INTO "Person" VALUES('0320006','Hermione Gingold','1897-12-09','London, England, UK');
INSERT INTO "Person" VALUES('0322299','James Gleason','1882-05-23','New York, New York, USA');
INSERT INTO "Person" VALUES('0322407','Brendan Gleeson','1955-11-09','Belfast, Ireland, UK');
INSERT INTO "Person" VALUES('0322513','Iain Glen','1961-06-24','Edinburgh, Scotland, UK');
INSERT INTO "Person" VALUES('0323344','Carlin Glynn','1940-02-19',NULL);
INSERT INTO "Person" VALUES('0325959','Lelia Goldoni',NULL,'New York, New York, USA');
INSERT INTO "Person" VALUES('0326809','Minna Gombell','1892-05-28','Baltimore, Maryland, USA');
INSERT INTO "Person" VALUES('0327160','Allison Gompf',NULL,NULL);
INSERT INTO "Person" VALUES('0328604','Milton Goncalves','1933-12-09','Monte Santo, MG, Brazil');
INSERT INTO "Person" VALUES('0328751','Caroline Goodall','1959-11-13','London, England, UK');
INSERT INTO "Person" VALUES('0329433','Bill Goodwin','1910-07-28','San Francisco, California, USA');
INSERT INTO "Person" VALUES('0329773','Alicia Goranson','1974-06-22','Evanston, Illinois, USA');
INSERT INTO "Person" VALUES('0330456','Michael Gordon','1909-09-06','Baltimore, Maryland, USA');
INSERT INTO "Person" VALUES('0330619','Steve Gordon','1938-01-01','Chester, Pennsylvania, USA');
INSERT INTO "Person" VALUES('0330961','Marius Goring','1912-05-23','Newport, Isle of Wight, England, UK');
INSERT INTO "Person" VALUES('0331186','Karen Lynn Gorney','1945-01-28','Beverly Hills, California, USA');
INSERT INTO "Person" VALUES('0331532','Raja Gosnell','1958-01-02','Los Angeles, California, USA');
INSERT INTO "Person" VALUES('0332539','Edmund Goulding','1891-03-20','Feltham, Middlesex, England, UK');
INSERT INTO "Person" VALUES('0334175','Kyle Graham',NULL,NULL);
INSERT INTO "Person" VALUES('0334375','Margot Grahame','1911-02-20','Canterbury, Kent, England, UK');
INSERT INTO "Person" VALUES('0334581','Albert Gran','1862-08-04','Bergen, Norway');
INSERT INTO "Person" VALUES('0335519','Lee Grant','1927-10-31','New York, New York, USA');
INSERT INTO "Person" VALUES('0335788','Charley Grapewin','1869-12-20','Xenia, Ohio, USA');
INSERT INTO "Person" VALUES('0337595','Alfred E. Green','1889-07-11','Perris, California, USA');
INSERT INTO "Person" VALUES('0337885','Guy Green','1913-11-05','Somerset, England, UK');
INSERT INTO "Person" VALUES('0338191','Mitzi Green','1920-10-22','The Bronx, New York, USA');
INSERT INTO "Person" VALUES('0338901','Richard Greene','1918-08-25','Plymouth, Devon, England, UK');
INSERT INTO "Person" VALUES('0339030','Paul Greengrass','1955-08-13','Cheam, Surrey, England, UK');
INSERT INTO "Person" VALUES('0339304','Bruce Greenwood','1956-08-12','Noranda, Quebec, Canada');
INSERT INTO "Person" VALUES('0339343','Joan Greenwood','1921-03-04','Chelsea, London, England, UK');
INSERT INTO "Person" VALUES('0340706','Virginia Grey','1917-03-22','Los Angeles, California, USA');
INSERT INTO "Person" VALUES('0340926','Helmut Griem','1932-04-06','Hamburg, Germany');
INSERT INTO "Person" VALUES('0341124','Bob Griffin',NULL,NULL);
INSERT INTO "Person" VALUES('0341464','Corinne Griffith','1894-11-24','Texarkana, Texas, USA');
INSERT INTO "Person" VALUES('0341518','Hugh Griffith','1912-05-30','Marian Glas, Anglesey, Wales, UK');
INSERT INTO "Person" VALUES('0341743','Richard Griffiths','1947-07-31','Thornaby-on-Tees, Cleveland, England, UK');
INSERT INTO "Person" VALUES('0342488','Rupert Grint','1988-08-24','Hertfordshire, England, UK');
INSERT INTO "Person" VALUES('0343260','Ulu Grosbard','1929-01-09','Antwerp, Antwerp, Belgium');
INSERT INTO "Person" VALUES('0344435','Ioan Gruffudd','1973-10-06','Cardiff, Wales, UK');
INSERT INTO "Person" VALUES('0347858','David Gulpilil','1953-07-01','Maningrida, Arnhem Land, Northern Territory, Australia');
INSERT INTO "Person" VALUES('0348409','Bob Gunton','1945-11-15','Santa Monica, California, USA');
INSERT INTO "Person" VALUES('0350079','Luis Guzman','1957-01-01','Cayey, Puerto Rico');
INSERT INTO "Person" VALUES('0350250','Georges Guetary','1915-02-08','Alexandria, Egypt');
INSERT INTO "Person" VALUES('0350324','Edmund Gwenn','1875-09-26','Vale of Glamorgan, Wales, UK');
INSERT INTO "Person" VALUES('0350453','Jake Gyllenhaal','1980-12-19','Los Angeles, California, USA');
INSERT INTO "Person" VALUES('0353467','Uta Hagen','1919-06-12','Gottingen, Germany');
INSERT INTO "Person" VALUES('0353673','Paul Haggis','1953-03-10','London, Ontario, Canada');
INSERT INTO "Person" VALUES('0353916','Jess Hahn','1921-10-29','Terre Haute, Indiana, USA');
INSERT INTO "Person" VALUES('0354279','Randa Haines','1945-02-20','Los Angeles, California, USA');
INSERT INTO "Person" VALUES('0358069','Murray Hamilton','1923-03-24','Washington, North Carolina, USA');
INSERT INTO "Person" VALUES('0358076','Neil Hamilton','1899-09-09','Lynn, Massachusetts, USA');
INSERT INTO "Person" VALUES('0359774','Anne Haney','1934-03-04','Memphis, Tennessee, USA');
INSERT INTO "Person" VALUES('0360567','Laurence Hanray','1874-05-16','London, England, UK');
INSERT INTO "Person" VALUES('0361823','Haya Harareet','1931-09-20','Haifa, Israel');
INSERT INTO "Person" VALUES('0362567','Cedric Hardwicke','1893-02-19','Stourbridge, England, UK');
INSERT INTO "Person" VALUES('0364455','Barbara Harris','1935-07-25','Evanston, Illinois, USA');
INSERT INTO "Person" VALUES('0364915','Julie Harris','1925-12-02','Grosse Point Park, Michigan, USA');
INSERT INTO "Person" VALUES('0365201','Phil Harris','1904-06-24','Linton, Indiana, USA');
INSERT INTO "Person" VALUES('0365281','Rosemary Harris','1927-09-19','Ashby, Suffolk, England, UK');
INSERT INTO "Person" VALUES('0366667','Leslie Harter Zemeckis',NULL,NULL);
INSERT INTO "Person" VALUES('0366946','Elizabeth Hartman','1943-12-23','Youngstown, Ohio, USA');
INSERT INTO "Person" VALUES('0368516','Signe Hasso','1910-08-15','Stockholm, Sweden');
INSERT INTO "Person" VALUES('0368871','Henry Hathaway','1898-03-13','Sacramento, California, USA');
INSERT INTO "Person" VALUES('0369513','Cole Hauser','1975-03-22','Santa Barbara, California, USA');
INSERT INTO "Person" VALUES('0369814','Nigel Havers','1949-11-06','London, England, UK');
INSERT INTO "Person" VALUES('0370144','Jack Hawkins','1910-09-14','Wood Green, London, England, UK');
INSERT INTO "Person" VALUES('0370564','Sessue Hayakawa','1889-06-10','Nanaura, Chiba, Japan');
INSERT INTO "Person" VALUES('0370821','Richard Haydn','1905-03-10','London, England, UK');
INSERT INTO "Person" VALUES('0371040','Helen Hayes','1900-10-10','Washington, District of Columbia, USA');
INSERT INTO "Person" VALUES('0371824','Chris Haywood','1948-07-24','Billericay, Essex, England, UK');
INSERT INTO "Person" VALUES('0372217','Anthony Heald','1944-08-25','New Rochelle, New York, USA');
INSERT INTO "Person" VALUES('0372475','Ann Hearn',NULL,NULL);
INSERT INTO "Person" VALUES('0373012','Eileen Heckart','1919-03-29','Columbus, Ohio, USA');
INSERT INTO "Person" VALUES('0374348','Laurie Heineman',NULL,NULL);
INSERT INTO "Person" VALUES('0375629','Levon Helm','1942-05-26','Marvell, Arkansas, USA');
INSERT INTO "Person" VALUES('0376540','Martin Henderson','1974-10-08','Auckland, New Zealand');
INSERT INTO "Person" VALUES('0377416','Pat Henning','1911-01-01',NULL);
INSERT INTO "Person" VALUES('0377888','Justin Henry','1971-05-25','Rye, New York, USA');
INSERT INTO "Person" VALUES('0378893','Stephen Herek','1958-11-10','San Antonio, Texas, USA');
INSERT INTO "Person" VALUES('0380965','Jean Hersholt','1886-07-12','Copenhagen, Denmark');
INSERT INTO "Person" VALUES('0382676','William Hickey','1928-09-19','Brooklyn, New York, USA');
INSERT INTO "Person" VALUES('0382722','Dwayne Hickman','1934-05-18','Los Angeles, California, USA');
INSERT INTO "Person" VALUES('0382956','Scott Hicks','1953-03-04','Uganda');
INSERT INTO "Person" VALUES('0383603','Freddie Highmore','1992-02-14','London, England, UK');
INSERT INTO "Person" VALUES('0384276','George W. Hill','1895-04-25','Douglas, Kansas, USA');
INSERT INTO "Person" VALUES('0384908','Wendy Hiller','1912-08-15','Bramhall, Cheshire, England, UK');
INSERT INTO "Person" VALUES('0384916','John Hillerman','1932-12-20','Denison, Texas, USA');
INSERT INTO "Person" VALUES('0385757','Pat Hingle','1924-07-19','Denver, Colorado, USA');
INSERT INTO "Person" VALUES('0387432','Judith Hoag','1968-06-29','Newburyport, Massachusetts, USA');
INSERT INTO "Person" VALUES('0387556','Rose Hobart','1906-05-01','New York, New York, USA');
INSERT INTO "Person" VALUES('0390192','Gloria Holden','1908-09-05','London, England, UK');
INSERT INTO "Person" VALUES('0391062','Judy Holliday','1921-06-21','New York, New York, USA');
INSERT INTO "Person" VALUES('0391072','Polly Holliday','1937-07-02','Jasper, Alabama, USA');
INSERT INTO "Person" VALUES('0391361','Stanley Holloway','1890-10-01','London, England, UK');
INSERT INTO "Person" VALUES('0392529','Tim Holt','1918-02-05','Beverly Hills, Los Angeles, California, USA');
INSERT INTO "Person" VALUES('0394244','Miriam Hopkins','1902-10-18','Bainbridge, Georgia, USA');
INSERT INTO "Person" VALUES('0396819','Donald Houston','1923-11-06','Tonypandy, Wales, UK');
INSERT INTO "Person" VALUES('0397397','John Howard','1913-04-14','Cleveland, Ohio, USA');
INSERT INTO "Person" VALUES('0399345','Gusti Huber','1914-07-27','Wiener Neustadt, Austria-Hungary, now Austria');
INSERT INTO "Person" VALUES('0399853','Hugh Hudson','1936-08-25','London, England, UK');
INSERT INTO "Person" VALUES('0401434','Henry Hull','1890-10-03','Louisville, Kentucky, USA');
INSERT INTO "Person" VALUES('0401449','Josephine Hull','1886-01-03','Newtonville, Massachusetts, USA');
INSERT INTO "Person" VALUES('0402558','Martita Hunt','1900-01-30','Buenos Aires, Argentina');
INSERT INTO "Person" VALUES('0404046','Ruth Hussey','1914-10-30','Providence, Rhode Island, USA');
INSERT INTO "Person" VALUES('0404158','Walter Huston','1884-04-06','Toronto, Ontario, Canada');
INSERT INTO "Person" VALUES('0404360','Josephine Hutchinson','1903-10-12','Seattle, Washington, USA');
INSERT INTO "Person" VALUES('0405035','Wilfrid Hyde-White','1903-05-12','Bourton-on-the-Water, Gloucestershire, England, UK');
INSERT INTO "Person" VALUES('0409869','John Ireland','1914-01-30','Vancouver, British Columbia, Canada');
INSERT INTO "Person" VALUES('0410347','Bill Irwin','1950-04-11','Santa Monica, California, USA');
INSERT INTO "Person" VALUES('0412322','Burl Ives','1909-06-14','Hunt, Illinois, USA');
INSERT INTO "Person" VALUES('0412465','James Ivory','1928-06-07','Berkeley, California, USA');
INSERT INTO "Person" VALUES('0413168','Hugh Jackman','1968-10-12','Sydney, New South Wales, Australia');
INSERT INTO "Person" VALUES('0413559','Glenda Jackson','1936-05-09','Birkenhead, Cheshire, England, UK');
INSERT INTO "Person" VALUES('0413561','Gordon Jackson','1923-12-19','Glasgow, Scotland, UK');
INSERT INTO "Person" VALUES('0415591','Dean Jagger','1903-11-07','Columbus Grove, Ohio, USA');
INSERT INTO "Person" VALUES('0416673','Kevin James','1965-04-26','Stony Brook, New York, USA');
INSERT INTO "Person" VALUES('0417824','Leon Janney','1917-04-01','Ogden, Utah, USA');
INSERT INTO "Person" VALUES('0417829','William Janney','1908-02-15','New York, New York, USA');
INSERT INTO "Person" VALUES('0417837','Emil Jannings','1884-07-23','Rorschach, Switzerland');
INSERT INTO "Person" VALUES('0419051','Francesca Jarvis',NULL,NULL);
INSERT INTO "Person" VALUES('0420941','Patty Jenkins',NULL,NULL);
INSERT INTO "Person" VALUES('0422015','Edwin Jerome','1885-12-30','New York, New York, USA');
INSERT INTO "Person" VALUES('0422484','Norman Jewison','1926-07-21','Toronto, Ontario, Canada');
INSERT INTO "Person" VALUES('0423646','Roland Joffe','1945-11-17','London, England, UK');
INSERT INTO "Person" VALUES('0424216','Johnny Knoxville','1971-03-11','Knoxville, Tennessee, USA');
INSERT INTO "Person" VALUES('0424318','Glynis Johns','1923-10-05','Pretoria, South Africa');
INSERT INTO "Person" VALUES('0424534','Ashley Johnson','1983-08-09','Camarillo, California, USA');
INSERT INTO "Person" VALUES('0424565','Ben Johnson','1918-06-13','Foraker, Shidler, Oklahoma, USA');
INSERT INTO "Person" VALUES('0424743','Celia Johnson','1908-12-18','Ellerker Gate, Richmond, Surrey, England, UK');
INSERT INTO "Person" VALUES('0425287','Jake Johnson','1997-05-20','Valencia, California, USA');
INSERT INTO "Person" VALUES('0425913','Nunnally Johnson','1897-12-05','Columbus, Georgia, USA');
INSERT INTO "Person" VALUES('0425928','P.J. Johnson',NULL,NULL);
INSERT INTO "Person" VALUES('0426333','Tim Johnson',NULL,NULL);
INSERT INTO "Person" VALUES('0427728','Cherry Jones','1956-11-21','Paris, Tennessee, USA');
INSERT INTO "Person" VALUES('0427756','Christopher Jones','1941-08-18','Jackson, Tennessee, USA');
INSERT INTO "Person" VALUES('0428354','Jennifer Jones','1919-03-02','Tulsa, Oklahoma, USA');
INSERT INTO "Person" VALUES('0428923','Nathan Jones','1969-08-21','Gold Coast, Queensland, Australia');
INSERT INTO "Person" VALUES('0429250','Shirley Jones','1934-03-31','Charleroi, Pennsylvania, USA');
INSERT INTO "Person" VALUES('0429923','Dorothy Jordan','1906-08-09','Clarksville, Tennessee, USA');
INSERT INTO "Person" VALUES('0430460','Victor Jory','1902-11-23','Dawson City, Yukon Territory, Canada');
INSERT INTO "Person" VALUES('0431139','Louis Jourdan','1919-06-19','Marseille, France');
INSERT INTO "Person" VALUES('0432827','Katy Jurado','1924-01-16','Guadalajara, Jalisco, Mexico');
INSERT INTO "Person" VALUES('0438279','Jonathan Kaplan','1947-11-25','Paris, France');
INSERT INTO "Person" VALUES('0439334','Rita Karin','1919-10-24','Wilno, Poland (which is now Vilnius, Lithuania)');
INSERT INTO "Person" VALUES('0439850','Roscoe Karns','1891-09-07','San Bernardino, California, USA. (usually erroneously given as 1893)');
INSERT INTO "Person" VALUES('0440885','John Kassir','1962-10-24','Baltimore, Maryland, USA');
INSERT INTO "Person" VALUES('0441501','Milton Katselas','1933-12-22','Pittsburgh, Pennsylvania, USA');
INSERT INTO "Person" VALUES('0442512','Caroline Kava',NULL,NULL);
INSERT INTO "Person" VALUES('0443401','Stubby Kaye','1918-11-11','New York, New York, USA');
INSERT INTO "Person" VALUES('0443577','Lainie Kazan','1940-05-15','New York, New York, USA');
INSERT INTO "Person" VALUES('0444321','Lila Kedrova','1918-10-09','Petrograd, Soviet Union (now St. Petersburg, Russia)');
INSERT INTO "Person" VALUES('0445246','Ian Keith','1899-02-27','Boston, Massachusetts, USA');
INSERT INTO "Person" VALUES('0445290','Robert Keith','1898-02-10','Fowler, Indiana, USA. (some sources say 1896)');
INSERT INTO "Person" VALUES('0445523','Cecil Kellaway','1893-08-22','Capetown, South Africa');
INSERT INTO "Person" VALUES('0446303','David Kelly','1929-07-11','Dublin, Ireland');
INSERT INTO "Person" VALUES('0447913','Arthur Kennedy','1914-02-17','Worcester, Massachusetts, USA');
INSERT INTO "Person" VALUES('0448097','Jihmi Kennedy',NULL,'Los Angeles, California, USA');
INSERT INTO "Person" VALUES('0449984','Irvin Kershner','1923-04-29','Philadelphia, Pennsylvania, USA');
INSERT INTO "Person" VALUES('0450810','Evelyn Keyes','1919-11-20','Port Arthur, Texas, USA');
INSERT INTO "Person" VALUES('0452953','Terry Kilburn','1926-11-25','London, England, UK');
INSERT INTO "Person" VALUES('0453248','Buzz Kilman',NULL,NULL);
INSERT INTO "Person" VALUES('0454558','Charles King','1889-10-31','New York, New York, USA');
INSERT INTO "Person" VALUES('0454771','Henry King','1886-01-24','Christiansburg, Virginia, USA');
INSERT INTO "Person" VALUES('0454865','Jim King',NULL,NULL);
INSERT INTO "Person" VALUES('0455767','Terry Kinney','1954-01-29','Lincoln, Illinois, USA');
INSERT INTO "Person" VALUES('0456124','Bruno Kirby','1949-04-28','New York, New York, USA');
INSERT INTO "Person" VALUES('0457655','Michael Kitchen','1948-10-31','Leicester, Leicestershire, England, UK');
INSERT INTO "Person" VALUES('0459170','Randal Kleiser','1946-07-20','Philadelphia, Pennsylvania, USA');
INSERT INTO "Person" VALUES('0460874','Esmond Knight','1906-05-04','East Sheen, Surrey, England, UK');
INSERT INTO "Person" VALUES('0461136','Keira Knightley','1985-03-26','Teddington, Middlesex, England, UK');
INSERT INTO "Person" VALUES('0461455','Don Knotts','1924-07-21','Morgantown, West Virginia, USA');
INSERT INTO "Person" VALUES('0461498','Beyonce Knowles','1981-09-04','Houston, Texas, USA');
INSERT INTO "Person" VALUES('0466099','Alexander Korda','1893-09-16','Pusztaturpaszto, Austria-Hungary (now Hungary)');
INSERT INTO "Person" VALUES('0467085','Jerzy Kosinski','1933-06-14','Lodz, Poland');
INSERT INTO "Person" VALUES('0467396','Henry Koster','1905-05-01','Berlin, Germany');
INSERT INTO "Person" VALUES('0468957','Linda Kozlowski','1958-01-07','Fairfield, Connecticut, USA');
INSERT INTO "Person" VALUES('0470981','Thomas Kretschmann','1962-09-08','Dessau, East Germany');
INSERT INTO "Person" VALUES('0472710','David Krumholtz','1978-05-15','New York, New York, USA');
INSERT INTO "Person" VALUES('0472816','Jack Kruschen','1922-03-20','Winnipeg, Manitoba, Canada');
INSERT INTO "Person" VALUES('0474122','Judy Kuhn','1958-05-20','New York, USA');
INSERT INTO "Person" VALUES('0479951','Ronald Lacey','1935-09-28','Harrow, London, England, UK');
INSERT INTO "Person" VALUES('0483787','Dorothy Lamour','1914-12-10','New Orleans, Louisiana, USA');
INSERT INTO "Person" VALUES('0484770','Domingo Landicho',NULL,NULL);
INSERT INTO "Person" VALUES('0485943','Walter Lang','1896-08-10','Memphis, Tennessee, USA');
INSERT INTO "Person" VALUES('0488267','Bryan Larkin',NULL,NULL);
INSERT INTO "Person" VALUES('0488306','Linda Larkin','1970-03-20','Hollywood, California, USA');
INSERT INTO "Person" VALUES('0490477','Ellen Hamilton Latzen','1980-07-26',NULL);
INSERT INTO "Person" VALUES('0490639','Wesley Lau','1921-06-18','Sheboygan, Wisconsin, USA');
INSERT INTO "Person" VALUES('0491402','Hugh Laurie','1959-06-11','Oxford, Oxfordshire, England, UK');
INSERT INTO "Person" VALUES('0491406','John Laurie','1897-03-25','Dumfries, Dumfriesshire, Scotland, UK');
INSERT INTO "Person" VALUES('0492566','Sean Lawlor',NULL,NULL);
INSERT INTO "Person" VALUES('0493026','Stanley Lawrence',NULL,NULL);
INSERT INTO "Person" VALUES('0494432','Paul Le Mat','1952-09-22','Rahway, New Jersey, USA');
INSERT INTO "Person" VALUES('0496819','Anna Lee','1913-01-02','Igtham, Kent, England, UK');
INSERT INTO "Person" VALUES('0500021','Fritz Leiber','1882-01-31','Chicago, Illinois, USA');
INSERT INTO "Person" VALUES('0500038','Ron Leibman','1937-10-11','New York, New York, USA');
INSERT INTO "Person" VALUES('0500343','Eric Leighton','1962-11-06','San Diego, California, USA');
INSERT INTO "Person" VALUES('0500552','Mitchell Leisen','1898-10-06','Menominee, Michigan, USA');
INSERT INTO "Person" VALUES('0501183','Harvey Lembeck','1923-04-15','Brooklyn, New York, USA');
INSERT INTO "Person" VALUES('0501185','Michael Lembeck','1948-06-25','Brooklyn, New York, USA');
INSERT INTO "Person" VALUES('0502015','Harry J. Lennix','1964-11-16','Chicago, Illinois, USA');
INSERT INTO "Person" VALUES('0502360','Rick Lenz','1939-11-21','Springfield, Illinois, USA');
INSERT INTO "Person" VALUES('0502671','Joshua Leonard','1975-06-17','Houston, Texas, USA');
INSERT INTO "Person" VALUES('0502752','Robert Z. Leonard','1889-10-07','Chicago, Illinois, USA');
INSERT INTO "Person" VALUES('0503777','Mervyn LeRoy','1900-10-15','San Francisco, California, USA');
INSERT INTO "Person" VALUES('0504125','Joan Leslie','1925-01-26','Detroit, Michigan, USA');
INSERT INTO "Person" VALUES('0504492','Mark Lester','1958-07-11','Oxford, Oxfordshire, England, UK');
INSERT INTO "Person" VALUES('0504962','Ken Leung',NULL,'New York, New York, USA');
INSERT INTO "Person" VALUES('0505152','Brian Levant','1952-08-06','Highland Park, Illinois, USA');
INSERT INTO "Person" VALUES('0505157','Oscar Levant','1906-12-27','Pittsburgh, Pennsylvania, USA');
INSERT INTO "Person" VALUES('0505971','Ted Levine','1958-05-29','Parma, Ohio, USA');
INSERT INTO "Person" VALUES('0506405','Eugene Levy','1946-12-17','Hamilton, Ontario, Canada');
INSERT INTO "Person" VALUES('0506613','Shawn Levy',NULL,NULL);
INSERT INTO "Person" VALUES('0506784','Jose Lewgoy','1920-11-16','Veranopolis, RS, Brazil');
INSERT INTO "Person" VALUES('0507659','Richard Lewis','1947-06-29','Brooklyn, New York, USA');
INSERT INTO "Person" VALUES('0510134','Paul Lukas','1895-05-26','Budapest, Austria-Hungary (now Budapest, Hungary)');
INSERT INTO "Person" VALUES('0510731','Doug Liman','1965-01-01',NULL);
INSERT INTO "Person" VALUES('0511614','Jennie Linden','1939-12-08','Worthing, Sussex, England, UK');
INSERT INTO "Person" VALUES('0511695','Cec Linder','1921-03-10','Timmins, Ontario, Canada');
INSERT INTO "Person" VALUES('0512267','Margaret Lindsay','1910-09-19','Dubuque, Iowa, USA');
INSERT INTO "Person" VALUES('0513520','Maureen Lipman','1946-05-10','Hull, Yorkshire, England, UK');
INSERT INTO "Person" VALUES('0514783','Robert Littman',NULL,NULL);
INSERT INTO "Person" VALUES('0514822','Anatole Litvak','1902-05-10','Kiev, Russian Empire (now Ukraine)');
INSERT INTO "Person" VALUES('0515979','Frank Lloyd','1886-02-02','Glasgow, Scotland, UK');
INSERT INTO "Person" VALUES('0516215','Tony Lo Bianco','1935-10-19','Brooklyn, New York, USA');
INSERT INTO "Person" VALUES('0516876','Gene Lockhart','1891-07-18','London, Ontario, Canada');
INSERT INTO "Person" VALUES('0517444','Carey Loftin','1914-01-31','Blountstown, Florida, USA');
INSERT INTO "Person" VALUES('0517597','Joshua Logan','1908-10-05','Texarkana, Texas, USA');
INSERT INTO "Person" VALUES('0518057','Giuliana Lojodice','1940-08-12','Bari, Italy');
INSERT INTO "Person" VALUES('0518085','Kristanna Loken','1979-10-08','Ghent, New York, USA');
INSERT INTO "Person" VALUES('0518394','Paul J. Lombardi',NULL,NULL);
INSERT INTO "Person" VALUES('0518687','Daniel London',NULL,'Pittsburgh, Pennsylvania, USA');
INSERT INTO "Person" VALUES('0518821','John Lone','1952-10-13','Hong Kong');
INSERT INTO "Person" VALUES('0518880','Avon Long','1910-06-18','Baltimore, Maryland, USA');
INSERT INTO "Person" VALUES('0521300','Tilly Losch','1904-11-15','Vienna, Austria');
INSERT INTO "Person" VALUES('0521781','Jonathan Loughran',NULL,NULL);
INSERT INTO "Person" VALUES('0521861','Dominique Louis',NULL,NULL);
INSERT INTO "Person" VALUES('0521937','Anita Louise','1915-01-09','New York, New York, USA');
INSERT INTO "Person" VALUES('0522281','Bessie Love','1898-09-10','Midland, Texas, USA');
INSERT INTO "Person" VALUES('0522927','Edmund Lowe','1890-03-03','San Jose, California, USA');
INSERT INTO "Person" VALUES('0524197','Josh Lucas','1971-06-20','Arkansas, USA');
INSERT INTO "Person" VALUES('0524839','Ludacris','1977-09-11','Champaign, Illinois, USA');
INSERT INTO "Person" VALUES('0525526','Paul Lukas','1887-05-26','Budapest, Austria-Hungary (now Budapest, Hungary)');
INSERT INTO "Person" VALUES('0526707','Sihung Lung','1930-01-01','China');
INSERT INTO "Person" VALUES('0526985','Patti LuPone','1949-04-21','Northport, Long Island, New York, USA');
INSERT INTO "Person" VALUES('0527501','Alfred Lutter III','1962-03-21','Ridgewood, New Jersey, USA');
INSERT INTO "Person" VALUES('0528331','Jane Lynch','1960-07-14','Dolton, Illinois, USA');
INSERT INTO "Person" VALUES('0528718','Jonathan Lynn','1943-04-03','Bath, Somerset, England, UK. [now Bath and North East Somerset, England, UK]');
INSERT INTO "Person" VALUES('0531759','J. Farrell MacDonald','1875-06-06','Waterbury, Connecticut, USA');
INSERT INTO "Person" VALUES('0532277','Niall MacGinnis','1913-03-29','Dublin, Ireland');
INSERT INTO "Person" VALUES('0533692','Barton MacLane','1902-12-25','Columbia, South Carolina, USA');
INSERT INTO "Person" VALUES('0534045','Fred MacMurray','1908-08-30','Kankakee, Illinois, USA');
INSERT INTO "Person" VALUES('0534085','Robert MacNaughton','1966-12-19','New York, New York, USA');
INSERT INTO "Person" VALUES('0536167','Anna Magnani','1908-03-07','Rome, Latium, Italy');
INSERT INTO "Person" VALUES('0538655','Wendy Makkena','1963-06-10','Richland Center, Wisconsin, USA');
INSERT INTO "Person" VALUES('0540416','Dorothy Malone','1925-01-30','Chicago, Illinois, USA');
INSERT INTO "Person" VALUES('0541766','Miles Mander','1888-05-14','Wolverhampton, Staffordshire, England, UK');
INSERT INTO "Person" VALUES('0542702','Daniel Mann','1912-08-08','Brooklyn, New York, New York, USA');
INSERT INTO "Person" VALUES('0542720','Delbert Mann','1920-01-30','Lawrence, Kansas, USA');
INSERT INTO "Person" VALUES('0542858','Lisa Mann',NULL,NULL);
INSERT INTO "Person" VALUES('0543287','Irene Manning','1916-07-17','Cincinnati, Ohio, USA');
INSERT INTO "Person" VALUES('0544064','Joe Mantell','1920-12-21','New York, New York, USA');
INSERT INTO "Person" VALUES('0545298','Fredric March','1897-08-31','Racine, Wisconsin, USA');
INSERT INTO "Person" VALUES('0549280','Hugh Marlowe','1911-01-30','Philadelphia, Pennsylvania, USA');
INSERT INTO "Person" VALUES('0549539','Adoni Maropis',NULL,NULL);
INSERT INTO "Person" VALUES('0549658','Richard Marquand','1938-04-17','Cardiff, Wales, UK');
INSERT INTO "Person" VALUES('0551128','Rob Marshall','1960-10-17','Madison, Wisconsin, USA');
INSERT INTO "Person" VALUES('0553349','Elsa Martinelli','1935-01-13','Grosseto, Italy');
INSERT INTO "Person" VALUES('0556850','Marsha Mason','1942-04-03','St. Louis, Missouri, USA');
INSERT INTO "Person" VALUES('0557339','Raymond Massey','1896-08-30','Toronto, Ontario, Canada');
INSERT INTO "Person" VALUES('0557751','Peter Masterson','1934-06-01','Houston, Texas, USA');
INSERT INTO "Person" VALUES('0559144','Marlee Matlin','1965-08-24','Morton Grove, Illinois, USA');
INSERT INTO "Person" VALUES('0560093','Liesel Matthews','1984-03-14','Chicago, Illinois, USA');
INSERT INTO "Person" VALUES('0561809','Roberta Maxwell','1942-01-01','Ontario Province, Canada');
INSERT INTO "Person" VALUES('0562920','Virginia Mayo','1920-11-30','St. Louis, Missouri, USA');
INSERT INTO "Person" VALUES('0564589','Frances Lee McCain','1944-07-28','York, Pennsylvania, USA');
INSERT INTO "Person" VALUES('0564790','Mercedes McCambridge','1918-03-17','Joliet, Illinois, USA');
INSERT INTO "Person" VALUES('0564970','Leo McCarey','1898-10-03','Los Angeles, California, USA');
INSERT INTO "Person" VALUES('0565731','Michael McCleery','1959-08-18','Chicago, Illinois, USA');
INSERT INTO "Person" VALUES('0566948','Joel McCrea','1905-11-05','South Pasadena, California, USA');
INSERT INTO "Person" VALUES('0567408','Hattie McDaniel','1895-06-10','Wichita, Kansas, USA');
INSERT INTO "Person" VALUES('0567852','Kevin McDonald','1961-05-16','Montreal, Quebec, Canada');
INSERT INTO "Person" VALUES('0569410','John McGiver','1912-11-05','New York, New York, USA');
INSERT INTO "Person" VALUES('0570192','Dorothy McGuire','1916-06-14','Omaha, Nebraska, USA');
INSERT INTO "Person" VALUES('0570451','Frank McHugh','1898-05-23','Homestead, Pennsylvania, USA');
INSERT INTO "Person" VALUES('0570912','Adam McKay','1968-01-01','Philadelphia, Pennsylvania, USA');
INSERT INTO "Person" VALUES('0571630','Doug McKeon','1966-06-10','Pompton Plains, New Jersey, USA');
INSERT INTO "Person" VALUES('0571674','Leo McKern','1920-03-16','Sydney, New South Wales, Australia');
INSERT INTO "Person" VALUES('0572142','Victor McLaglen','1883-12-11','Tunbridge Wells, Kent, England');
INSERT INTO "Person" VALUES('0573037','Julian McMahon','1968-07-27','Sydney, New South Wales, Australia');
INSERT INTO "Person" VALUES('0573640','Stephen McNally','1913-07-29','New York, New York, USA');
INSERT INTO "Person" VALUES('0575552','Kay Medford','1914-09-14','New York, New York, USA');
INSERT INTO "Person" VALUES('0576345','John Megna','1952-11-09','Queens, New York, USA');
INSERT INTO "Person" VALUES('0576851','John Meillon','1934-05-01','Mosman, Sydney, New South Wales, Australia');
INSERT INTO "Person" VALUES('0576987','Fernando Meirelles','1955-11-09','Sao Paulo, Sao Paulo, Brazil');
INSERT INTO "Person" VALUES('0577982','Harry Melling','1989-03-13','London, England, UK');
INSERT INTO "Person" VALUES('0578949','Eva Mendes','1974-03-05','Houston, Texas, USA');
INSERT INTO "Person" VALUES('0579663','Adolphe Menjou','1890-02-18','Pittsburgh, Pennsylvania, USA');
INSERT INTO "Person" VALUES('0580240','Beryl Mercer','1882-08-13','Seville, Spain');
INSERT INTO "Person" VALUES('0580479','Melina Mercouri','1920-10-18','Athens, Greece');
INSERT INTO "Person" VALUES('0580565','Burgess Meredith','1908-11-16','Cleveland, Ohio, USA');
INSERT INTO "Person" VALUES('0580607','Lee Meredith','1947-10-22','River Edge, New Jersey, USA');
INSERT INTO "Person" VALUES('0581277','Dina Merrill','1925-12-09','New York, New York, USA');
INSERT INTO "Person" VALUES('0581282','Gary Merrill','1915-08-02','Hartford, Connecticut, USA');
INSERT INTO "Person" VALUES('0583600','Nancy Meyers','1949-12-08','Pennsylvania, USA');
INSERT INTO "Person" VALUES('0584052','Paul Sanchez',NULL,NULL);
INSERT INTO "Person" VALUES('0587249','Sylvia Miles','1932-09-09','New York, New York, USA');
INSERT INTO "Person" VALUES('0587277','Lewis Milestone','1895-09-30','Kishinew, Russia (now Chisinau, Moldova)');
INSERT INTO "Person" VALUES('0587340','Penelope Milford','1948-01-01','St. Louis, Missouri, USA');
INSERT INTO "Person" VALUES('0587401','Tomas Milian','1933-03-03','Havana, Cuba');
INSERT INTO "Person" VALUES('0587944','Barry Miller','1958-02-06','Los Angeles, California, USA');
INSERT INTO "Person" VALUES('0587955','Bennett Miller','1966-12-30','New York, New York, USA');
INSERT INTO "Person" VALUES('0588553','Jason Miller','1939-04-22','Long Island City, New York, USA');
INSERT INTO "Person" VALUES('0588777','Larry Miller','1953-10-15','Valley Stream, Long Island, New York, USA');
INSERT INTO "Person" VALUES('0590055','John Mills','1908-02-22','Felixstowe, Suffolk, England, UK');
INSERT INTO "Person" VALUES('0591034','Esther Minciotti','1888-03-18','Italy');
INSERT INTO "Person" VALUES('0591450','Rob Minkoff',NULL,NULL);
INSERT INTO "Person" VALUES('0591485','Liza Minnelli','1946-03-12','Los Angeles, California, USA');
INSERT INTO "Person" VALUES('0591486','Vincente Minnelli','1903-02-28','Chicago, Illinois, USA');
INSERT INTO "Person" VALUES('0593310','Elizabeth Mitchell','1970-03-27','Los Angeles, California, USA');
INSERT INTO "Person" VALUES('0593612','Millard Mitchell','1903-08-14','Havana, Cuba');
INSERT INTO "Person" VALUES('0593775','Thomas Mitchell','1892-07-11','Elizabeth, New Jersey, USA');
INSERT INTO "Person" VALUES('0596520','Gerald R. Molen','1935-01-06','Great Falls, Montana, USA');
INSERT INTO "Person" VALUES('0597410','Taylor Momsen','1993-07-26','St. Louis, Missouri, USA');
INSERT INTO "Person" VALUES('0600531','Ron Moody','1924-01-08','London, England, UK');
INSERT INTO "Person" VALUES('0601214','Frank B. Moore',NULL,NULL);
INSERT INTO "Person" VALUES('0601596','Matt Moore','1888-01-08','County Meath, Ireland');
INSERT INTO "Person" VALUES('0601930','Terry Moore','1929-01-07','Los Angeles, California, USA');
INSERT INTO "Person" VALUES('0604605','Dennis Morgan','1908-12-20','Prentice, Wisconsin, USA');
INSERT INTO "Person" VALUES('0604656','Frank Morgan','1890-06-01','New York, New York, USA');
INSERT INTO "Person" VALUES('0605080','Trevor Morgan','1986-11-26','Chicago, Illinois, USA');
INSERT INTO "Person" VALUES('0605164','Maia Morgenstern','1962-05-01','Bucharest, Romania');
INSERT INTO "Person" VALUES('0605904','Karen Morley','1909-12-12','Ottumwa, Iowa, USA');
INSERT INTO "Person" VALUES('0605923','Robert Morley','1908-05-26','Semley, Wiltshire, England, UK');
INSERT INTO "Person" VALUES('0608012','Joe Morton','1947-10-18','New York, New York, USA');
INSERT INTO "Person" VALUES('0608090','Samantha Morton','1977-05-13','Nottingham, England, UK');
INSERT INTO "Person" VALUES('0608440','William Moseley','1987-04-27','Sheepscombe, England, UK');
INSERT INTO "Person" VALUES('0608909','Arnold Moss','1910-01-28','Brooklyn, New York, USA');
INSERT INTO "Person" VALUES('0609236','Jonathan Mostow','1961-11-28','Woodbridge, Connecticut, USA');
INSERT INTO "Person" VALUES('0610127','Sotiris Moustakas','1940-01-01','Lemessos, Cyprus');
INSERT INTO "Person" VALUES('0612322','Robert Mulligan','1925-08-23','The Bronx, New York, New York, USA');
INSERT INTO "Person" VALUES('0612743','Herbert Mundin','1898-08-21','St. Helens, Lancashire, England, UK');
INSERT INTO "Person" VALUES('0612847','Paul Muni','1895-09-22','Lemberg, Austria-Hungary. [now Lviv, Ukraine]');
INSERT INTO "Person" VALUES('0613789','Jack Murdock',NULL,'Ohio, USA');
INSERT INTO "Person" VALUES('0614816','Alena Murray',NULL,NULL);
INSERT INTO "Person" VALUES('0617130','Daniel Myrick',NULL,'Sarasota, Florida, USA');
INSERT INTO "Person" VALUES('0621008','Charles Napier','1936-04-12','Scottsville, Kentucky, USA');
INSERT INTO "Person" VALUES('0622553','James Naughton','1945-12-06','Middleton, Connecticut, USA');
INSERT INTO "Person" VALUES('0623658','Patricia Neal','1926-01-20','Packard, Kentucky, USA');
INSERT INTO "Person" VALUES('0623768','Ronald Neame','1911-04-23','London, England, UK');
INSERT INTO "Person" VALUES('0624535','Jean Negulesco','1900-02-26','Craiova, Dolj, Romania');
INSERT INTO "Person" VALUES('0625099','Nelly','1974-11-02','Austin, Texas, USA');
INSERT INTO "Person" VALUES('0625680','Ralph Nelson','1916-08-12','New York, New York, USA');
INSERT INTO "Person" VALUES('0625729','Sandy Nelson',NULL,NULL);
INSERT INTO "Person" VALUES('0627878','Bob Newhart','1929-09-05','Oak Park, Illinois, USA');
INSERT INTO "Person" VALUES('0628273','Stephen D. Newman',NULL,NULL);
INSERT INTO "Person" VALUES('0628955','Haing S. Ngor','1940-03-22','Samrong Young, Cambodia');
INSERT INTO "Person" VALUES('0630100','Julia Nickson-Soul','1959-01-01','Singapore');
INSERT INTO "Person" VALUES('0632426','Carlo Ninchi','1897-05-31','Bologna, Italy');
INSERT INTO "Person" VALUES('0634240','Christopher Nolan','1970-07-30','London, England, UK');
INSERT INTO "Person" VALUES('0634313','Lloyd Nolan','1902-08-11','San Francisco, California, USA');
INSERT INTO "Person" VALUES('0634342','Paul L. Nolan','1954-06-09','Philadelphia, Pennsylvania, USA');
INSERT INTO "Person" VALUES('0634509','Brawley Nolte','1986-06-20',NULL);
INSERT INTO "Person" VALUES('0639529','Edmond O''Brien','1915-09-10','New York, New York, USA');
INSERT INTO "Person" VALUES('0639782','Richard O''Brien','1942-03-25','Cheltenham, Gloucestershire, England, UK');
INSERT INTO "Person" VALUES('0640299','Derrick O''Connor',NULL,NULL);
INSERT INTO "Person" VALUES('0640413','Kevin J. O''Connor','1964-11-15','Illinois, USA');
INSERT INTO "Person" VALUES('0640547','Una O''Connor','1880-10-23','Belfast, Ireland, UK (now Belfast, Northern Ireland, UK)');
INSERT INTO "Person" VALUES('0640838','Steve O''Donnell','1963-01-01',NULL);
INSERT INTO "Person" VALUES('0641314','Paige O''Hara','1956-01-01','Ft. Lauderdale, Florida, USA');
INSERT INTO "Person" VALUES('0641939','Ryan O''Neal','1941-04-20','Los Angeles, California, USA');
INSERT INTO "Person" VALUES('0641966','Barbara O''Neil','1910-07-17','St. Louis, Missouri, USA');
INSERT INTO "Person" VALUES('0642042','Nance O''Neil','1874-10-08','Oakland, California, USA');
INSERT INTO "Person" VALUES('0643000','Simon Oakland','1915-08-28','New York, New York, USA');
INSERT INTO "Person" VALUES('0643105','Warren Oates','1928-07-05','Depoy, Kentucky, USA');
INSERT INTO "Person" VALUES('0643211','Philip Ober','1902-03-23','Fort Payne, Alabama, USA');
INSERT INTO "Person" VALUES('0644048','Clifford Odets','1906-07-18','Philadelphia, Pennsylvania, USA');
INSERT INTO "Person" VALUES('0652109','Cliff Osmond','1937-02-26',NULL);
INSERT INTO "Person" VALUES('0653239','Frank Otto',NULL,NULL);
INSERT INTO "Person" VALUES('0654239','Reginald Owen','1887-08-05','Wheathampstead, Hertfordshire, England, UK');
INSERT INTO "Person" VALUES('0654434','Patricia Owens','1925-01-17','Golden, British Columbia, Canada');
INSERT INTO "Person" VALUES('0656105','Anita Page','1910-08-04','Flushing, New York, USA');
INSERT INTO "Person" VALUES('0656183','Geraldine Page','1924-11-22','Kirksville, Missouri, USA');
INSERT INTO "Person" VALUES('0656929','Josh Pais','1964-08-10','New York, New York, USA');
INSERT INTO "Person" VALUES('0658133','Betsy Palmer','1926-11-01','East Chicago, Indiana, USA');
INSERT INTO "Person" VALUES('0659363','Hayden Panettiere','1989-08-21','Palisades, New York, USA');
INSERT INTO "Person" VALUES('0659573','Stuart Pankin','1946-04-08','Philadelphia, Pennsylvania, USA');
INSERT INTO "Person" VALUES('0660327','Irene Papas','1926-09-03','Chilimodion, Corynth, Greece');
INSERT INTO "Person" VALUES('0660407','Paul Pape','1952-07-17',NULL);
INSERT INTO "Person" VALUES('0662223','Eleanor Parker','1922-06-26','Cedarville, Ohio, USA');
INSERT INTO "Person" VALUES('0663820','Estelle Parsons','1927-11-20','Marblehead, Massachusetts, USA');
INSERT INTO "Person" VALUES('0664756','John Pasquin',NULL,NULL);
INSERT INTO "Person" VALUES('0667542','Marisa Pavan','1932-06-19','Cagliari, Sardinia, Italy');
INSERT INTO "Person" VALUES('0668093','Katina Paxinou','1900-12-17','Piraeus, Athens, Greece');
INSERT INTO "Person" VALUES('0668361','John Payne','1912-05-23','Roanoke, Virginia, USA');
INSERT INTO "Person" VALUES('0669046','Barry Pearl','1950-01-01','Lancaster, Pennsylvania, USA');
INSERT INTO "Person" VALUES('0669629','Bob Peck','1945-08-23','Leeds, Yorkshire, England, UK');
INSERT INTO "Person" VALUES('0671957','Arthur Penn','1922-09-27','Philadelphia, Pennsylvania, USA');
INSERT INTO "Person" VALUES('0674012','Millie Perkins','1938-05-12','Passaic, New Jersey, USA');
INSERT INTO "Person" VALUES('0676492','Jean Peters','1926-10-15','Canton, Ohio, USA');
INSERT INTO "Person" VALUES('0679406','Chuck Pfeiffer',NULL,NULL);
INSERT INTO "Person" VALUES('0681933','Mary Pickford','1892-04-08','Toronto, Ontario, Canada');
INSERT INTO "Person" VALUES('0682074','Walter Pidgeon','1897-09-23','East St. John, New Brunswick, Canada');
INSERT INTO "Person" VALUES('0683253','Rosamund Pike','1979-01-27','London, England, UK');
INSERT INTO "Person" VALUES('0687506','Joan Plowright','1929-10-28','Brigg, North Lincolnshire, England, UK');
INSERT INTO "Person" VALUES('0689488','Michael J. Pollard','1939-05-30','Passaic, New Jersey, USA');
INSERT INTO "Person" VALUES('0691600','Anna Popplewell','1988-12-16','London, England, UK');
INSERT INTO "Person" VALUES('0693281','H.C. Potter','1904-11-13','New York, New York, USA');
INSERT INTO "Person" VALUES('0694066','Clifton Powell','1947-08-31','Liberia Yonkers, New York, USA');
INSERT INTO "Person" VALUES('0694090','Dick Powell','1904-11-14','Mountain View, Arkansas, USA');
INSERT INTO "Person" VALUES('0694403','Hartley Power','1894-03-14','New York, New York, USA');
INSERT INTO "Person" VALUES('0694580','Mala Powers','1931-12-20','San Francisco, California, USA');
INSERT INTO "Person" VALUES('0695937','Otto Preminger','1906-12-05','Vienna, Austria');
INSERT INTO "Person" VALUES('0696193','Harve Presnell','1933-09-14','Modesto, California, USA');
INSERT INTO "Person" VALUES('0697515','Louis Prima','1910-12-07','New Orleans, Louisiana, USA');
INSERT INTO "Person" VALUES('0697733','William Prince','1913-01-26','Nichols, New York, USA');
INSERT INTO "Person" VALUES('0697785','Andrew Prine','1936-02-14','Jennings, Florida, USA');
INSERT INTO "Person" VALUES('0698764','Robert Prosky','1930-12-13','Philadelphia, Pennsylvania, USA');
INSERT INTO "Person" VALUES('0700869','Amrish Puri','1932-06-22','India');
INSERT INTO "Person" VALUES('0702841','Jonathan Ke Quan','1971-08-20','Saigon, Vietnam');
INSERT INTO "Person" VALUES('0703033','Anthony Quayle','1913-09-07','Ainsdale, Sefton, England, UK');
INSERT INTO "Person" VALUES('0703600','Eddie Quillan','1907-03-31','Philadelphia, Pennsylvania, USA');
INSERT INTO "Person" VALUES('0703946','Patricia Quinn','1944-05-28','Belfast, Northern Ireland, UK');
INSERT INTO "Person" VALUES('0705356','Daniel Radcliffe','1989-07-23','Fulham, London, England, UK');
INSERT INTO "Person" VALUES('0706162','Alex Rafalowicz','1985-01-01','Adelaide, Australia');
INSERT INTO "Person" VALUES('0707023','Luise Rainer','1910-01-12','Dusseldorf, Germany');
INSERT INTO "Person" VALUES('0707814','Jobyna Ralston','1900-11-21','South Pittsburg, Tennessee, USA');
INSERT INTO "Person" VALUES('0708081','Marjorie Rambeau','1889-07-15','San Francisco, California, USA');
INSERT INTO "Person" VALUES('0709907','John Randolph','1915-06-01','New York, New York, USA');
INSERT INTO "Person" VALUES('0713281','Jack Raymond','1901-12-14','Minneapolis, Minnesota, USA');
INSERT INTO "Person" VALUES('0714310','James Rebhorn','1948-09-01','Philadelphia, Pennsylvania, USA');
INSERT INTO "Person" VALUES('0714835','William Redfield','1927-01-26','New York, New York, USA');
INSERT INTO "Person" VALUES('0715346','Carol Reed','1906-12-30','London, England, UK');
INSERT INTO "Person" VALUES('0715477','Jerry Reed','1937-03-20','Atlanta, Georgia, USA');
INSERT INTO "Person" VALUES('0718627','Wolfgang Reitherman','1909-06-26','Munich, Germany');
INSERT INTO "Person" VALUES('0718645','Ivan Reitman','1946-10-27','Komarno, Czechoslovakia [now in Slovakia]');
INSERT INTO "Person" VALUES('0720843','Anne Revere','1903-06-25','New York, New York, USA');
INSERT INTO "Person" VALUES('0721073','Fernando Rey','1917-09-20','La Coruna, Galicia, Spain');
INSERT INTO "Person" VALUES('0721728','Gene Reynolds','1925-04-04','Cleveland, Ohio, USA');
INSERT INTO "Person" VALUES('0721817','Kevin Reynolds','1952-01-17','San Antonio, Texas, USA');
INSERT INTO "Person" VALUES('0722315','Barbara Rhoades','1947-03-23','Poughkeepsie, New York, USA');
INSERT INTO "Person" VALUES('0722636','John Rhys-Davies','1944-05-05','Salisbury, Wiltshire, England, UK');
INSERT INTO "Person" VALUES('0723658','Irene Rich','1891-10-13','Buffalo, New York, USA');
INSERT INTO "Person" VALUES('0723707','Ron Rich','1938-10-29','Pittsburgh, Pennsylvania, USA');
INSERT INTO "Person" VALUES('0723968','Beah Richards','1920-07-12','Vicksburg, Mississippi, USA');
INSERT INTO "Person" VALUES('0724732','Ralph Richardson','1902-12-19','Tivoli Road, Cheltenham, Gloucestershire, England, UK');
INSERT INTO "Person" VALUES('0724798','Tony Richardson','1928-06-05','Shipley, Yorkshire, England, UK');
INSERT INTO "Person" VALUES('0725543','Don Rickles','1926-05-08','New York, New York, USA');
INSERT INTO "Person" VALUES('0725897','Stanley Ridges','1891-07-17','Southampton, Hampshire, England, UK');
INSERT INTO "Person" VALUES('0728688','Martin Ritt','1914-03-02','New York, New York, USA');
INSERT INTO "Person" VALUES('0730385','Jerome Robbins','1918-10-11','New York, New York, USA');
INSERT INTO "Person" VALUES('0731634','Tony Roberts','1939-10-22','New York, New York, USA');
INSERT INTO "Person" VALUES('0731772','Cliff Robertson','1925-09-09','La Jolla, California, USA');
INSERT INTO "Person" VALUES('0732062','Willard Robertson','1886-01-01','Runnels, Texas, USA');
INSERT INTO "Person" VALUES('0732703','James Robinson',NULL,NULL);
INSERT INTO "Person" VALUES('0734236','Charles Rocket','1949-08-24','Bangor, Maine, USA');
INSERT INTO "Person" VALUES('0734368','Bembol Roco','1953-11-20',NULL);
INSERT INTO "Person" VALUES('0735442','Michelle Rodriguez','1978-07-12','Bexar County, Texas, USA');
INSERT INTO "Person" VALUES('0735538','Valente Rodriguez',NULL,NULL);
INSERT INTO "Person" VALUES('0736777','Charles ''Buddy'' Rogers','1904-08-13','Olathe, Kansas, USA');
INSERT INTO "Person" VALUES('0736930','James B. Rogers',NULL,NULL);
INSERT INTO "Person" VALUES('0738354','Esther Rolle','1920-11-08','Pompano Beach, Florida, USA');
INSERT INTO "Person" VALUES('0740220','Michael Roof',NULL,NULL);
INSERT INTO "Person" VALUES('0742341','Stuart Rosenberg','1927-01-01',NULL);
INSERT INTO "Person" VALUES('0743218','Anthony Ross','1909-02-23','New York, New York, USA');
INSERT INTO "Person" VALUES('0744035','Robert Rossen','1908-03-16','New York, New York, USA');
INSERT INTO "Person" VALUES('0744235','Leo Rossi','1947-01-01','Trenton, New Jersey, USA');
INSERT INTO "Person" VALUES('0746125','Brandon Routh','1979-10-09','Des Moines, Iowa, USA');
INSERT INTO "Person" VALUES('0746896','Richard Roxburgh','1962-01-01','Albury, North West Victoria Border, Australia');
INSERT INTO "Person" VALUES('0748207','Sergio Rubini','1959-12-21','Grumo Appula, Italy');
INSERT INTO "Person" VALUES('0748620','Paul Rudd','1969-04-06','Passaic, New Jersey, USA');
INSERT INTO "Person" VALUES('0749484','Wesley Ruggles','1889-06-11','Los Angeles, California, USA');
INSERT INTO "Person" VALUES('0751174','Harold Russell','1914-01-14','North Sydney, Nova Scotia, Canada');
INSERT INTO "Person" VALUES('0751946','Ann Rutherford','1920-11-02','Vancouver, British Columbia, Canada');
INSERT INTO "Person" VALUES('0751983','Margaret Rutherford','1892-05-11','Balham, London, England, UK');
INSERT INTO "Person" VALUES('0753073','Mark Rydell','1934-03-23','New York, New York, USA');
INSERT INTO "Person" VALUES('0755974','Jonathan Sagall',NULL,'Toronto, Ontario, Canada');
INSERT INTO "Person" VALUES('0757256','Gene Saks','1921-11-08','New York, New York, USA');
INSERT INTO "Person" VALUES('0761052','Roselyn Sanchez','1970-03-14','San Juan, Puerto Rico');
INSERT INTO "Person" VALUES('0761587','Jay O. Sanders','1953-04-16','Austin, Texas, USA');
INSERT INTO "Person" VALUES('0765546','Michael Sarrazin','1940-05-22','Quebec City, Quebec, Canada');
INSERT INTO "Person" VALUES('0765597','Peter Sarsgaard','1971-03-07','Scott Air Force Base, Illinois, USA');
INSERT INTO "Person" VALUES('0766975','Terry Saunders',NULL,NULL);
INSERT INTO "Person" VALUES('0768321','Don Saxon','1916-12-13',NULL);
INSERT INTO "Person" VALUES('0768795','Prunella Scales','1932-06-22','Sutton Abinger, Surrey, England, UK');
INSERT INTO "Person" VALUES('0769311','Diana Scarwid','1955-08-27','Savannah, Georgia, USA');
INSERT INTO "Person" VALUES('0769874','Franklin J. Schaffner','1920-05-30','Tokyo, Japan');
INSERT INTO "Person" VALUES('0771493','Richard Schiff','1955-05-27','Bethesda, Maryland, USA');
INSERT INTO "Person" VALUES('0771584','Joseph Schildkraut','1896-03-22','Vienna, Austria');
INSERT INTO "Person" VALUES('0772259','John Schlesinger','1926-02-16','London, England, UK');
INSERT INTO "Person" VALUES('0775447','Barbet Schroeder','1941-08-26','Teheran, Iran');
INSERT INTO "Person" VALUES('0778642','Peter Scolari','1955-09-12','New Rochelle, New York, USA');
INSERT INTO "Person" VALUES('0779084','Dougray Scott','1965-11-25','Glenrothes, Fife, Scotland, UK');
INSERT INTO "Person" VALUES('0779549','Martha Scott','1912-09-22','Jamesport, Missouri, USA');
INSERT INTO "Person" VALUES('0779923','Zachary Scott','1914-02-24','Austin, Texas, USA');
INSERT INTO "Person" VALUES('0780684','Jackie Searl','1921-07-07','Anaheim, California, USA');
INSERT INTO "Person" VALUES('0780765','Heather Sears','1935-09-28','London, England, UK');
INSERT INTO "Person" VALUES('0780833','George Seaton','1911-04-17','South Bend, Indiana, USA');
INSERT INTO "Person" VALUES('0781029','Jean Seberg','1938-11-13','Marshalltown, Iowa, USA');
INSERT INTO "Person" VALUES('0781183','Harry Secombe','1921-09-08','Swansea, Wales, UK');
INSERT INTO "Person" VALUES('0781238','Amy Sedaris','1961-03-29','Endicott, New York, USA');
INSERT INTO "Person" VALUES('0781842','Peter Segal',NULL,NULL);
INSERT INTO "Person" VALUES('0783629','Edgar Selwyn','1875-10-20','Cincinnati, Ohio, USA');
INSERT INTO "Person" VALUES('0785435','Raymond Serra','1931-11-03','New York, New York, USA');
INSERT INTO "Person" VALUES('0786022','Roshan Seth','1942-08-17','New Delhi, British India (now India)');
INSERT INTO "Person" VALUES('0786639','Brendan Sexton III','1980-02-21','Staten Island, New York, USA');
INSERT INTO "Person" VALUES('0786806','Cara Seymour',NULL,NULL);
INSERT INTO "Person" VALUES('0788009','Garry Shandling','1949-11-29','Chicago, Illinois, USA');
INSERT INTO "Person" VALUES('0788202','Adam Shankman',NULL,NULL);
INSERT INTO "Person" VALUES('0788940','Jim Sharman','1945-03-12','Sydney, New South Wales, Australia');
INSERT INTO "Person" VALUES('0789716','Fiona Shaw','1958-07-10','County Cork, Ireland');
INSERT INTO "Person" VALUES('0790454','Norma Shearer','1902-08-10','Montreal, Quebec, Canada');
INSERT INTO "Person" VALUES('0792156','Dave Sheridan',NULL,NULL);
INSERT INTO "Person" VALUES('0792202','Kirsten Sheridan','1976-07-14','Dublin, Ireland');
INSERT INTO "Person" VALUES('0792514','Lowell Sherman','1885-10-11','San Francisco, California, USA');
INSERT INTO "Person" VALUES('0795864','Herman Shumlin','1898-12-06','Atwood, Colorado, USA');
INSERT INTO "Person" VALUES('0796117','M. Night Shyamalan','1970-08-06','Pondicherry, Tamil-Nadu province, India');
INSERT INTO "Person" VALUES('0797531','Simone Signoret','1921-03-25','Wiesbaden, Germany');
INSERT INTO "Person" VALUES('0798779','Ron Silver','1946-07-02','New York, New York, USA');
INSERT INTO "Person" VALUES('0799033','Elliot Silverstein','1927-08-03','Boston, Massachusetts, USA');
INSERT INTO "Person" VALUES('0800328','Paul Simon','1941-10-13','Newark, New Jersey, USA');
INSERT INTO "Person" VALUES('0801231','Taylor Simpson',NULL,NULL);
INSERT INTO "Person" VALUES('0801672','Madge Sinclair','1938-04-28','Kingston, Jamaica');
INSERT INTO "Person" VALUES('0802032','Ritchie Singer',NULL,NULL);
INSERT INTO "Person" VALUES('0802831','Tony Sirico','1942-07-29','Brooklyn, New York, USA');
INSERT INTO "Person" VALUES('0802862','Douglas Sirk','1897-04-26','Hamburg, Germany');
INSERT INTO "Person" VALUES('0803785','Lilia Skala','1896-11-28','Vienna, Austria');
INSERT INTO "Person" VALUES('0804375','Alison Skipworth','1863-07-25','London, England, UK');
INSERT INTO "Person" VALUES('0805317','Jeremy Slate','1926-02-17',NULL);
INSERT INTO "Person" VALUES('0806041','Everett Sloane','1909-10-01','New York, New York, USA');
INSERT INTO "Person" VALUES('0807580','C. Aubrey Smith','1863-07-21','London, England, UK');
INSERT INTO "Person" VALUES('0808559','Jacob Smith','1990-01-21','Monrovia, California, USA');
INSERT INTO "Person" VALUES('0809514','Patricia Smith','1930-02-20','New Haven, Connecticut, USA');
INSERT INTO "Person" VALUES('0811202','Carrie Snodgress','1946-10-27','Park Ridge, Illinois, USA');
INSERT INTO "Person" VALUES('0812453','Vladimir Sokoloff','1889-12-26','Moscow, Russia');
INSERT INTO "Person" VALUES('0814085','Stephen Sommers','1962-03-20','Indianpolis, Indiana, USA');
INSERT INTO "Person" VALUES('0814216','Gale Sondergaard','1899-02-15','Litchfield, Minnesota, USA');
INSERT INTO "Person" VALUES('0815433','Ann Sothern','1909-01-22','Valley City, North Dakota, USA');
INSERT INTO "Person" VALUES('0816007','Nicholas Soussanin','1889-01-16','Yalta, Ukraine, Russian Empire [now independent Ukraine]');
INSERT INTO "Person" VALUES('0817983','John Spencer','1946-12-20','New York, New York, USA');
INSERT INTO "Person" VALUES('0819850','Cole Sprouse','1992-08-04','Arezzo, Italy');
INSERT INTO "Person" VALUES('0819851','Dylan Sprouse','1992-08-04','Arezzo, Italy');
INSERT INTO "Person" VALUES('0820105','Ronald Squire','1886-03-25','Tiverton, Devon, England, UK');
INSERT INTO "Person" VALUES('0820643','Howard St. John','1905-10-09','Chicago, Illinois, USA');
INSERT INTO "Person" VALUES('0820821','John St. Polis','1873-11-24','New Orleans, Louisiana, USA');
INSERT INTO "Person" VALUES('0821041','Robert Stack','1919-01-13','Los Angeles, California, USA');
INSERT INTO "Person" VALUES('0822034','Lionel Stander','1908-01-11','The Bronx, New York, USA');
INSERT INTO "Person" VALUES('0822972','Maureen Stapleton','1925-06-21','Troy, New York, USA');
INSERT INTO "Person" VALUES('0823563','Mike Starr','1950-07-29','Queens, New York, USA');
INSERT INTO "Person" VALUES('0827137','Robert Stephens','1931-07-14','Bristol, Somerset, England, UK');
INSERT INTO "Person" VALUES('0827170','Toby Stephens','1969-04-21','Middlesex Hospital, London, England, UK');
INSERT INTO "Person" VALUES('0827274','Kelci Stephenson',NULL,NULL);
INSERT INTO "Person" VALUES('0827577','Robert Sterling','1917-11-13','New Castle, Pennsylvania, USA');
INSERT INTO "Person" VALUES('0827663','Daniel Stern','1957-08-28','Bethesda, Maryland, USA');
INSERT INTO "Person" VALUES('0827973','Frances Sternhagen','1930-01-13','Washington, District of Columbia, USA');
INSERT INTO "Person" VALUES('0828419','George Stevens','1904-12-18','Oakland, California, USA');
INSERT INTO "Person" VALUES('0829038','Robert Stevenson','1905-03-31','Buxton, Derbyshire, England, UK');
INSERT INTO "Person" VALUES('0829537','Jon Stewart','1962-11-28','New York, New York, USA');
INSERT INTO "Person" VALUES('0831872','Fred Stone','1873-08-19','Longmont, Colorado, USA');
INSERT INTO "Person" VALUES('0832011','Lewis Stone','1879-11-15','Worcester, Massachusetts, USA');
INSERT INTO "Person" VALUES('0833152','Beatrice Straight','1914-08-02','Old Westbury, New York, USA');
INSERT INTO "Person" VALUES('0833519','Marcia Strassman','1948-04-28','New York, New York, USA');
INSERT INTO "Person" VALUES('0833865','Robert Strauss','1913-11-08','New York, New York, USA');
INSERT INTO "Person" VALUES('0835021','Michael Strong','1924-08-17','Chicago, Illinois, USA');
INSERT INTO "Person" VALUES('0837959','Barry Sullivan','1912-08-29','New York, New York, USA');
INSERT INTO "Person" VALUES('0840133','Kristine Sutherland','1955-04-17','Boise, Idaho, USA');
INSERT INTO "Person" VALUES('0842421','Inga Swenson','1932-12-29','Omaha, Nebraska, USA');
INSERT INTO "Person" VALUES('0842770','Tilda Swinton','1960-11-05','London, England, UK');
INSERT INTO "Person" VALUES('0843059','Eric Sykes','1923-05-04','Oldham, Lancashire, England, UK');
INSERT INTO "Person" VALUES('0846987','Miiko Taka','1932-07-24','Seattle, Washington, USA');
INSERT INTO "Person" VALUES('0848414','Lee Tamahori','1950-01-01','Wellington, New Zealand');
INSERT INTO "Person" VALUES('0848560','Russ Tamblyn','1934-12-30','Los Angeles, California, USA');
INSERT INTO "Person" VALUES('0848667','Akim Tamiroff','1899-10-29','Tiflis, Georgia, Russian Empire. [now Tbilisi, Georgia]');
INSERT INTO "Person" VALUES('0851537','Norman Taurog','1899-02-23','Chicago, Illinois, USA');
INSERT INTO "Person" VALUES('0851582','Audrey Tautou','1976-08-09','Beaumont, Puy-de-Dome, France');
INSERT INTO "Person" VALUES('0852118','Chip Taylor',NULL,NULL);
INSERT INTO "Person" VALUES('0852279','Don Taylor','1920-12-13','Freeport, Pennsylvania, USA');
INSERT INTO "Person" VALUES('0852347','Estelle Taylor','1894-05-20','Wilmington, Delaware, USA');
INSERT INTO "Person" VALUES('0852965','Noah Taylor','1969-09-04','London, England, UK');
INSERT INTO "Person" VALUES('0853130','Sam Taylor','1895-08-13','New York, New York, USA');
INSERT INTO "Person" VALUES('0855035','Andy Tennant',NULL,'Chicago, Illinois, USA');
INSERT INTO "Person" VALUES('0855039','David Tennant','1971-04-18','Bathgate, West Lothian, Scotland, UK');
INSERT INTO "Person" VALUES('0855564','Lee Tergesen','1965-07-08','Ivoryton, Connecticut, USA');
INSERT INTO "Person" VALUES('0856062','Phillip Terry','1909-03-07','San Francisco, California, USA');
INSERT INTO "Person" VALUES('0858525','Betty Thomas','1948-07-27','St. Louis, Missouri, USA');
INSERT INTO "Person" VALUES('0858977','Jameson Thomas','1888-03-24','London, England, UK');
INSERT INTO "Person" VALUES('0864869','George Tobias','1901-07-14','New York, New York, USA');
INSERT INTO "Person" VALUES('0865286','Sonia Todd','1959-01-01','Adelaide, Australia');
INSERT INTO "Person" VALUES('0866835','David Tomlinson','1917-05-07','Henley-on-Thames, Oxfordshire, England, UK');
INSERT INTO "Person" VALUES('0867144','Franchot Tone','1905-02-27','Niagara Falls, New York, USA');
INSERT INTO "Person" VALUES('0872456','Claire Trevor','1910-03-08','New York, New York, USA');
INSERT INTO "Person" VALUES('0873148','Dorothy Tristan','1942-01-01','Yorkville, New York, USA');
INSERT INTO "Person" VALUES('0873779','Gary Trousdale',NULL,'La Crescenta, California, USA');
INSERT INTO "Person" VALUES('0875861','Forrest Tucker','1919-02-12','Plainfield, Indiana, USA');
INSERT INTO "Person" VALUES('0876138','Alan Tudyk','1971-03-16','El Paso, Texas, USA');
INSERT INTO "Person" VALUES('0876645','Tamara Tunie','1959-03-14','McKeesport, Pennsylvania, USA');
INSERT INTO "Person" VALUES('0880855','Miyoshi Umeki','1929-04-03','Otaru, Hokkaido, Japan');
INSERT INTO "Person" VALUES('0881038','Ron Underwood','1953-11-06','Glendale, California, USA');
INSERT INTO "Person" VALUES('0881631','Karl Urban','1972-06-07','Wellington, New Zealand');
INSERT INTO "Person" VALUES('0882853','Brenda Vaccaro','1939-11-18','Brooklyn, New York, USA');
INSERT INTO "Person" VALUES('0886888','Jo Van Fleet','1914-12-30','Oakland, California, USA');
INSERT INTO "Person" VALUES('0889511','Victor Varconi','1891-03-31','Kisvarda, Austria-Hungary (now Kisvarda, Szambolcs-Szatmar, Hungary)');
INSERT INTO "Person" VALUES('0889522','Nia Vardalos','1962-09-24','Winnipeg, Manitoba, Canada');
INSERT INTO "Person" VALUES('0889846','Jacob Vargas',NULL,'Michoacan, Mexico');
INSERT INTO "Person" VALUES('0891349','Michael Vavitch','1885-01-01','Odessa, Ukraine, Russian Empire. [now independent Ukraine]');
INSERT INTO "Person" VALUES('0891998','Conrad Veidt','1893-01-22','Potsdam, Germany');
INSERT INTO "Person" VALUES('0896542','King Vidor','1894-02-08','Galveston, Texas, USA');
INSERT INTO "Person" VALUES('0897808','Jose Luis de Villalonga','1920-01-09','Madrid, Spain');
INSERT INTO "Person" VALUES('0898634','Frank Vincent','1939-08-04','Jersey City, New Jersey, USA');
INSERT INTO "Person" VALUES('0898782','Virginia Vincent','1924-01-01',NULL);
INSERT INTO "Person" VALUES('0899681','Goran Visnjic','1972-09-09','Sibenik, Yugoslavia (now Sibenik, Republic of Croatia)');
INSERT INTO "Person" VALUES('0903049','Josef von Sternberg','1894-05-29','Vienna, Austria-Hungary (now Austria)');
INSERT INTO "Person" VALUES('0903677','Arnold Vosloo','1962-06-16','Pretoria, South Africa');
INSERT INTO "Person" VALUES('0905152','Andy Wachowski','1967-12-29','Chicago, Illinois, USA');
INSERT INTO "Person" VALUES('0905993','Lindsay Wagner','1949-06-22','Los Angeles, California, USA');
INSERT INTO "Person" VALUES('0907942','Kerry Walker','1948-02-29','Sydney, New South Wales, Australia');
INSERT INTO "Person" VALUES('0908094','Paul Walker','1973-09-12','Glendale, California, USA');
INSERT INTO "Person" VALUES('0908861','Shani Wallis','1933-04-14','Tottenham, London, England');
INSERT INTO "Person" VALUES('0908914','Dee Wallace-Stone','1949-12-14','Kansas City, Missouri, USA');
INSERT INTO "Person" VALUES('0912001','Jack Warden','1920-09-18','Newark, New Jersey, USA');
INSERT INTO "Person" VALUES('0912478','H.B. Warner','1875-10-26','London, England, UK');
INSERT INTO "Person" VALUES('0912966','Michael Warren','1946-03-05','South Bend, Indiana, USA');
INSERT INTO "Person" VALUES('0913488','Kerry Washington','1977-01-31','Bronx, New York, USA');
INSERT INTO "Person" VALUES('0914612','Emma Watson','1990-04-15','Oxford, England, UK');
INSERT INTO "Person" VALUES('0914778','Lucile Watson','1879-05-27','Quebec, Canada');
INSERT INTO "Person" VALUES('0915208','Naomi Watts','1968-09-28','Shoreham, Kent, England, UK');
INSERT INTO "Person" VALUES('0915536','David Wayne','1914-01-30','Traverse City, Michigan, USA');
INSERT INTO "Person" VALUES('0915868','Jason Weaver','1979-07-18','Chicago, Illinois, USA');
INSERT INTO "Person" VALUES('0915989','Hugo Weaving','1960-04-04','Nigeria');
INSERT INTO "Person" VALUES('0916067','Clifton Webb','1889-11-11','Indianapolis, Indiana, USA');
INSERT INTO "Person" VALUES('0917188','Chris Wedge',NULL,NULL);
INSERT INTO "Person" VALUES('0918334','Scott Weinger','1975-10-05','New York, New York, USA');
INSERT INTO "Person" VALUES('0919798','Frank Welker','1945-02-16','Denver, Colorado, USA');
INSERT INTO "Person" VALUES('0919991','Tom Welling','1977-04-26','New York, New York, USA');
INSERT INTO "Person" VALUES('0920074','William A. Wellman','1896-02-29','Brookline, Massachusetts, USA');
INSERT INTO "Person" VALUES('0921202','Fritz Wepper','1941-08-17','Munich, Germany');
INSERT INTO "Person" VALUES('0922165','Judi West',NULL,NULL);
INSERT INTO "Person" VALUES('0922346','Simon West',NULL,NULL);
INSERT INTO "Person" VALUES('0922671','Floyd ''Red Crow'' Westerman','1935-01-01','South Dakota, USA');
INSERT INTO "Person" VALUES('0922967','Jack Weston','1924-08-21','Cleveland, Ohio, USA');
INSERT INTO "Person" VALUES('0923210','Patricia Wettig','1951-12-04','Cincinnati, Ohio, USA');
INSERT INTO "Person" VALUES('0924009','Alison Whelan',NULL,NULL);
INSERT INTO "Person" VALUES('0925096','Lari White','1965-05-13','Dunedin, Florida, USA');
INSERT INTO "Person" VALUES('0925369','Richard White','1953-08-04','Oak Ridge, Tennessee, USA');
INSERT INTO "Person" VALUES('0925418','Ruth White','1914-01-01','Perth Amboy, New Jersey, USA');
INSERT INTO "Person" VALUES('0925943','Mitchell Whitfield','1969-09-08','Brooklyn, New York, USA');
INSERT INTO "Person" VALUES('0926599','Dame May Whitty','1865-06-19','Liverpool, England, UK');
INSERT INTO "Person" VALUES('0926636','Richard Whorf','1906-06-04','Winthrop, Massachusetts, USA');
INSERT INTO "Person" VALUES('0926897','Mary Wickes','1916-06-13','St. Louis, Missouri, USA');
INSERT INTO "Person" VALUES('0928425','Cornel Wilde','1915-10-13','New York, New York, USA');
INSERT INTO "Person" VALUES('0929489','Tom Wilkinson','1948-12-12','Leeds, West Yorkshire, England, UK');
INSERT INTO "Person" VALUES('0930524','Elaine Williams',NULL,NULL);
INSERT INTO "Person" VALUES('0930732','Harcourt Williams','1880-03-30','Croyden, Surrey, England, UK');
INSERT INTO "Person" VALUES('0930990','Joseph Williams','1960-09-01',NULL);
INSERT INTO "Person" VALUES('0931321','Michael C. Williams','1973-07-25','The Bronx, New York, USA');
INSERT INTO "Person" VALUES('0931404','Olivia Williams','1968-01-01','Camden Town, North London, England, UK');
INSERT INTO "Person" VALUES('0932112','Mykelti Williamson','1960-03-04','Saint Louis, Missouri, USA');
INSERT INTO "Person" VALUES('0934179','Stuart Wilson','1946-12-25','Guildford, England, UK');
INSERT INTO "Person" VALUES('0934362','Penelope Wilton','1946-06-03','Scarborough, North Yorkshire, England, UK');
INSERT INTO "Person" VALUES('0935345','Kitty Winn','1944-02-21','Washington, District of Columbia, USA');
INSERT INTO "Person" VALUES('0936404','Robert Wise','1914-09-10','Winchester, Indiana, USA');
INSERT INTO "Person" VALUES('0936476','Joseph Wiseman','1918-05-15','Montreal, Quebec, Canada');
INSERT INTO "Person" VALUES('0936730','Jane Withers','1926-04-12','Atlanta, Georgia, USA');
INSERT INTO "Person" VALUES('0938372','Donald Wolfit','1902-04-20','Newark-on-Trent, Nottinghamshire, England, UK');
INSERT INTO "Person" VALUES('0938464','Louis Wolheim','1880-03-28','New York, New York, USA');
INSERT INTO "Person" VALUES('0939378','Victor Wong','1927-07-30','San Francisco, California, USA');
INSERT INTO "Person" VALUES('0939931','Peggy Wood','1892-02-09','Brooklyn, New York, USA');
INSERT INTO "Person" VALUES('0939992','Sam Wood','1883-07-10','Philadelphia, Pennsylvania, USA');
INSERT INTO "Person" VALUES('0940579','Donald Woods','1906-12-02','Brandon, Manitoba, Canada');
INSERT INTO "Person" VALUES('0940946','Joanne Woodward','1930-02-27','Thomasville, Georgia, USA');
INSERT INTO "Person" VALUES('0941316','Jaimz Woolvett','1967-04-14','Toronto, Ontario, Canada');
INSERT INTO "Person" VALUES('0942195','Amy Wright','1950-04-15',NULL);
INSERT INTO "Person" VALUES('0942220','Ben Wright','1915-05-05','London, England, UK');
INSERT INTO "Person" VALUES('0942863','Teresa Wright','1918-10-27','New York, New York, USA');
INSERT INTO "Person" VALUES('0943237','Robert Wuhl','1951-10-09','Union Township, New Jersey, USA');
INSERT INTO "Person" VALUES('0943553','Jane Wyatt','1911-08-12','Campgaw, New Jersey, USA');
INSERT INTO "Person" VALUES('0943758','William Wyler','1902-07-01','Mulhouse, Haut-Rhin, Alsace, France');
INSERT INTO "Person" VALUES('0943837','Jane Wyman','1914-01-04','St. Joseph, Missouri, USA');
INSERT INTO "Person" VALUES('0944087','Diana Wynyard','1906-01-16','London, England, UK');
INSERT INTO "Person" VALUES('0948078','Ruocheng Ying','1929-01-01','Beijing, China');
INSERT INTO "Person" VALUES('0948772','Susannah York','1941-01-09','London, England, UK');
INSERT INTO "Person" VALUES('0949350','Burt Young','1940-04-30','New York, New York, USA');
INSERT INTO "Person" VALUES('0949574','Gig Young','1913-11-04','St. Cloud, Minnesota, USA');
INSERT INTO "Person" VALUES('0949835','Loretta Young','1913-01-06','Salt Lake City, Utah, USA');
INSERT INTO "Person" VALUES('0950079','Stephen Young','1931-05-19',NULL);
INSERT INTO "Person" VALUES('0950867','Harris Yulin','1937-11-05','Los Angeles, California, USA');
INSERT INTO "Person" VALUES('0950935','Rick Yune','1971-08-22','Washington, District of Columbia, USA');
INSERT INTO "Person" VALUES('0955471','Ziyi Zhang','1979-02-09','Beijing, China');
INSERT INTO "Person" VALUES('0958387','Jerry Zucker','1950-03-11','Milwaukee, Wisconsin, USA');
INSERT INTO "Person" VALUES('0959034','Joel Zwick','1942-01-11','Brooklyn, New York, USA');
INSERT INTO "Person" VALUES('1019674','Sala Baker','1976-09-22','Wellington, New Zealand');
INSERT INTO "Person" VALUES('1024264','Julie Ann Emery',NULL,'Crossville, Tennessee, USA');
INSERT INTO "Person" VALUES('1046097','Rachel McAdams','1976-10-07','London, Ontario, Canada');
INSERT INTO "Person" VALUES('1060253','Andy Arness','1959-12-31','Everett, Washington, USA');
INSERT INTO "Person" VALUES('1071252','Alexander Gould','1994-05-04','California, USA');
INSERT INTO "Person" VALUES('1102875','Amber Rules',NULL,NULL);
INSERT INTO "Person" VALUES('1102991','Gabrielle Witcher',NULL,NULL);
INSERT INTO "Person" VALUES('1103162','Tim Story','1970-03-13','Los Angeles, California, USA');
INSERT INTO "Person" VALUES('1113550','Abigail Breslin','1996-09-16','New York, New York, USA');
INSERT INTO "Person" VALUES('1131138','Lori Galinski',NULL,NULL);
INSERT INTO "Person" VALUES('1196732','Saunders Triplets',NULL,NULL);
INSERT INTO "Person" VALUES('1329048','Velena Papovic',NULL,NULL);
INSERT INTO "Person" VALUES('1342727','Skandar Keynes','1991-09-05','London, England, UK');
INSERT INTO "Person" VALUES('1369391','Alima Ashton-Sheibu',NULL,NULL);
INSERT INTO "Person" VALUES('1045423','Ginnifer Goodwin','1978-05-22','Memphis, Tennessee, USA');
INSERT INTO "Person" VALUES('1315378','Kayvan Novak','1978-11-23','London, England, UK');
INSERT INTO "Person" VALUES('1470128','Tanveer K. Atwal',NULL,NULL);
INSERT INTO "Person" VALUES('1591496','Mike Colter','1976-08-26','Columbia, South Carolina, USA');
INSERT INTO "Person" VALUES('1664542','Michael Irvin','1966-03-05','Ft. Lauderdale, Florida, USA');
INSERT INTO "Person" VALUES('0002006','Thomas Haden Church','1960-06-17','El Paso, Texas, USA');
INSERT INTO "Person" VALUES('0333410','Topher Grace','1978-07-12','New York, New York, USA');
INSERT INTO "Person" VALUES('1249256','Larry The Cable Guy','1963-02-17','Pawnee City, Nebraska, USA');
INSERT INTO "Person" VALUES('0893659','Gore Verbinski','1964-03-16','Oak Ridge, Tennessee, USA');
INSERT INTO "Person" VALUES('0000205','Parker Posey','1968-11-08','Baltimore, Maryland, USA');
INSERT INTO "Person" VALUES('0005405','Seann William Scott','1976-10-03','Cottage Grove, Minnesota, USA');
INSERT INTO "Person" VALUES('0669681','Josh Peck','1986-11-10','New York, New York, USA');
INSERT INTO "Person" VALUES('0757858','Carlos Saldanha','1968-07-20','Rio de Janeiro, Rio de Janeiro, Brazil');
INSERT INTO "Person" VALUES('0843100','Wanda Sykes','1964-03-07','Portsmouth, Virginia, USA');
INSERT INTO "Person" VALUES('0000638','William Shatner','1931-03-22','Montreal, Quebec, Canada');
INSERT INTO "Person" VALUES('1151921','Jason Davis',NULL,'Pine Bluff, Arkansas, USA');
INSERT INTO "Person" VALUES('2713985','Jake Johnson','1999-01-01',NULL);
INSERT INTO "Person" VALUES('2336223','Lorrie Bess Crumley',NULL,NULL);
INSERT INTO "Person" VALUES('0001327','David Hasselhoff','1952-07-17','Baltimore, Maryland, USA');
INSERT INTO "Person" VALUES('0160988','Art Chudabala','1970-09-10','Hollywood, Los Angeles, California, USA');
INSERT INTO "Person" VALUES('1738584','Allie Mickelson',NULL,NULL);
INSERT INTO "Person" VALUES('1893372','Bronwen Coleman',NULL,NULL);
INSERT INTO "Person" VALUES('1316767','Dallas Roberts','1970-05-10','Houston, Texas, USA');
INSERT INTO "Person" VALUES('0906756','Amr Waked',NULL,NULL);
INSERT INTO "Person" VALUES('0942482','Jeffrey Wright','1965-12-07','Washington, District of Columbia, USA');
INSERT INTO "Person" VALUES('0468003','Hubert Kounde','1970-12-30',NULL);
INSERT INTO "Person" VALUES('0404111','Danny Huston','1962-05-14','Rome, Italy');
INSERT INTO "Person" VALUES('1597084','Daniele Harford',NULL,NULL);
INSERT INTO "Person" VALUES('0686502','Valerie Planche',NULL,NULL);
INSERT INTO "Person" VALUES('1345143','David Trimble',NULL,NULL);
INSERT INTO "Person" VALUES('0001082','Billy Crudup','1968-07-08','Manhasset, New York, USA');
INSERT INTO "Person" VALUES('1157358','Michelle Monaghan','1976-03-23','Winthrop, Iowa, USA');
INSERT INTO "Person" VALUES('0588087','Chris Miller',NULL,NULL);
INSERT INTO "Person" VALUES('2144593','Jason Boyd',NULL,NULL);
INSERT INTO "Person" VALUES('2178650','Richard Macklin',NULL,NULL);
INSERT INTO "Person" VALUES('0946734','David Yates','1963-01-01','St. Helens, Merseyside, England, UK');
INSERT INTO "Person" VALUES('0001303','Carla Gugino','1971-08-29','Sarasota, Florida, USA');
INSERT INTO "Person" VALUES('0167850','Bill Cobbs','1935-06-16','Cleveland, Ohio, USA');
INSERT INTO "Person" VALUES('0000657','David Strathairn','1949-01-26','San Francisco, California, USA');
INSERT INTO "Person" VALUES('0175916','Paddy Considine','1974-09-05','Burton-on-Trent, Staffordshire, England, UK');
INSERT INTO "Person" VALUES('0652663','Patton Oswalt','1969-01-27','Portsmouth, Virginia, USA');
INSERT INTO "Person" VALUES('0000453','Ian Holm','1931-09-12','Goodmayes, Essex, England, UK');
INSERT INTO "Person" VALUES('0738918','Lou Romano','1972-04-15',NULL);
INSERT INTO "Person" VALUES('0812307','Peter Sohn',NULL,NULL);
INSERT INTO "Person" VALUES('0016141','Carlos Alazraqui','1962-07-20','Sacramento, California, USA');
INSERT INTO "Person" VALUES('0101603','Lombardo Boyar','1973-12-01','El Paso, Texas, USA');
INSERT INTO "Person" VALUES('0305261','Jeffrey Garcia',NULL,'La Puente, California, USA');
INSERT INTO "Person" VALUES('1146844','Johnny A. Sanchez',NULL,NULL);
INSERT INTO "Person" VALUES('0004306','George Miller','1945-03-03','Chinchilla, Queensland, Australia');
INSERT INTO "Person" VALUES('0144657','Dan Castellaneta','1957-10-29','Chicago, Illinois, USA');
INSERT INTO "Person" VALUES('0001413','Julie Kavner','1950-09-07','Los Angeles, California, USA');
INSERT INTO "Person" VALUES('0004813','Nancy Cartwright','1957-10-25','Kettering, Ohio, USA');
INSERT INTO "Person" VALUES('0810379','Yeardley Smith','1964-07-03','Paris, France');
INSERT INTO "Person" VALUES('0790434','Harry Shearer','1943-12-23','Los Angeles, California, USA');
INSERT INTO "Person" VALUES('0798899','David Silverman','1957-03-15','New York, New York, USA');
INSERT INTO "Person" VALUES('1200692','Eva Green','1980-07-05','Paris, France');
INSERT INTO "Person" VALUES('0586568','Mads Mikkelsen','1965-11-22','Copenhagen, Denmark');
INSERT INTO "Person" VALUES('0132709','Martin Campbell','1940-10-24','Hastings, New Zealand');
INSERT INTO "Person" VALUES('1535523','Jaden Smith','1998-07-08','Los Angeles, California, USA');
INSERT INTO "Person" VALUES('0628601','Thandie Newton','1972-11-06','London, England, UK');
INSERT INTO "Person" VALUES('0397788','Brian Howe',NULL,NULL);
INSERT INTO "Person" VALUES('0439170','James Karen','1923-11-28','Wilkes Barre, Pennsylvania, USA');
INSERT INTO "Person" VALUES('0610831','Gabriele Muccino','1967-05-20','Rome, Italy');
INSERT INTO "Person" VALUES('0479471','Shia LaBeouf','1986-06-11','Los Angeles, California, USA');
INSERT INTO "Person" VALUES('1083271','Megan Fox','1986-05-16','Rockwood, Tennessee, USA');
INSERT INTO "Person" VALUES('0241049','Josh Duhamel','1972-11-14','Minot, North Dakota, USA');
INSERT INTO "Person" VALUES('0879085','Tyrese Gibson','1978-12-30','Watts Quarters, Los Angeles, California, USA');
INSERT INTO "Person" VALUES('1592225','Rachael Taylor','1984-07-11','Launceston, Tasmania, Australia');
INSERT INTO "Person" VALUES('0124930','Gerard Butler','1969-11-13','Glasgow, Scotland, UK');
INSERT INTO "Person" VALUES('0372176','Lena Headey','1973-10-03','Bermuda');
INSERT INTO "Person" VALUES('0922035','Dominic West','1969-10-15','Sheffield, Yorkshire, England, UK');
INSERT INTO "Person" VALUES('0920992','David Wenham','1965-09-21','Marrickville, Sydney, New South Wales, Australia');
INSERT INTO "Person" VALUES('0716490','Vincent Regan','1965-05-16','Swansea, Wales, UK');
INSERT INTO "Person" VALUES('0811583','Zack Snyder','1966-03-01','Green Bay, Wisconsin, USA');
INSERT INTO "Person" VALUES('0065608','Walt Becker','1968-09-16','Hollywood, California, USA');
INSERT INTO "Person" VALUES('0736622','Seth Rogen','1982-04-15','Vancouver, British Columbia, Canada');
INSERT INTO "Person" VALUES('0001337','Katherine Heigl','1978-11-24','Washington, District of Columbia, USA');
INSERT INTO "Person" VALUES('0005182','Leslie Mann','1972-03-26','San Francisco, California, USA');
INSERT INTO "Person" VALUES('0781981','Jason Segel','1980-01-18','Los Angeles, California, USA');
INSERT INTO "Person" VALUES('0031976','Judd Apatow','1967-12-06','Syosset, New York, USA');
INSERT INTO "Person" VALUES('0564215','James McAvoy','1979-04-21','Glasgow, Scotland, UK');
INSERT INTO "Person" VALUES('0000096','Gillian Anderson','1968-08-09','Chicago, Illinois, USA');
INSERT INTO "Person" VALUES('0564402','Simon McBurney','1957-08-25','Cambridge, Cambridgeshire, England, UK');
INSERT INTO "Person" VALUES('0531817','Kevin Macdonald','1967-10-28','Glasgow, Scotland, UK');
INSERT INTO "Person" VALUES('0000545','Helen Mirren','1945-07-26','Chiswick, London, England, UK');
INSERT INTO "Person" VALUES('0421105','Alex Jennings','1957-05-10','Essex, England, UK');
INSERT INTO "Person" VALUES('0019885','Roger Allam','1953-10-26','London, England, UK');
INSERT INTO "Person" VALUES('0843401','Sylvia Syms','1934-01-06','London, England, UK');
INSERT INTO "Person" VALUES('0001241','Stephen Frears','1941-06-20','Leicester, England, UK');
INSERT INTO "Person" VALUES('0200452','Paul Dano','1984-06-19','Wilton, Connecticut, USA');
INSERT INTO "Person" VALUES('0000273','Alan Arkin','1934-03-26','New York City, New York, USA');
INSERT INTO "Person" VALUES('0206760','Jonathan Dayton','1957-07-07','Alameda County, California, USA');
INSERT INTO "Person" VALUES('1617685','Jennifer Hudson','1981-09-12','Chicago, Illinois, USA');
INSERT INTO "Person" VALUES('0174374','Bill Condon','1955-10-22','New York, New York, USA');
INSERT INTO "Person" VALUES('0001507','Cheech Marin','1946-07-13','Los Angeles, California, USA');
INSERT INTO "Person" VALUES('0631490','Bill Nighy','1949-12-12','Caterham, Surrey, England, UK');
INSERT INTO "Person" VALUES('0001173','Aaron Eckhart','1968-03-12','Cupertino, California, USA');
INSERT INTO "Person" VALUES('0000323','Michael Caine','1933-03-14','Rotherhithe, London, England, UK');
INSERT INTO "Person" VALUES('0350454','Maggie Gyllenhaal','1977-11-16','Lower East Side, New York, New York, USA');
INSERT INTO "Person" VALUES('0000375','Robert Downey Jr.','1965-04-04','New York, New York, USA');
INSERT INTO "Person" VALUES('0005024','Terrence Howard','1969-03-11','Chicago, Illinois, USA');
INSERT INTO "Person" VALUES('0004753','Leslie Bibb','1974-11-17','Bismarck, North Dakota, USA');
INSERT INTO "Person" VALUES('0935653','Ray Winstone','1957-02-19','Hackney, London, England, UK');
INSERT INTO "Person" VALUES('0103797','Alice Braga','1983-04-15','Sao Paulo, Brazil');
INSERT INTO "Person" VALUES('2253071','Charlie Tahan',NULL,NULL);
INSERT INTO "Person" VALUES('0724757','Salli Richardson','1967-11-23','Chicago, Illinois, USA');
INSERT INTO "Person" VALUES('2405238','Willow Smith','2000-10-31','Los Angeles, California, USA');
INSERT INTO "Person" VALUES('1349376','Francis Lawrence',NULL,NULL);
INSERT INTO "Person" VALUES('0000234','Charlize Theron','1975-08-07','Benoni, Gauteng, South Africa');
INSERT INTO "Person" VALUES('0000867','Jason Bateman','1969-01-14','Rye, New York, USA');
INSERT INTO "Person" VALUES('2052567','Jae Head',NULL,NULL);
INSERT INTO "Person" VALUES('0550371','Eddie Marsan','1968-01-01',NULL);
INSERT INTO "Person" VALUES('0000916','Peter Berg','1964-03-11','New York, New York, USA');
INSERT INTO "Person" VALUES('0123785','Ben Burtt','1948-07-12','Jamesville, New York, USA');
INSERT INTO "Person" VALUES('2264184','Elissa Knight',NULL,NULL);
INSERT INTO "Person" VALUES('0307531','Jeff Garlin','1962-06-05','Chicago, Illinois, USA');
INSERT INTO "Person" VALUES('0929609','Fred Willard','1939-09-18','Shaker Heights, Ohio, USA');
INSERT INTO "Person" VALUES('3050831','MacInTalk',NULL,NULL);
INSERT INTO "Person" VALUES('0004056','Andrew Stanton','1965-12-03','Boston, Massachusetts, USA');
INSERT INTO "Person" VALUES('1208167','Diane Kruger','1976-07-15','Algermissen, Lower Saxony, Germany');
INSERT INTO "Person" VALUES('0005509','Jon Turteltaub','1963-08-08','New York, New York, USA');
INSERT INTO "Person" VALUES('0189144','David Cross','1964-04-04','Atlanta, Georgia, USA');
INSERT INTO "Person" VALUES('0724460','Cameron Richardson','1979-09-11','Baton Rouge, Louisiana, USA');
INSERT INTO "Person" VALUES('0519043','Justin Long','1978-06-02','Fairfield, Connecticut, USA');
INSERT INTO "Person" VALUES('0384722','Tim Hill',NULL,NULL);
INSERT INTO "Person" VALUES('0574534','Ian McShane','1942-09-29','Blackburn, Lancashire, England, UK');
INSERT INTO "Person" VALUES('0651706','Mark Osborne',NULL,NULL);
INSERT INTO "Person" VALUES('0000993','Carol Burnett','1933-04-26','San Antonio, Texas, USA');
INSERT INTO "Person" VALUES('0004715','Will Arnett','1970-05-04','Toronto, Ontario, Canada');
INSERT INTO "Person" VALUES('0371755','Jimmy Hayward',NULL,NULL);
INSERT INTO "Person" VALUES('0000326','Kim Cattrall','1956-08-21','Liverpool, England, UK');
INSERT INTO "Person" VALUES('0004862','Kristin Davis','1965-02-23','Boulder, Colorado, USA');
INSERT INTO "Person" VALUES('0633223','Cynthia Nixon','1966-04-09','New York, New York, USA');
INSERT INTO "Person" VALUES('0636562','Chris Noth','1954-11-13','Madison, Wisconsin, USA');
INSERT INTO "Person" VALUES('0455078','Michael Patrick King','1954-09-14','Scranton, Pennsylvania, USA');
INSERT INTO "Person" VALUES('0680983','Ellen Page','1987-02-21','Halifax, Nova Scotia, Canada');
INSERT INTO "Person" VALUES('0148418','Michael Cera','1988-06-07','Brampton, Ontario, Canada');
INSERT INTO "Person" VALUES('0004950','Jennifer Garner','1972-04-17','Houston, Texas, USA');
INSERT INTO "Person" VALUES('0005049','Allison Janney','1959-11-19','Dayton, Ohio, USA');
INSERT INTO "Person" VALUES('0718646','Jason Reitman','1977-10-19','Montreal, Quebec, Canada');
INSERT INTO "Person" VALUES('1602660','Ben Barnes','1981-08-20','England, UK');
INSERT INTO "Person" VALUES('1670137','Georgie Henley','1995-07-09','Ilkley, Yorkshire, England, UK');
INSERT INTO "Person" VALUES('0011470','Andrew Adamson','1966-12-01','Auckland, New Zealand');
INSERT INTO "Person" VALUES('0760796','Hiroyuki Sanada','1960-10-12','Tokyo, Japan');
INSERT INTO "Person" VALUES('0040939','Yvan Attal','1965-01-04','Tel Aviv, Israel');
INSERT INTO "Person" VALUES('0711840','Brett Ratner','1969-03-28','Miami Beach, Florida, USA');
INSERT INTO "Person" VALUES('1086543','Amanda Seyfried','1985-12-03','Allentown, Pennsylvania, USA');
INSERT INTO "Person" VALUES('1893071','Nancy Baldwin','1956-01-07','Central Square, New York, USA');
INSERT INTO "Person" VALUES('0000147','Colin Firth','1960-09-10','Grayshott, Hampshire, England, UK');
INSERT INTO "Person" VALUES('1630273','Phyllida Lloyd','1957-06-17',NULL);
INSERT INTO "Person" VALUES('0000849','Javier Bardem','1969-03-01','Las Palmas de Gran Canaria, Gran Canaria, Canary Islands, Spain');
INSERT INTO "Person" VALUES('0000982','Josh Brolin','1968-02-12','Los Angeles, California, USA');
INSERT INTO "Person" VALUES('0000437','Woody Harrelson','1961-07-23','Midland, Texas, USA');
INSERT INTO "Person" VALUES('0531808','Kelly Macdonald','1976-02-23','Glasgow, Scotland, UK');
INSERT INTO "Person" VALUES('0001053','Ethan Coen','1957-09-21','Minneapolis, Minnesota, USA');
INSERT INTO "Person" VALUES('2872491','Martin Stringer',NULL,NULL);
INSERT INTO "Person" VALUES('2872058','Matthew Braden Stringer',NULL,NULL);
INSERT INTO "Person" VALUES('2871845','Jacob Stringer',NULL,NULL);
INSERT INTO "Person" VALUES('2872133','Joseph Mussey',NULL,NULL);
INSERT INTO "Person" VALUES('0000759','Paul Thomas Anderson','1970-06-26','Studio City, California, USA');
INSERT INTO "Person" VALUES('0182839','Marion Cotillard','1975-09-30','Paris, France');
INSERT INTO "Person" VALUES('0856500','Sylvie Testud','1971-01-17','Lyon, Rhone, France');
INSERT INTO "Person" VALUES('0339621','Pascal Greggory','1953-09-08','Paris, France');
INSERT INTO "Person" VALUES('0782561','Emmanuelle Seigner','1966-06-22','Paris, France');
INSERT INTO "Person" VALUES('0746162','Jean-Paul Rouve','1967-01-26','Dunkerque, Nord, France');
INSERT INTO "Person" VALUES('0196860','Olivier Dahan','1967-06-26','La Ciotat, Bouches-du-Rhone, France');
INSERT INTO "Person" VALUES('0001574','Michael O''Keefe','1955-04-24','Mount Vernon, New York, USA');
INSERT INTO "Person" VALUES('2796342','Danielle Skraastad',NULL,NULL);
INSERT INTO "Person" VALUES('0006904','Tony Gilroy','1956-09-11','Manhattan, New York, USA');
INSERT INTO "Person" VALUES('2917590','Elarica Gallacher','1989-08-21','London, England, UK');
INSERT INTO "Person" VALUES('2973712','Jordan Nagai','2000-02-03','Los Angeles, California, USA');
INSERT INTO "Person" VALUES('0677037','Bob Peterson','1961-01','Wooster, Ohio, USA');
INSERT INTO "Person" VALUES('0177896','Bradley Cooper','1975-01-05','Philadelphia, Pennsylvania, USA');
INSERT INTO "Person" VALUES('1159180','Ed Helms','1974-01-24','Atlanta, Georgia, USA');
INSERT INTO "Person" VALUES('0302108','Zach Galifianakis','1969-10-01','Wilkesboro, North Carolina, USA');
INSERT INTO "Person" VALUES('1517976','Chris Pine','1980-08-26','Los Angeles, California, USA');
INSERT INTO "Person" VALUES('0704270','Zachary Quinto','1977-06-02','Pittsburgh, Pennsylvania, USA');
INSERT INTO "Person" VALUES('1148186','Eunice Cho','1991-12-15','New Jersey, USA');
INSERT INTO "Person" VALUES('0228327','Karen Disher',NULL,NULL);
INSERT INTO "Person" VALUES('1616586','Harrison Fahn',NULL,NULL);
INSERT INTO "Person" VALUES('0281068','Maile Flanagan','1965-05-19','Honolulu, Hawaii, USA');
INSERT INTO "Person" VALUES('1723600','Jason Fricchione',NULL,NULL);
INSERT INTO "Person" VALUES('0829576','Kristen Stewart','1990-04-09','Los Angeles, California, USA');
INSERT INTO "Person" VALUES('1500155','Robert Pattinson','1986-05-13','London, England, UK');
INSERT INTO "Person" VALUES('0121605','Billy Burke','1966-11-25','Bellingham, Washington, USA');
INSERT INTO "Person" VALUES('2230865','Ashley Greene','1987-02-21','Jacksonville, Florida, USA');
INSERT INTO "Person" VALUES('1223023','Nikki Reed','1988-05-17','West Los Angeles, California, USA');
INSERT INTO "Person" VALUES('0000630','Liev Schreiber','1967-10-04','San Francisco, California, USA');
INSERT INTO "Person" VALUES('1443238','Will i Am','1975-03-15','Los Angeles, California, U.S.A');
INSERT INTO "Person" VALUES('1211488','Lynn Collins','1979-06-01','Texas, USA');
INSERT INTO "Person" VALUES('0010736','Amy Adams','1974-08-20','Aviano, Italy');
INSERT INTO "Person" VALUES('1385871','Olga Kurylenko','1979-11-14','Berdyansk, Ukraine');
INSERT INTO "Person" VALUES('0023832','Mathieu Amalric','1965-10-25','Neuilly-sur-Seine, Hauts-de-Seine, France');
INSERT INTO "Person" VALUES('0005351','Ryan Reynolds','1976-10-23','Vancouver, British Columbia, Canada');
INSERT INTO "Person" VALUES('0924508','Betty White','1922-01-17','Oak Park, Illinois, USA');
INSERT INTO "Person" VALUES('0651159','John Ortiz','1968-05-23','Brooklyn, New York, USA');
INSERT INTO "Person" VALUES('1542291','Christopher Carley','1978-05-31','Suffern, New York, USA');
INSERT INTO "Person" VALUES('3057402','Bee Vang','1991-11-04','Fresno, California, USA');
INSERT INTO "Person" VALUES('3115704','Ahney Her',NULL,'Lansing, Michigan, USA');
INSERT INTO "Person" VALUES('0355083','Brian Haley','1963-02-12','Seattle, Washington, USA');
INSERT INTO "Person" VALUES('1218757','Keir O''Donnell','1978-11-08','Sydney, New South Wales, Australia');
INSERT INTO "Person" VALUES('1724323','Jayma Mays','1979-07-16','Grundy, Virginia, USA');
INSERT INTO "Person" VALUES('2263115','Raini Rodriguez','1993-07-01','Bryan, Texas, USA');
INSERT INTO "Person" VALUES('1192254','Maggie Grace','1983-09-21','Columbus, Ohio, USA');
INSERT INTO "Person" VALUES('0650702','Leland Orser','1960-08-06','San Francisco, California, USA');
INSERT INTO "Person" VALUES('0340973','Jon Gries','1957-06-17','Glendale, California, USA');
INSERT INTO "Person" VALUES('0913175','David Warshofsky','1961-02-23','San Francisco, California, USA');
INSERT INTO "Person" VALUES('0015382','Adewale Akinnuoye-Agbaje','1967-08-22','Islington, London, England, UK');
INSERT INTO "Person" VALUES('0001172','Christopher Eccleston','1964-02-16','Salford, Lancashire, England, UK');
INSERT INTO "Person" VALUES('0280081','Gregory Fitoussi','1976-08-13','Paris, France');
INSERT INTO "Person" VALUES('0330687','Joseph Gordon-Levitt','1981-02-17','Los Angeles, California, USA');
INSERT INTO "Person" VALUES('1795989','Leo Howard','1997-07-13','Fallbrook, California, USA');
INSERT INTO "Person" VALUES('0386472','Emile Hirsch','1985-03-13','Palms, California, USA');
INSERT INTO "Person" VALUES('0526019','Diego Luna','1979-12-29','Mexico City, Distrito Federal, Mexico');
INSERT INTO "Person" VALUES('0354198','Jeanette Hain','1969-02-18','Munich, Germany');
INSERT INTO "Person" VALUES('1269088','David Kross','1990-07-04','Bargteheide, Schleswig Holstein, Germany');
INSERT INTO "Person" VALUES('0521443','Susanne Lothar','1960-11-15','Hamburg, Germany');
INSERT INTO "Person" VALUES('0356017','Rebecca Hall','1982-05-19','London, England, UK');
INSERT INTO "Person" VALUES('0424060','Scarlett Johansson','1984-11-22','New York City, New York, USA');
INSERT INTO "Person" VALUES('0004851','Penelope Cruz','1974-04-28','Madrid, Spain');
INSERT INTO "Person" VALUES('0919525','Christopher Evan Welch',NULL,NULL);
INSERT INTO "Person" VALUES('2353862','Dev Patel','1990-04-23','Harrow, London, England, UK');
INSERT INTO "Person" VALUES('0438463','Anil Kapoor','1959-12-24','Chembur, Maharashtra, India');
INSERT INTO "Person" VALUES('0958861','Rajendranath Zutshi',NULL,NULL);
INSERT INTO "Person" VALUES('2951768','Freida Pinto','1984-10-18','Bombay, Maharashtra, India');
INSERT INTO "Person" VALUES('0795661','Saurabh Shukla',NULL,NULL);
INSERT INTO "Person" VALUES('0230032','Pete Docter','1968-08-10','Bloomington, Minnesota, USA');
INSERT INTO "Person" VALUES('0680846','Todd Phillips','1970-12-20','Brooklyn, New York, USA');
INSERT INTO "Person" VALUES('1224299','Rob Letterman',NULL,NULL);
INSERT INTO "Person" VALUES('0970447','Conrad Vernon','1968-07-11','Lubbock, Texas, USA');
INSERT INTO "Person" VALUES('0862211','Mike Thurmeier',NULL,NULL);
INSERT INTO "Person" VALUES('0362566','Catherine Hardwicke','1955-10-21','Cameron, Texas, USA');
INSERT INTO "Person" VALUES('0569891','Tom McGrath',NULL,NULL);
INSERT INTO "Person" VALUES('0004303','Gavin Hood','1963-05-12','South Africa');
INSERT INTO "Person" VALUES('0281945','Anne Fletcher','1966-05-01','Detroit, Michigan, USA');
INSERT INTO "Person" VALUES('0510912','Justin Lin',1973,'Taipei, Taiwan');
INSERT INTO "Person" VALUES('0139867','Steve Carr',NULL,NULL);
INSERT INTO "Person" VALUES('0603628','Pierre Morel',NULL,NULL);
INSERT INTO "Person" VALUES('0000965','Danny Boyle','1956-10-20','Manchester, England, UK');
INSERT INTO "Person" VALUES('0941777','Sam Worthington','1976-08-02','Godalming, Surrey, England, UK');
INSERT INTO "Person" VALUES('0757855','Zoe Saldana','1978-06-19','New Jersey, USA');
INSERT INTO "Person" VALUES('0002332','Stephen Lang','1952-07-11','New York City, New York, USA');
INSERT INTO "Person" VALUES('0881279','Lee Unkrich','1967-08-08','Cleveland, Ohio, USA');
INSERT INTO "Person" VALUES('1985859','Mia Wasikowska','1989-10-14','Canberra, Australia');
INSERT INTO "Person" VALUES('0004266','Anne Hathaway','1982-11-12','Brooklyn, New York, USA');
INSERT INTO "Person" VALUES('0005377','Sam Rockwell','1968-11-05','Daly City, California, USA');
INSERT INTO "Person" VALUES('1210124','Taylor Lautner','1992-02-11','Grand Rapids, Michigan, USA');
INSERT INTO "Person" VALUES('1882152','Xavier Samuel','1983-12-10','Hamilton, Victoria, Australia');
INSERT INTO "Person" VALUES('0397171','Bryce Dallas Howard','1981-03-02','Los Angeles, California, USA');
INSERT INTO "Person" VALUES('1720541','David Slade','1969-09-26','UK');
INSERT INTO "Person" VALUES('0419363','Christina Jastrzembska',NULL,NULL);
INSERT INTO "Person" VALUES('0447695','Anna Kendrick','1985-08-09','Portland, Maine, USA');
INSERT INTO "Person" VALUES('0919363','Chris Weitz','1969-11-30','New York City, New York, USA');
INSERT INTO "Person" VALUES('0362766','Tom Hardy','1977-09-15','Hammersmith, London, England, UK');
INSERT INTO "Person" VALUES('0913822','Ken Watanabe','1959-10-21','Uonuma, Japan');
INSERT INTO "Person" VALUES('0005210','Tim McGraw','1967-05-01','Delhi, Louisiana, USA');
INSERT INTO "Person" VALUES('2466842','Quinton Aaron','1984-08-15','Bronx, New York City, New York, USA');
INSERT INTO "Person" VALUES('2934314','Lily Collins','1989-03-18','Guildford, Surrey, England, UK');
INSERT INTO "Person" VALUES('0359387','John Lee Hancock','1957-01-01','Longview, Texas, USA');
INSERT INTO "Person" VALUES('1258970','Russell Brand','1975-06-04','Grays, Essex, England, UK');
INSERT INTO "Person" VALUES('1853544','Pierre Coffin',NULL,NULL);
INSERT INTO "Person" VALUES('0593610','Mike Mitchell',NULL,NULL);
INSERT INTO "Person" VALUES('1157048','Zachary Levi','1980-09-29','Lake Charles, Louisiana, USA');
INSERT INTO "Person" VALUES('1693763','Matthew Gray Gubler','1980-03-09','Las Vegas, Nevada, USA');
INSERT INTO "Person" VALUES('0272401','Craig Ferguson','1962-05-17','Glasgow, Scotland, UK');
INSERT INTO "Person" VALUES('1065229','America Ferrera','1984-04-18','Los Angeles, California, USA');
INSERT INTO "Person" VALUES('1706767','Jonah Hill','1983-12-20','Los Angeles, California, USA');
INSERT INTO "Person" VALUES('0213450','Dean DeBlois','1970-06-07',NULL);
INSERT INTO "Person" VALUES('0835016','Mark Strong','1963-01-01','London, England, UK');
INSERT INTO "Person" VALUES('0005363','Guy Ritchie','1968-09-10','Hatfield, Hertfordshire, England, UK');
INSERT INTO "Person" VALUES('0378245','Taraji P. Henson','1970-09-11','Washington, District of Columbia, USA');
INSERT INTO "Person" VALUES('3924219','Wenwen Han',NULL,NULL);
INSERT INTO "Person" VALUES('0950552','Rongguang Yu','1958-01-01','Beijing, China');
INSERT INTO "Person" VALUES('0958969','Harald Zwart','1965-07-01','Netherlands');
INSERT INTO "Person" VALUES('0001605','Amanda Peet','1972-01-11','New York City, New York, USA');
INSERT INTO "Person" VALUES('0252230','Chiwetel Ejiofor','1974-07-10','Forest Gate, London, England, UK');
INSERT INTO "Person" VALUES('0002076','Jason Flemyng','1966-09-25','Putney, London, England, UK');
INSERT INTO "Person" VALUES('2605345','Gemma Arterton','1986-01-12','Gravesend, Kent, England, UK');
INSERT INTO "Person" VALUES('0504642','Louis Leterrier','1973-06-17','Paris, France');
INSERT INTO "Person" VALUES('0005450','David Spade','1964-07-22','Birmingham, Michigan, USA');
INSERT INTO "Person" VALUES('0001705','Rob Schneider','1963-10-31','San Francisco, California, USA');
INSERT INTO "Person" VALUES('0719637','Jeremy Renner','1971-01-07','Modesto, California, USA');
INSERT INTO "Person" VALUES('1107001','Anthony Mackie','1979-09-23','New Orleans, Louisiana, USA');
INSERT INTO "Person" VALUES('1310016','Brian Geraghty','1974-05-13','Toms River, New Jersey, USA');
INSERT INTO "Person" VALUES('0000941','Kathryn Bigelow','1951-11-27','San Carlos, California, USA');
INSERT INTO "Person" VALUES('0443856','James Keane','1952-09-26','Buffalo, New York, USA');
INSERT INTO "Person" VALUES('2485687','Anna Felix',NULL,NULL);
INSERT INTO "Person" VALUES('0379200','Paul Herman','1946-03-29','Brooklyn, New York, USA');
INSERT INTO "Person" VALUES('0101005','Tom Bower','1938-01-01','Denver, Colorado, USA');
INSERT INTO "Person" VALUES('0178376','Scott Cooper',NULL,NULL);
INSERT INTO "Person" VALUES('0491259','Melanie Laurent','1983-02-21','Paris, France');
INSERT INTO "Person" VALUES('0910607','Christoph Waltz','1956-10-04','Vienna, Austria');
INSERT INTO "Person" VALUES('0744834','Eli Roth','1972-04-18','Boston, Massachusetts, USA');
INSERT INTO "Person" VALUES('1055413','Michael Fassbender','1977-04-02','Heidelberg, Germany');
INSERT INTO "Person" VALUES('0000233','Quentin Tarantino','1963-03-27','Knoxville, Tennessee, USA');
INSERT INTO "Person" VALUES('2829737','Gabourey Sidibe','1983-05-06','Bedford-Stuyvesant, Brooklyn, New York City, New York, USA');
INSERT INTO "Person" VALUES('0594898','Mo''Nique','1967-12-11','Woodlawn, Maryland, USA');
INSERT INTO "Person" VALUES('1745736','Paula Patton','1975-12-05','Los Angeles, California, USA');
INSERT INTO "Person" VALUES('0001014','Mariah Carey','1969-03-27','Huntington, New York, USA');
INSERT INTO "Person" VALUES('0791868','Sherri Shepherd','1967-04-22','Chicago, Illinois, USA');
INSERT INTO "Person" VALUES('0200005','Lee Daniels','1959-12-24','Philadelphia, Pennsylvania, USA');
INSERT INTO "Person" VALUES('0145284','John Castle','1940-01-14','Croydon, Surrey, England, UK');
INSERT INTO "Person" VALUES('0856050','Nigel Terry','1945-08-15','Bristol, England, UK');
INSERT INTO "Person" VALUES('0367431','Anthony Harvey','1931-06-03','London, England, UK');
INSERT INTO "Person" VALUES('2492819','Rosie Huntington-Whiteley','1987-04-18','Plymouth, Devon, England, UK');
INSERT INTO "Person" VALUES('0421822','Ken Jeong',1969,'Greensboro, North Carolina, USA');
INSERT INTO "Person" VALUES('0573618','Kevin McNally','1956-04-27','Bristol, England, UK');
INSERT INTO "Person" VALUES('0601553','Mandy Moore','1984-04-10','Nashua, New Hampshire, USA');
INSERT INTO "Person" VALUES('0614220','Donna Murphy','1959-03-07','Corona, New York, USA');
INSERT INTO "Person" VALUES('0000579','Ron Perlman','1950-04-13','New York City, New York, USA');
INSERT INTO "Person" VALUES('0301370','M.C. Gainey','1948-01-18','Jackson, Mississippi, USA');
INSERT INTO "Person" VALUES('1977355','Nathan Greno',NULL,NULL);
INSERT INTO "Person" VALUES('0397174','Byron Howard',NULL,NULL);
INSERT INTO "Person" VALUES('0607865','Emily Mortimer','1971-12-01','London, England, UK');
INSERT INTO "Person" VALUES('0412850','Eddie Izzard','1962-02-07','Aden, Yemen');
INSERT INTO "Person" VALUES('0506977','Brad Lewis',NULL,NULL);
INSERT INTO "Person" VALUES('1165110','Chris Hemsworth','1983-08-11','Melbourne, Victoria, Australia');
INSERT INTO "Person" VALUES('2017943','Hayley Atwell','1982-04-05','London, England, UK');
INSERT INTO "Person" VALUES('1659221','Sebastian Stan','1983-08-13','Constanta, Romania');
INSERT INTO "Person" VALUES('0002653','Joe Johnston','1950-05-13','Austin, Texas, USA');
INSERT INTO "Person" VALUES('1330560','Garrett Hedlund','1984-09-03','Roseau, Minnesota, USA');
INSERT INTO "Person" VALUES('1312575','Olivia Wilde','1984-03-10','New York City, New York, USA');
INSERT INTO "Person" VALUES('0000310','Bruce Boxleitner','1950-05-12','Elgin, Illinois, USA');
INSERT INTO "Person" VALUES('0289656','James Frain','1968-03-14','Leeds, England, UK');
INSERT INTO "Person" VALUES('2676052','Joseph Kosinski','1974-05-03','USA');
INSERT INTO "Person" VALUES('0271657','Tom Felton','1987-09-22','Kensington, London, England, UK');
INSERT INTO "Person" VALUES('1012501','Rupert Wyatt','1972-10-26','England, UK');
INSERT INTO "Person" VALUES('2794962','Hailee Steinfeld','1996-12-11','California, USA');
INSERT INTO "Person" VALUES('1325419','Kristen Wiig','1973-08-22','Canandaigua, New York, USA');
INSERT INTO "Person" VALUES('0126284','Rose Byrne','1979-07-24','Balmain, Sydney, New South Wales, Australia');
INSERT INTO "Person" VALUES('0748973','Maya Rudolph','1972-07-27','Gainesville, Florida, USA');
INSERT INTO "Person" VALUES('2608689','Ellie Kemper','1980-05-02','Kansas City, Missouri, USA');
INSERT INTO "Person" VALUES('0565250','Melissa McCarthy','1970-08-26','Plainfield, Illinois, USA');
INSERT INTO "Person" VALUES('0270552','Paul Feig','1962-09-17','Royal Oak, Michigan, USA');
INSERT INTO "Person" VALUES('0950775','Jennifer Yuh',NULL,NULL);
INSERT INTO "Person" VALUES('0001394','Derek Jacobi','1938-10-22','Leytonstone, London, England, UK');
INSERT INTO "Person" VALUES('0691928','Robert Portal',1967,'England, UK');
INSERT INTO "Person" VALUES('0228960','Richard Dixon',NULL,NULL);
INSERT INTO "Person" VALUES('0393799','Tom Hooper',1972,'London, England, UK');
INSERT INTO "Person" VALUES('0005109','Mila Kunis','1983-08-14','Chernovtsy, Chernivtsi, Ukraine');
INSERT INTO "Person" VALUES('0004716','Darren Aronofsky','1969-02-12','Brooklyn, New York, USA');
INSERT INTO "Person" VALUES('0502425','Melissa Leo','1960-09-14','New York City, New York, USA');
INSERT INTO "Person" VALUES('3923953','Mickey O''Keefe',NULL,NULL);
INSERT INTO "Person" VALUES('0751102','David O. Russell','1958-08-20','New York City, New York, USA');
INSERT INTO "Person" VALUES('1089991','Tom Hiddleston','1981-02-09','Westminster, London, England, UK');
INSERT INTO "Person" VALUES('0001608','Barry Pepper','1970-04-04','Campbell River, British Columbia, Canada');
INSERT INTO "Person" VALUES('0000110','Kenneth Branagh','1960-12-10','Belfast, Northern Ireland, UK');
INSERT INTO "Person" VALUES('0749263','Mark Ruffalo','1967-11-22','Kenosha, Wisconsin, USA');
INSERT INTO "Person" VALUES('0923736','Joss Whedon','1964-06-23','New York City, New York, USA');
INSERT INTO "Person" VALUES('0001804','Stanley Tucci','1960-11-11','Peekskill, New York, USA');
INSERT INTO "Person" VALUES('2225369','Jennifer Lawrence','1990-08-15','Louisville, Kentucky, USA');
INSERT INTO "Person" VALUES('3094377','Willow Shields','2000-06-01','Albuquerque, New Mexico, USA');
INSERT INTO "Person" VALUES('2955013','Liam Hemsworth','1990-01-13','Melbourne, Victoria, Australia');
INSERT INTO "Person" VALUES('0002657','Gary Ross','1956-11-03','Los Angeles, California, USA');
INSERT INTO "Person" VALUES('0083655','Gil Birmingham','1953-07-13','San Antonio, Texas, USA');
INSERT INTO "Person" VALUES('1940449','Andrew Garfield','1983-08-20','Los Angeles, California, USA');
INSERT INTO "Person" VALUES('1297015','Emma Stone','1988-11-06','Scottsdale, Arizona, USA');
INSERT INTO "Person" VALUES('0406975','Rhys Ifans','1967-07-22','Haverfordwest, Pembrokeshire, Wales, UK');
INSERT INTO "Person" VALUES('1989536','Marc Webb','1974-08-31',NULL);
INSERT INTO "Person" VALUES('0175262','Billy Connolly','1942-11-24','Anderston, Glasgow, Scotland, UK');
INSERT INTO "Person" VALUES('0910278','Julie Walters','1950-02-22','Smethwick, West Midlands, England, UK');
INSERT INTO "Person" VALUES('0028764','Mark Andrews',NULL,NULL);
INSERT INTO "Person" VALUES('0152312','Brenda Chapman',NULL,NULL);
INSERT INTO "Person" VALUES('0532235','Seth MacFarlane','1973-10-26','Kent, Connecticut, USA');
INSERT INTO "Person" VALUES('0570364','Joel McHale','1971-11-20','Rome, Lazio, Italy');
INSERT INTO "Person" VALUES('0000610','Giovanni Ribisi','1974-12-17','Los Angeles, California, USA');
INSERT INTO "Person" VALUES('1374980','Zac Efron','1987-10-18','San Luis Obispo, California, USA');
INSERT INTO "Person" VALUES('2357847','Taylor Swift','1989-12-13','Reading, Pennsylvania, USA');
INSERT INTO "Person" VALUES('0719208','Chris Renaud',NULL,NULL);
INSERT INTO "Person" VALUES('0049633','Kyle Balda',NULL,NULL);
INSERT INTO "Person" VALUES('0670408','Simon Pegg','1970-02-14','Gloucester, Gloucestershire, England, UK');
INSERT INTO "Person" VALUES('0638824','Michael Nyqvist','1960-11-08',NULL);
INSERT INTO "Person" VALUES('0636426','Noomi Rapace','1979-12-28',NULL);
INSERT INTO "Person" VALUES('0364813','Jared Harris','1961-08-24','London, England, UK');
INSERT INTO "Person" VALUES('1318596','Jemaine Clement','1974-01-10','New Zealand');
INSERT INTO "Person" VALUES('0205626','Viola Davis','1965-08-11','Saint Matthews, South Carolina, USA');
INSERT INTO "Person" VALUES('0818055','Octavia Spencer','1970-05-25','Montgomery, Alabama, USA');
INSERT INTO "Person" VALUES('1567113','Jessica Chastain','1977-03-24','Sacramento, California, USA');
INSERT INTO "Person" VALUES('0853238','Tate Taylor',NULL,NULL);
INSERT INTO "Person" VALUES('0241121','Jean Dujardin','1972-06-19','Rueil-Malmaison, Hauts-de-Seine, France');
INSERT INTO "Person" VALUES('0067367','Berenice Bejo','1976-07-07','Buenos Aires, Argentina');
INSERT INTO "Person" VALUES('0000542','Penelope Ann Miller','1964-01-13','Los Angeles, California, USA');
INSERT INTO "Person" VALUES('0371890','Michel Hazanavicius','1967-03-29','Paris, France');
INSERT INTO "Person" VALUES('0114742','Susan Brown','1946-05-06','Bristol, England, UK');
INSERT INTO "Person" VALUES('1927126','Alice da Cunha',NULL,NULL);
INSERT INTO "Person" VALUES('3564817','Phoebe Waller-Bridge',NULL,NULL);
INSERT INTO "Person" VALUES('0502097','Kai Lennox',NULL,NULL);
INSERT INTO "Person" VALUES('0590122','Mike Mills',1966,'Berekley, California, USA');
INSERT INTO "Person" VALUES('0000948','Shane Black','1961-12-16','Pittsburgh, Pennsylvania, USA');
INSERT INTO "Person" VALUES('0000973','Benjamin Bratt','1963-12-16','San Francisco, California, USA');
INSERT INTO "Person" VALUES('1388927','Miranda Cosgrove','1993-05-14','Los Angeles, California, USA');
INSERT INTO "Person" VALUES('0365140','Naomie Harris','1976-09-06','London, England, UK');
INSERT INTO "Person" VALUES('0293509','Martin Freeman','1971-09-08','Aldershot, Hampshire, England, UK');
INSERT INTO "Person" VALUES('0035514','Richard Armitage','1971-08-22','Leicester, Leicestershire, England, UK');
INSERT INTO "Person" VALUES('0832792','Ken Stott',1955,'Edinburgh, Scotland, UK');
INSERT INTO "Person" VALUES('0574615','Graham McTavish',1961,'Glasgow, Scotland, UK');
INSERT INTO "Person" VALUES('0004906','Peter Facinelli','1973-11-26','Queens, New York City, New York, USA');
INSERT INTO "Person" VALUES('0714147','Elizabeth Reaser','1975-06-15','Bloomfield, Michigan, USA');
INSERT INTO "Person" VALUES('0147147','Henry Cavill','1983-05-05','Jersey, Channel Islands, UK');
INSERT INTO "Person" VALUES('0788335','Michael Shannon','1974-08-07','Lexington, Kentucky, USA');
INSERT INTO "Person" VALUES('0425005','Dwayne Johnson','1972-05-02','Hayward, California, USA');
INSERT INTO "Person" VALUES('0931329','Michelle Williams','1980-09-09','Kalispell, Montana, USA');
INSERT INTO "Person" VALUES('0798971','Sarah Silverman','1970-12-01','Bedford, New Hampshire, USA');
INSERT INTO "Person" VALUES('1442113','Jack McBrayer','1973-05-27','Macon, Georgia, USA');
INSERT INTO "Person" VALUES('0601781','Rich Moore',NULL,NULL);
INSERT INTO "Person" VALUES('0001416','Catherine Keener','1959-03-23','Miami, Florida, USA');
INSERT INTO "Person" VALUES('0210320','Kirk De Micco',NULL,NULL);
INSERT INTO "Person" VALUES('0761498','Chris Sanders','1960-03-12','Colorado, USA');
INSERT INTO "Person" VALUES('0000652','James Spader','1960-02-07','Boston, Massachusetts, USA');
INSERT INTO "Person" VALUES('0186505','Bryan Cranston','1956-03-07','Canoga Park, California, USA');
INSERT INTO "Person" VALUES('0001255','Victor Garber','1949-03-16','London, Ontario, Canada');
INSERT INTO "Person" VALUES('0915865','Jacki Weaver','1947-05-25','Sydney, New South Wales, Australia');
INSERT INTO "Person" VALUES('4139037','Suraj Sharma',NULL,NULL);
INSERT INTO "Person" VALUES('0451234','Irrfan Khan','1967-01-07','Jaipur, Rajasthan, India');
INSERT INTO "Person" VALUES('4853568','Ayush Tandon',NULL,NULL);
INSERT INTO "Person" VALUES('5306953','Gautam Belur',NULL,NULL);
INSERT INTO "Person" VALUES('1300009','Adil Hussain',NULL,NULL);
INSERT INTO "Person" VALUES('0257969','Mireille Enos','1975-09-22','Houston, Texas, USA');
INSERT INTO "Person" VALUES('2020146','Daniella Kertesz',1989,'Israel');
INSERT INTO "Person" VALUES('0197647','James Badge Dale','1978-05-01','New York City, New York, USA');
INSERT INTO "Person" VALUES('0091253','Ludi Boeken',NULL,NULL);
INSERT INTO "Person" VALUES('0286975','Marc Forster','1969-11-30','Illertissen, Bavaria, Germany');
INSERT INTO "Person" VALUES('0768959','Dan Scanlon',NULL,NULL);
INSERT INTO "Person" VALUES('4425051','Jack Quaid','1992-04-24',NULL);
INSERT INTO "Person" VALUES('1193262','Taylor St. Clair',NULL,NULL);
INSERT INTO "Person" VALUES('0480808','Sandra Ellis Lafferty','1940-08-02',NULL);
INSERT INTO "Person" VALUES('0068338','Kristen Bell','1980-07-18','Huntington Woods, Michigan, USA');
INSERT INTO "Person" VALUES('0579953','Idina Menzel','1971-05-30','Syosset, New York, USA');
INSERT INTO "Person" VALUES('2676147','Jonathan Groff','1985-03-26','Lancaster, Pennsylvania, USA');
INSERT INTO "Person" VALUES('1265802','Josh Gad',NULL,NULL);
INSERT INTO "Person" VALUES('2949014','Santino Fontana',NULL,NULL);
INSERT INTO "Person" VALUES('1601644','Jennifer Lee',NULL,NULL);
INSERT INTO "Person" VALUES('0695435','Chris Pratt','1979-06-21','Virginia, Minnesota, USA');
INSERT INTO "Person" VALUES('1176985','Dave Bautista','1969-01-18','Washington, District of Columbia, USA');
INSERT INTO "Person" VALUES('0348181','James Gunn','1970-08-05','Saint Louis, Missouri, USA');
INSERT INTO "Person" VALUES('1241511','Orto Ignatiussen',NULL,NULL);
INSERT INTO "Person" VALUES('2060857','Phaldut Sharma',NULL,NULL);
INSERT INTO "Person" VALUES('0751577','Anthony Russo',NULL,NULL);
INSERT INTO "Person" VALUES('0751648','Joe Russo',NULL,NULL);
INSERT INTO "Person" VALUES('0006969','Elizabeth Banks','1974-02-10','Pittsfield, Massachusetts, USA');
INSERT INTO "Person" VALUES('1911947','Craig Berry',NULL,NULL);
INSERT INTO "Person" VALUES('1555340','Alison Brie','1982-12-29','Los Angeles County, California, USA');
INSERT INTO "Person" VALUES('0123262','David Burrows',NULL,NULL);
INSERT INTO "Person" VALUES('0520488','Phil Lord','1975-07-12','Miami, Florida, USA');
INSERT INTO "Person" VALUES('2443758','Nicola Peltz','1995-01-09','Westchester County, New York, USA');
INSERT INTO "Person" VALUES('2930503','Jack Reynor','1992-01-23','Longmont, Colorado, USA');
INSERT INTO "Person" VALUES('1102577','Elle Fanning','1998-04-09','Conyers, Georgia, USA');
INSERT INTO "Person" VALUES('1663205','Sharlto Copley','1973-11-27','Johannesburg, South Africa');
INSERT INTO "Person" VALUES('0544334','Lesley Manville','1956-03-12','Brighton, East Sussex, England, UK');
INSERT INTO "Person" VALUES('0001767','Imelda Staunton','1956-01-09','London, England, UK');
INSERT INTO "Person" VALUES('0834902','Robert Stromberg',NULL,NULL);
INSERT INTO "Person" VALUES('0785227','Andy Serkis','1964-04-20','Ruislip, London, England, UK');
INSERT INTO "Person" VALUES('0164809','Jason Clarke','1969-07-17','Winton, Queensland, Australia');
INSERT INTO "Person" VALUES('0005392','Keri Russell','1976-03-23','Fountain Valley, California, USA');
INSERT INTO "Person" VALUES('1527905','Toby Kebbell','1982-07-09','Pontefract, Yorkshire, England, UK');
INSERT INTO "Person" VALUES('0716257','Matt Reeves','1966-04-27','Rockville Center, New York, USA');
INSERT INTO "Person" VALUES('0851930','Alan Taylor',1965,NULL);
INSERT INTO "Person" VALUES('2851530','Dane DeHaan','1987-02-06','Allentown, Pennsylvania, USA');
INSERT INTO "Person" VALUES('0272173','Colm Feore','1958-08-22','Boston, Massachusetts, USA');
INSERT INTO "Person" VALUES('1093951','Aaron Taylor-Johnson','1990-06-13','High Wycombe, Buckinghamshire, England, UK');
INSERT INTO "Person" VALUES('2640264','CJ Adams',NULL,NULL);
INSERT INTO "Person" VALUES('0647634','Elizabeth Olsen','1989-02-16','Sherman Oaks, California, USA');
INSERT INTO "Person" VALUES('2284484','Gareth Edwards',NULL,NULL);
INSERT INTO "Person" VALUES('0751518','Wyatt Russell','1986-07-10','Los Angeles, California, USA');
INSERT INTO "Person" VALUES('0828226','Amber Stevens','1986-10-07','Los Angeles, California, USA');
INSERT INTO "Person" VALUES('2024927','Alan Ritchson','1984-11-28','Grand Forks, North Dakota, USA');
INSERT INTO "Person" VALUES('0279720','Noel Fisher','1984-03-13','Vancouver, British Columbia, Canada');
INSERT INTO "Person" VALUES('0509448','Jonathan Liebesman','1976-09-15','Johannesburg, South Africa');
INSERT INTO "Person" VALUES('4833412','Dwight Henry',NULL,NULL);
INSERT INTO "Person" VALUES('6003176','Dickie Gravois',NULL,NULL);
INSERT INTO "Person" VALUES('0061262','Bryan Batt','1963-03-01','New Orleans, Louisiana, USA');
INSERT INTO "Person" VALUES('2588606','Steve McQueen','1969-10-09','London, England, UK');
INSERT INTO "Person" VALUES('0000190','Matthew McConaughey','1969-11-4','Uvalde, Texas, USA');
INSERT INTO "Person" VALUES('0001467','Jared Leto','1971-12-26','Bossier City, Louisiana, USA');
INSERT INTO "Person" VALUES('0641354','Denis O''Hare','1962-01-17','Kansas City, Missouri, USA');
INSERT INTO "Person" VALUES('0001872','Steve Zahn','1967-11-13','Marshall, Minnesota, USA');
INSERT INTO "Person" VALUES('0885249','Jean-Marc Valle',1963,'Montreal, Quebec, Canada');
INSERT INTO "Person" VALUES('0137516','Joy Carlin',NULL,NULL);
INSERT INTO "Person" VALUES('0176384','Richard Conti','1952-05-06','Melrose, Massachusetts, USA');
INSERT INTO "Person" VALUES('1973610','Glen Caspillo',NULL,NULL);
INSERT INTO "Person" VALUES('2143282','Lupita Nyong''o','1983-03-01','Mexico City, Distrito Federal, Mexico');
INSERT INTO "Person" VALUES('1475594','Channing Tatum','1980-04-26','Cullman, Alabama, USA');
INSERT INTO "Person" VALUES('1339223','Ty Simpkins',NULL,NULL);
INSERT INTO "Person" VALUES('1119880','Colin Trevorrow','1976-09-13','San Francisco, California, USA');
INSERT INTO "Person" VALUES('0688132','Amy Poehler','1971-09-16','Burlington, Massachusetts, USA');
INSERT INTO "Person" VALUES('0809613','Phyllis Smith','1951-07-10','Lemay, Missouri, USA');
INSERT INTO "Person" VALUES('0454236','Richard Kind','1956-11-22','Trenton, New Jersey, USA');
INSERT INTO "Person" VALUES('0352778','Bill Hader','1978-06-07','Tulsa, Oklahoma, USA');
INSERT INTO "Person" VALUES('0085400','Lewis Black','1948-08-30','Silver Spring, Maryland, USA');
INSERT INTO "Person" VALUES('0215455','Ronaldo Del Carmen','1959-12-31','Philippines');
INSERT INTO "Person" VALUES('0005458','Jason Statham','1967-07-26','Shirebrook, Derbyshire, England, UK');
INSERT INTO "Person" VALUES('1490123','James Wan','1977-02-26','Kuching, Sarawak, Malaysia');
INSERT INTO "Person" VALUES('0358316','Jon Hamm','1971-03-10','St. Louis, Missouri, USA');
INSERT INTO "Person" VALUES('0176869','Steve Coogan','1965-10-14','Middleton, Manchester, England, UK');
INSERT INTO "Person" VALUES('0272581','Rebecca Ferguson','1983-10-19','Sweden');
INSERT INTO "Person" VALUES('0003160','Christopher McQuarrie',1968,'Princeton, New Jersey, USA');
INSERT INTO "Person" VALUES('0973177','Kyle Gallner','1986-10-22','West Chester, Pennsylvania, USA');
INSERT INTO "Person" VALUES('6518675','Cole Konis',NULL,NULL);
INSERT INTO "Person" VALUES('0715314','Ben Reed','1965-05-01','Bixby, Oklahoma, USA');
INSERT INTO "Person" VALUES('0731826','Elise Robertson',NULL,NULL);
INSERT INTO "Person" VALUES('1242688','Josh Hutcherson','1992-10-12','Union, Kentucky, USA');
INSERT INTO "Person" VALUES('0012523','Scott Adsit','1965-11-26','Northbrook, Illinois, USA');
INSERT INTO "Person" VALUES('3994407','Ryan Potter',NULL,'Portland, Oregon, USA');
INSERT INTO "Person" VALUES('2024644','Daniel Henney','1979-11-28','USA');
INSERT INTO "Person" VALUES('2554352','T.J. Miller','1981-06-04','Denver, Colorado, USA');
INSERT INTO "Person" VALUES('1512166','Jamie Chung','1983-04-10','San Francisco, California, USA');
INSERT INTO "Person" VALUES('2320658','Don Hall',NULL,NULL);
INSERT INTO "Person" VALUES('0930261','Chris Williams',NULL,NULL);
INSERT INTO "Person" VALUES('3237775','Mackenzie Foy','2000-11-10','USA');
INSERT INTO "Person" VALUES('3154303','Timothe Chalamet',NULL,NULL);
INSERT INTO "Person" VALUES('4141252','Lily James','1989-04-05','Esher, Surrey, England, UK');
INSERT INTO "Person" VALUES('0534635','Richard Madden','1986-06-18','Elderslie, Renfrewshire, Scotland, UK');
INSERT INTO "Person" VALUES('1996829','Nonso Anozie',1979,'London, England, UK');
INSERT INTO "Person" VALUES('2313103','Rebel Wilson','1980-03-02','Sydney, New South Wales, Australia');
INSERT INTO "Person" VALUES('0811242','Brittany Snow','1986-03-09','Tampa, Florida, USA');
INSERT INTO "Person" VALUES('2799457','Skylar Astin','1987-09-23','New York City, New York, USA');
INSERT INTO "Person" VALUES('2196179','Kenny Chin',NULL,NULL);
INSERT INTO "Person" VALUES('3691128','Jamahl Garrison-Lowe',NULL,NULL);
INSERT INTO "Person" VALUES('0327944','Alejandro Gonzlez Irritu','1963-08-15','Mexico City, Distrito Federal, Mexico');
INSERT INTO "Person" VALUES('1519666','Eddie Redmayne','1982-01-06','London, England, UK');
INSERT INTO "Person" VALUES('0428065','Felicity Jones','1983-10-17','Birmingham, West Midlands, England, UK');
INSERT INTO "Person" VALUES('4350114','Tom Prior',NULL,NULL);
INSERT INTO "Person" VALUES('6240141','Sophie Perry',NULL,NULL);
INSERT INTO "Person" VALUES('6887408','Finlay Wright-Stephens',NULL,NULL);
INSERT INTO "Person" VALUES('1016428','James Marsh','1963-04-30','Truro, Cornwall, England, UK');
INSERT INTO "Person" VALUES('0574460','Shane McRae','1977-07-23','Gainesville, Florida, USA');
INSERT INTO "Person" VALUES('1446060','Hunter Parrish','1987-05-13','Richmond, Virginia, USA');
INSERT INTO "Person" VALUES('0322144','Richard Glatzer','2015-03-10','Flushing, Queens, New York City, New York, USA');
INSERT INTO "Person" VALUES('0922903','Wash Westmoreland','1966-03-04','Leeds, England, UK');
INSERT INTO "Person" VALUES('1886602','Miles Teller','1987-02-20','Downingtown, Pennsylvania, USA');
INSERT INTO "Person" VALUES('0799777','J.K. Simmons','1955-01-09','Detroit, Michigan, USA');
INSERT INTO "Person" VALUES('0001663','Paul Reiser','1957-03-30','New York City, New York, USA');
INSERT INTO "Person" VALUES('2552034','Melissa Benoist','1988-10-04','Littleton, Colorado, USA');
INSERT INTO "Person" VALUES('3271473','Austin Stowell',NULL,'Kensington, Connecticut, USA');
INSERT INTO "Person" VALUES('3227090','Damien Chazelle','1985-01-19','Providence, Rhode Island, USA');
INSERT INTO "Person" VALUES('1294664','Ellar Coltrane','1994-08-27','Austin, Texas, USA');
INSERT INTO "Person" VALUES('6567391','Elijah Smith',NULL,NULL);
INSERT INTO "Person" VALUES('1085951','Lorelei Linklater','1994-05-29','San Miguel de Allende, Guanajuato, Mexico');
INSERT INTO "Person" VALUES('0697637','Steven Chester Prince',NULL,NULL);
INSERT INTO "Person" VALUES('0000500','Richard Linklater','1960-07-30','Houston, Texas, USA');